kind	name	state_code	state_name	fips
state	Alabama	AL	Alabama	01
state	Alaska	AK	Alaska	02
state	Arizona	AZ	Arizona	04
state	Arkansas	AR	Arkansas	05
state	California	CA	California	06
state	Colorado	CO	Colorado	08
state	Connecticut	CT	Connecticut	09
state	Delaware	DE	Delaware	10
state	District of Columbia	DC	District of Columbia	11
state	Florida	FL	Florida	12
state	Georgia	GA	Georgia	13
state	Hawaii	HI	Hawaii	15
state	Idaho	ID	Idaho	16
state	Illinois	IL	Illinois	17
state	Indiana	IN	Indiana	18
state	Iowa	IA	Iowa	19
state	Kansas	KS	Kansas	20
state	Kentucky	KY	Kentucky	21
state	Louisiana	LA	Louisiana	22
state	Maine	ME	Maine	23
state	Maryland	MD	Maryland	24
state	Massachusetts	MA	Massachusetts	25
state	Michigan	MI	Michigan	26
state	Minnesota	MN	Minnesota	27
state	Mississippi	MS	Mississippi	28
state	Missouri	MO	Missouri	29
state	Montana	MT	Montana	30
state	Nebraska	NE	Nebraska	31
state	Nevada	NV	Nevada	32
state	New Hampshire	NH	New Hampshire	33
state	New Jersey	NJ	New Jersey	34
state	New Mexico	NM	New Mexico	35
state	New York	NY	New York	36
state	North Carolina	NC	North Carolina	37
state	North Dakota	ND	North Dakota	38
state	Ohio	OH	Ohio	39
state	Oklahoma	OK	Oklahoma	40
state	Oregon	OR	Oregon	41
state	Pennsylvania	PA	Pennsylvania	42
state	Rhode Island	RI	Rhode Island	44
state	South Carolina	SC	South Carolina	45
state	South Dakota	SD	South Dakota	46
state	Tennessee	TN	Tennessee	47
state	Texas	TX	Texas	48
state	Utah	UT	Utah	49
state	Vermont	VT	Vermont	50
state	Virginia	VA	Virginia	51
state	Washington	WA	Washington	53
state	West Virginia	WV	West Virginia	54
state	Wisconsin	WI	Wisconsin	55
state	Wyoming	WY	Wyoming	56
county	Autauga County	AL	Alabama	01001
county	Baldwin County	AL	Alabama	01003
county	Barbour County	AL	Alabama	01005
county	Bibb County	AL	Alabama	01007
county	Blount County	AL	Alabama	01009
county	Bullock County	AL	Alabama	01011
county	Butler County	AL	Alabama	01013
county	Calhoun County	AL	Alabama	01015
county	Chambers County	AL	Alabama	01017
county	Cherokee County	AL	Alabama	01019
county	Chilton County	AL	Alabama	01021
county	Choctaw County	AL	Alabama	01023
county	Clarke County	AL	Alabama	01025
county	Clay County	AL	Alabama	01027
county	Cleburne County	AL	Alabama	01029
county	Coffee County	AL	Alabama	01031
county	Colbert County	AL	Alabama	01033
county	Conecuh County	AL	Alabama	01035
county	Coosa County	AL	Alabama	01037
county	Covington County	AL	Alabama	01039
county	Crenshaw County	AL	Alabama	01041
county	Cullman County	AL	Alabama	01043
county	Dale County	AL	Alabama	01045
county	Dallas County	AL	Alabama	01047
county	DeKalb County	AL	Alabama	01049
county	Elmore County	AL	Alabama	01051
county	Escambia County	AL	Alabama	01053
county	Etowah County	AL	Alabama	01055
county	Fayette County	AL	Alabama	01057
county	Franklin County	AL	Alabama	01059
county	Geneva County	AL	Alabama	01061
county	Greene County	AL	Alabama	01063
county	Hale County	AL	Alabama	01065
county	Henry County	AL	Alabama	01067
county	Houston County	AL	Alabama	01069
county	Jackson County	AL	Alabama	01071
county	Jefferson County	AL	Alabama	01073
county	Lamar County	AL	Alabama	01075
county	Lauderdale County	AL	Alabama	01077
county	Lawrence County	AL	Alabama	01079
county	Lee County	AL	Alabama	01081
county	Limestone County	AL	Alabama	01083
county	Lowndes County	AL	Alabama	01085
county	Macon County	AL	Alabama	01087
county	Madison County	AL	Alabama	01089
county	Marengo County	AL	Alabama	01091
county	Marion County	AL	Alabama	01093
county	Marshall County	AL	Alabama	01095
county	Mobile County	AL	Alabama	01097
county	Monroe County	AL	Alabama	01099
county	Montgomery County	AL	Alabama	01101
county	Morgan County	AL	Alabama	01103
county	Perry County	AL	Alabama	01105
county	Pickens County	AL	Alabama	01107
county	Pike County	AL	Alabama	01109
county	Randolph County	AL	Alabama	01111
county	Russell County	AL	Alabama	01113
county	St. Clair County	AL	Alabama	01115
county	Shelby County	AL	Alabama	01117
county	Sumter County	AL	Alabama	01119
county	Talladega County	AL	Alabama	01121
county	Tallapoosa County	AL	Alabama	01123
county	Tuscaloosa County	AL	Alabama	01125
county	Walker County	AL	Alabama	01127
county	Washington County	AL	Alabama	01129
county	Wilcox County	AL	Alabama	01131
county	Winston County	AL	Alabama	01133
county	Aleutians East Borough	AK	Alaska	02013
county	Aleutians West Census Area	AK	Alaska	02016
county	Anchorage Municipality	AK	Alaska	02020
county	Bethel Census Area	AK	Alaska	02050
county	Bristol Bay Borough	AK	Alaska	02060
county	Chugach Census Area	AK	Alaska	02063
county	Copper River Census Area	AK	Alaska	02066
county	Denali Borough	AK	Alaska	02068
county	Dillingham Census Area	AK	Alaska	02070
county	Fairbanks North Star Borough	AK	Alaska	02090
county	Haines Borough	AK	Alaska	02100
county	Hoonah-Angoon Census Area	AK	Alaska	02105
county	Juneau City and Borough	AK	Alaska	02110
county	Kenai Peninsula Borough	AK	Alaska	02122
county	Ketchikan Gateway Borough	AK	Alaska	02130
county	Kodiak Island Borough	AK	Alaska	02150
county	Kusilvak Census Area	AK	Alaska	02158
county	Lake and Peninsula Borough	AK	Alaska	02164
county	Matanuska-Susitna Borough	AK	Alaska	02170
county	Nome Census Area	AK	Alaska	02180
county	North Slope Borough	AK	Alaska	02185
county	Northwest Arctic Borough	AK	Alaska	02188
county	Petersburg Borough	AK	Alaska	02195
county	Prince of Wales-Hyder Census Area	AK	Alaska	02198
county	Sitka City and Borough	AK	Alaska	02220
county	Skagway Municipality	AK	Alaska	02230
county	Southeast Fairbanks Census Area	AK	Alaska	02240
county	Wrangell City and Borough	AK	Alaska	02275
county	Yakutat City and Borough	AK	Alaska	02282
county	Yukon-Koyukuk Census Area	AK	Alaska	02290
county	Apache County	AZ	Arizona	04001
county	Cochise County	AZ	Arizona	04003
county	Coconino County	AZ	Arizona	04005
county	Gila County	AZ	Arizona	04007
county	Graham County	AZ	Arizona	04009
county	Greenlee County	AZ	Arizona	04011
county	La Paz County	AZ	Arizona	04012
county	Maricopa County	AZ	Arizona	04013
county	Mohave County	AZ	Arizona	04015
county	Navajo County	AZ	Arizona	04017
county	Pima County	AZ	Arizona	04019
county	Pinal County	AZ	Arizona	04021
county	Santa Cruz County	AZ	Arizona	04023
county	Yavapai County	AZ	Arizona	04025
county	Yuma County	AZ	Arizona	04027
county	Arkansas County	AR	Arkansas	05001
county	Ashley County	AR	Arkansas	05003
county	Baxter County	AR	Arkansas	05005
county	Benton County	AR	Arkansas	05007
county	Boone County	AR	Arkansas	05009
county	Bradley County	AR	Arkansas	05011
county	Calhoun County	AR	Arkansas	05013
county	Carroll County	AR	Arkansas	05015
county	Chicot County	AR	Arkansas	05017
county	Clark County	AR	Arkansas	05019
county	Clay County	AR	Arkansas	05021
county	Cleburne County	AR	Arkansas	05023
county	Cleveland County	AR	Arkansas	05025
county	Columbia County	AR	Arkansas	05027
county	Conway County	AR	Arkansas	05029
county	Craighead County	AR	Arkansas	05031
county	Crawford County	AR	Arkansas	05033
county	Crittenden County	AR	Arkansas	05035
county	Cross County	AR	Arkansas	05037
county	Dallas County	AR	Arkansas	05039
county	Desha County	AR	Arkansas	05041
county	Drew County	AR	Arkansas	05043
county	Faulkner County	AR	Arkansas	05045
county	Franklin County	AR	Arkansas	05047
county	Fulton County	AR	Arkansas	05049
county	Garland County	AR	Arkansas	05051
county	Grant County	AR	Arkansas	05053
county	Greene County	AR	Arkansas	05055
county	Hempstead County	AR	Arkansas	05057
county	Hot Spring County	AR	Arkansas	05059
county	Howard County	AR	Arkansas	05061
county	Independence County	AR	Arkansas	05063
county	Izard County	AR	Arkansas	05065
county	Jackson County	AR	Arkansas	05067
county	Jefferson County	AR	Arkansas	05069
county	Johnson County	AR	Arkansas	05071
county	Lafayette County	AR	Arkansas	05073
county	Lawrence County	AR	Arkansas	05075
county	Lee County	AR	Arkansas	05077
county	Lincoln County	AR	Arkansas	05079
county	Little River County	AR	Arkansas	05081
county	Logan County	AR	Arkansas	05083
county	Lonoke County	AR	Arkansas	05085
county	Madison County	AR	Arkansas	05087
county	Marion County	AR	Arkansas	05089
county	Miller County	AR	Arkansas	05091
county	Mississippi County	AR	Arkansas	05093
county	Monroe County	AR	Arkansas	05095
county	Montgomery County	AR	Arkansas	05097
county	Nevada County	AR	Arkansas	05099
county	Newton County	AR	Arkansas	05101
county	Ouachita County	AR	Arkansas	05103
county	Perry County	AR	Arkansas	05105
county	Phillips County	AR	Arkansas	05107
county	Pike County	AR	Arkansas	05109
county	Poinsett County	AR	Arkansas	05111
county	Polk County	AR	Arkansas	05113
county	Pope County	AR	Arkansas	05115
county	Prairie County	AR	Arkansas	05117
county	Pulaski County	AR	Arkansas	05119
county	Randolph County	AR	Arkansas	05121
county	St. Francis County	AR	Arkansas	05123
county	Saline County	AR	Arkansas	05125
county	Scott County	AR	Arkansas	05127
county	Searcy County	AR	Arkansas	05129
county	Sebastian County	AR	Arkansas	05131
county	Sevier County	AR	Arkansas	05133
county	Sharp County	AR	Arkansas	05135
county	Stone County	AR	Arkansas	05137
county	Union County	AR	Arkansas	05139
county	Van Buren County	AR	Arkansas	05141
county	Washington County	AR	Arkansas	05143
county	White County	AR	Arkansas	05145
county	Woodruff County	AR	Arkansas	05147
county	Yell County	AR	Arkansas	05149
county	Alameda County	CA	California	06001
county	Alpine County	CA	California	06003
county	Amador County	CA	California	06005
county	Butte County	CA	California	06007
county	Calaveras County	CA	California	06009
county	Colusa County	CA	California	06011
county	Contra Costa County	CA	California	06013
county	Del Norte County	CA	California	06015
county	El Dorado County	CA	California	06017
county	Fresno County	CA	California	06019
county	Glenn County	CA	California	06021
county	Humboldt County	CA	California	06023
county	Imperial County	CA	California	06025
county	Inyo County	CA	California	06027
county	Kern County	CA	California	06029
county	Kings County	CA	California	06031
county	Lake County	CA	California	06033
county	Lassen County	CA	California	06035
county	Los Angeles County	CA	California	06037
county	Madera County	CA	California	06039
county	Marin County	CA	California	06041
county	Mariposa County	CA	California	06043
county	Mendocino County	CA	California	06045
county	Merced County	CA	California	06047
county	Modoc County	CA	California	06049
county	Mono County	CA	California	06051
county	Monterey County	CA	California	06053
county	Napa County	CA	California	06055
county	Nevada County	CA	California	06057
county	Orange County	CA	California	06059
county	Placer County	CA	California	06061
county	Plumas County	CA	California	06063
county	Riverside County	CA	California	06065
county	Sacramento County	CA	California	06067
county	San Benito County	CA	California	06069
county	San Bernardino County	CA	California	06071
county	San Diego County	CA	California	06073
county	San Francisco County	CA	California	06075
county	San Joaquin County	CA	California	06077
county	San Luis Obispo County	CA	California	06079
county	San Mateo County	CA	California	06081
county	Santa Barbara County	CA	California	06083
county	Santa Clara County	CA	California	06085
county	Santa Cruz County	CA	California	06087
county	Shasta County	CA	California	06089
county	Sierra County	CA	California	06091
county	Siskiyou County	CA	California	06093
county	Solano County	CA	California	06095
county	Sonoma County	CA	California	06097
county	Stanislaus County	CA	California	06099
county	Sutter County	CA	California	06101
county	Tehama County	CA	California	06103
county	Trinity County	CA	California	06105
county	Tulare County	CA	California	06107
county	Tuolumne County	CA	California	06109
county	Ventura County	CA	California	06111
county	Yolo County	CA	California	06113
county	Yuba County	CA	California	06115
county	Adams County	CO	Colorado	08001
county	Alamosa County	CO	Colorado	08003
county	Arapahoe County	CO	Colorado	08005
county	Archuleta County	CO	Colorado	08007
county	Baca County	CO	Colorado	08009
county	Bent County	CO	Colorado	08011
county	Boulder County	CO	Colorado	08013
county	Broomfield County	CO	Colorado	08014
county	Chaffee County	CO	Colorado	08015
county	Cheyenne County	CO	Colorado	08017
county	Clear Creek County	CO	Colorado	08019
county	Conejos County	CO	Colorado	08021
county	Costilla County	CO	Colorado	08023
county	Crowley County	CO	Colorado	08025
county	Custer County	CO	Colorado	08027
county	Delta County	CO	Colorado	08029
county	Denver County	CO	Colorado	08031
county	Dolores County	CO	Colorado	08033
county	Douglas County	CO	Colorado	08035
county	Eagle County	CO	Colorado	08037
county	Elbert County	CO	Colorado	08039
county	El Paso County	CO	Colorado	08041
county	Fremont County	CO	Colorado	08043
county	Garfield County	CO	Colorado	08045
county	Gilpin County	CO	Colorado	08047
county	Grand County	CO	Colorado	08049
county	Gunnison County	CO	Colorado	08051
county	Hinsdale County	CO	Colorado	08053
county	Huerfano County	CO	Colorado	08055
county	Jackson County	CO	Colorado	08057
county	Jefferson County	CO	Colorado	08059
county	Kiowa County	CO	Colorado	08061
county	Kit Carson County	CO	Colorado	08063
county	Lake County	CO	Colorado	08065
county	La Plata County	CO	Colorado	08067
county	Larimer County	CO	Colorado	08069
county	Las Animas County	CO	Colorado	08071
county	Lincoln County	CO	Colorado	08073
county	Logan County	CO	Colorado	08075
county	Mesa County	CO	Colorado	08077
county	Mineral County	CO	Colorado	08079
county	Moffat County	CO	Colorado	08081
county	Montezuma County	CO	Colorado	08083
county	Montrose County	CO	Colorado	08085
county	Morgan County	CO	Colorado	08087
county	Otero County	CO	Colorado	08089
county	Ouray County	CO	Colorado	08091
county	Park County	CO	Colorado	08093
county	Phillips County	CO	Colorado	08095
county	Pitkin County	CO	Colorado	08097
county	Prowers County	CO	Colorado	08099
county	Pueblo County	CO	Colorado	08101
county	Rio Blanco County	CO	Colorado	08103
county	Rio Grande County	CO	Colorado	08105
county	Routt County	CO	Colorado	08107
county	Saguache County	CO	Colorado	08109
county	San Juan County	CO	Colorado	08111
county	San Miguel County	CO	Colorado	08113
county	Sedgwick County	CO	Colorado	08115
county	Summit County	CO	Colorado	08117
county	Teller County	CO	Colorado	08119
county	Washington County	CO	Colorado	08121
county	Weld County	CO	Colorado	08123
county	Yuma County	CO	Colorado	08125
county	Fairfield County	CT	Connecticut	09001
county	Hartford County	CT	Connecticut	09003
county	Litchfield County	CT	Connecticut	09005
county	Middlesex County	CT	Connecticut	09007
county	New Haven County	CT	Connecticut	09009
county	New London County	CT	Connecticut	09011
county	Tolland County	CT	Connecticut	09013
county	Windham County	CT	Connecticut	09015
county	Kent County	DE	Delaware	10001
county	New Castle County	DE	Delaware	10003
county	Sussex County	DE	Delaware	10005
county	District of Columbia	DC	District of Columbia	11001
county	Alachua County	FL	Florida	12001
county	Baker County	FL	Florida	12003
county	Bay County	FL	Florida	12005
county	Bradford County	FL	Florida	12007
county	Brevard County	FL	Florida	12009
county	Broward County	FL	Florida	12011
county	Calhoun County	FL	Florida	12013
county	Charlotte County	FL	Florida	12015
county	Citrus County	FL	Florida	12017
county	Clay County	FL	Florida	12019
county	Collier County	FL	Florida	12021
county	Columbia County	FL	Florida	12023
county	DeSoto County	FL	Florida	12027
county	Dixie County	FL	Florida	12029
county	Duval County	FL	Florida	12031
county	Escambia County	FL	Florida	12033
county	Flagler County	FL	Florida	12035
county	Franklin County	FL	Florida	12037
county	Gadsden County	FL	Florida	12039
county	Gilchrist County	FL	Florida	12041
county	Glades County	FL	Florida	12043
county	Gulf County	FL	Florida	12045
county	Hamilton County	FL	Florida	12047
county	Hardee County	FL	Florida	12049
county	Hendry County	FL	Florida	12051
county	Hernando County	FL	Florida	12053
county	Highlands County	FL	Florida	12055
county	Hillsborough County	FL	Florida	12057
county	Holmes County	FL	Florida	12059
county	Indian River County	FL	Florida	12061
county	Jackson County	FL	Florida	12063
county	Jefferson County	FL	Florida	12065
county	Lafayette County	FL	Florida	12067
county	Lake County	FL	Florida	12069
county	Lee County	FL	Florida	12071
county	Leon County	FL	Florida	12073
county	Levy County	FL	Florida	12075
county	Liberty County	FL	Florida	12077
county	Madison County	FL	Florida	12079
county	Manatee County	FL	Florida	12081
county	Marion County	FL	Florida	12083
county	Martin County	FL	Florida	12085
county	Miami-Dade County	FL	Florida	12086
county	Monroe County	FL	Florida	12087
county	Nassau County	FL	Florida	12089
county	Okaloosa County	FL	Florida	12091
county	Okeechobee County	FL	Florida	12093
county	Orange County	FL	Florida	12095
county	Osceola County	FL	Florida	12097
county	Palm Beach County	FL	Florida	12099
county	Pasco County	FL	Florida	12101
county	Pinellas County	FL	Florida	12103
county	Polk County	FL	Florida	12105
county	Putnam County	FL	Florida	12107
county	St. Johns County	FL	Florida	12109
county	St. Lucie County	FL	Florida	12111
county	Santa Rosa County	FL	Florida	12113
county	Sarasota County	FL	Florida	12115
county	Seminole County	FL	Florida	12117
county	Sumter County	FL	Florida	12119
county	Suwannee County	FL	Florida	12121
county	Taylor County	FL	Florida	12123
county	Union County	FL	Florida	12125
county	Volusia County	FL	Florida	12127
county	Wakulla County	FL	Florida	12129
county	Walton County	FL	Florida	12131
county	Washington County	FL	Florida	12133
county	Appling County	GA	Georgia	13001
county	Atkinson County	GA	Georgia	13003
county	Bacon County	GA	Georgia	13005
county	Baker County	GA	Georgia	13007
county	Baldwin County	GA	Georgia	13009
county	Banks County	GA	Georgia	13011
county	Barrow County	GA	Georgia	13013
county	Bartow County	GA	Georgia	13015
county	Ben Hill County	GA	Georgia	13017
county	Berrien County	GA	Georgia	13019
county	Bibb County	GA	Georgia	13021
county	Bleckley County	GA	Georgia	13023
county	Brantley County	GA	Georgia	13025
county	Brooks County	GA	Georgia	13027
county	Bryan County	GA	Georgia	13029
county	Bulloch County	GA	Georgia	13031
county	Burke County	GA	Georgia	13033
county	Butts County	GA	Georgia	13035
county	Calhoun County	GA	Georgia	13037
county	Camden County	GA	Georgia	13039
county	Candler County	GA	Georgia	13043
county	Carroll County	GA	Georgia	13045
county	Catoosa County	GA	Georgia	13047
county	Charlton County	GA	Georgia	13049
county	Chatham County	GA	Georgia	13051
county	Chattahoochee County	GA	Georgia	13053
county	Chattooga County	GA	Georgia	13055
county	Cherokee County	GA	Georgia	13057
county	Clarke County	GA	Georgia	13059
county	Clay County	GA	Georgia	13061
county	Clayton County	GA	Georgia	13063
county	Clinch County	GA	Georgia	13065
county	Cobb County	GA	Georgia	13067
county	Coffee County	GA	Georgia	13069
county	Colquitt County	GA	Georgia	13071
county	Columbia County	GA	Georgia	13073
county	Cook County	GA	Georgia	13075
county	Coweta County	GA	Georgia	13077
county	Crawford County	GA	Georgia	13079
county	Crisp County	GA	Georgia	13081
county	Dade County	GA	Georgia	13083
county	Dawson County	GA	Georgia	13085
county	Decatur County	GA	Georgia	13087
county	DeKalb County	GA	Georgia	13089
county	Dodge County	GA	Georgia	13091
county	Dooly County	GA	Georgia	13093
county	Dougherty County	GA	Georgia	13095
county	Douglas County	GA	Georgia	13097
county	Early County	GA	Georgia	13099
county	Echols County	GA	Georgia	13101
county	Effingham County	GA	Georgia	13103
county	Elbert County	GA	Georgia	13105
county	Emanuel County	GA	Georgia	13107
county	Evans County	GA	Georgia	13109
county	Fannin County	GA	Georgia	13111
county	Fayette County	GA	Georgia	13113
county	Floyd County	GA	Georgia	13115
county	Forsyth County	GA	Georgia	13117
county	Franklin County	GA	Georgia	13119
county	Fulton County	GA	Georgia	13121
county	Gilmer County	GA	Georgia	13123
county	Glascock County	GA	Georgia	13125
county	Glynn County	GA	Georgia	13127
county	Gordon County	GA	Georgia	13129
county	Grady County	GA	Georgia	13131
county	Greene County	GA	Georgia	13133
county	Gwinnett County	GA	Georgia	13135
county	Habersham County	GA	Georgia	13137
county	Hall County	GA	Georgia	13139
county	Hancock County	GA	Georgia	13141
county	Haralson County	GA	Georgia	13143
county	Harris County	GA	Georgia	13145
county	Hart County	GA	Georgia	13147
county	Heard County	GA	Georgia	13149
county	Henry County	GA	Georgia	13151
county	Houston County	GA	Georgia	13153
county	Irwin County	GA	Georgia	13155
county	Jackson County	GA	Georgia	13157
county	Jasper County	GA	Georgia	13159
county	Jeff Davis County	GA	Georgia	13161
county	Jefferson County	GA	Georgia	13163
county	Jenkins County	GA	Georgia	13165
county	Johnson County	GA	Georgia	13167
county	Jones County	GA	Georgia	13169
county	Lamar County	GA	Georgia	13171
county	Lanier County	GA	Georgia	13173
county	Laurens County	GA	Georgia	13175
county	Lee County	GA	Georgia	13177
county	Liberty County	GA	Georgia	13179
county	Lincoln County	GA	Georgia	13181
county	Long County	GA	Georgia	13183
county	Lowndes County	GA	Georgia	13185
county	Lumpkin County	GA	Georgia	13187
county	McDuffie County	GA	Georgia	13189
county	McIntosh County	GA	Georgia	13191
county	Macon County	GA	Georgia	13193
county	Madison County	GA	Georgia	13195
county	Marion County	GA	Georgia	13197
county	Meriwether County	GA	Georgia	13199
county	Miller County	GA	Georgia	13201
county	Mitchell County	GA	Georgia	13205
county	Monroe County	GA	Georgia	13207
county	Montgomery County	GA	Georgia	13209
county	Morgan County	GA	Georgia	13211
county	Murray County	GA	Georgia	13213
county	Muscogee County	GA	Georgia	13215
county	Newton County	GA	Georgia	13217
county	Oconee County	GA	Georgia	13219
county	Oglethorpe County	GA	Georgia	13221
county	Paulding County	GA	Georgia	13223
county	Peach County	GA	Georgia	13225
county	Pickens County	GA	Georgia	13227
county	Pierce County	GA	Georgia	13229
county	Pike County	GA	Georgia	13231
county	Polk County	GA	Georgia	13233
county	Pulaski County	GA	Georgia	13235
county	Putnam County	GA	Georgia	13237
county	Quitman County	GA	Georgia	13239
county	Rabun County	GA	Georgia	13241
county	Randolph County	GA	Georgia	13243
county	Richmond County	GA	Georgia	13245
county	Rockdale County	GA	Georgia	13247
county	Schley County	GA	Georgia	13249
county	Screven County	GA	Georgia	13251
county	Seminole County	GA	Georgia	13253
county	Spalding County	GA	Georgia	13255
county	Stephens County	GA	Georgia	13257
county	Stewart County	GA	Georgia	13259
county	Sumter County	GA	Georgia	13261
county	Talbot County	GA	Georgia	13263
county	Taliaferro County	GA	Georgia	13265
county	Tattnall County	GA	Georgia	13267
county	Taylor County	GA	Georgia	13269
county	Telfair County	GA	Georgia	13271
county	Terrell County	GA	Georgia	13273
county	Thomas County	GA	Georgia	13275
county	Tift County	GA	Georgia	13277
county	Toombs County	GA	Georgia	13279
county	Towns County	GA	Georgia	13281
county	Treutlen County	GA	Georgia	13283
county	Troup County	GA	Georgia	13285
county	Turner County	GA	Georgia	13287
county	Twiggs County	GA	Georgia	13289
county	Union County	GA	Georgia	13291
county	Upson County	GA	Georgia	13293
county	Walker County	GA	Georgia	13295
county	Walton County	GA	Georgia	13297
county	Ware County	GA	Georgia	13299
county	Warren County	GA	Georgia	13301
county	Washington County	GA	Georgia	13303
county	Wayne County	GA	Georgia	13305
county	Webster County	GA	Georgia	13307
county	Wheeler County	GA	Georgia	13309
county	White County	GA	Georgia	13311
county	Whitfield County	GA	Georgia	13313
county	Wilcox County	GA	Georgia	13315
county	Wilkes County	GA	Georgia	13317
county	Wilkinson County	GA	Georgia	13319
county	Worth County	GA	Georgia	13321
county	Hawaii County	HI	Hawaii	15001
county	Honolulu County	HI	Hawaii	15003
county	Kalawao County	HI	Hawaii	15005
county	Kauai County	HI	Hawaii	15007
county	Maui County	HI	Hawaii	15009
county	Ada County	ID	Idaho	16001
county	Adams County	ID	Idaho	16003
county	Bannock County	ID	Idaho	16005
county	Bear Lake County	ID	Idaho	16007
county	Benewah County	ID	Idaho	16009
county	Bingham County	ID	Idaho	16011
county	Blaine County	ID	Idaho	16013
county	Boise County	ID	Idaho	16015
county	Bonner County	ID	Idaho	16017
county	Bonneville County	ID	Idaho	16019
county	Boundary County	ID	Idaho	16021
county	Butte County	ID	Idaho	16023
county	Camas County	ID	Idaho	16025
county	Canyon County	ID	Idaho	16027
county	Caribou County	ID	Idaho	16029
county	Cassia County	ID	Idaho	16031
county	Clark County	ID	Idaho	16033
county	Clearwater County	ID	Idaho	16035
county	Custer County	ID	Idaho	16037
county	Elmore County	ID	Idaho	16039
county	Franklin County	ID	Idaho	16041
county	Fremont County	ID	Idaho	16043
county	Gem County	ID	Idaho	16045
county	Gooding County	ID	Idaho	16047
county	Idaho County	ID	Idaho	16049
county	Jefferson County	ID	Idaho	16051
county	Jerome County	ID	Idaho	16053
county	Kootenai County	ID	Idaho	16055
county	Latah County	ID	Idaho	16057
county	Lemhi County	ID	Idaho	16059
county	Lewis County	ID	Idaho	16061
county	Lincoln County	ID	Idaho	16063
county	Madison County	ID	Idaho	16065
county	Minidoka County	ID	Idaho	16067
county	Nez Perce County	ID	Idaho	16069
county	Oneida County	ID	Idaho	16071
county	Owyhee County	ID	Idaho	16073
county	Payette County	ID	Idaho	16075
county	Power County	ID	Idaho	16077
county	Shoshone County	ID	Idaho	16079
county	Teton County	ID	Idaho	16081
county	Twin Falls County	ID	Idaho	16083
county	Valley County	ID	Idaho	16085
county	Washington County	ID	Idaho	16087
county	Adams County	IL	Illinois	17001
county	Alexander County	IL	Illinois	17003
county	Bond County	IL	Illinois	17005
county	Boone County	IL	Illinois	17007
county	Brown County	IL	Illinois	17009
county	Bureau County	IL	Illinois	17011
county	Calhoun County	IL	Illinois	17013
county	Carroll County	IL	Illinois	17015
county	Cass County	IL	Illinois	17017
county	Champaign County	IL	Illinois	17019
county	Christian County	IL	Illinois	17021
county	Clark County	IL	Illinois	17023
county	Clay County	IL	Illinois	17025
county	Clinton County	IL	Illinois	17027
county	Coles County	IL	Illinois	17029
county	Cook County	IL	Illinois	17031
county	Crawford County	IL	Illinois	17033
county	Cumberland County	IL	Illinois	17035
county	DeKalb County	IL	Illinois	17037
county	De Witt County	IL	Illinois	17039
county	Douglas County	IL	Illinois	17041
county	DuPage County	IL	Illinois	17043
county	Edgar County	IL	Illinois	17045
county	Edwards County	IL	Illinois	17047
county	Effingham County	IL	Illinois	17049
county	Fayette County	IL	Illinois	17051
county	Ford County	IL	Illinois	17053
county	Franklin County	IL	Illinois	17055
county	Fulton County	IL	Illinois	17057
county	Gallatin County	IL	Illinois	17059
county	Greene County	IL	Illinois	17061
county	Grundy County	IL	Illinois	17063
county	Hamilton County	IL	Illinois	17065
county	Hancock County	IL	Illinois	17067
county	Hardin County	IL	Illinois	17069
county	Henderson County	IL	Illinois	17071
county	Henry County	IL	Illinois	17073
county	Iroquois County	IL	Illinois	17075
county	Jackson County	IL	Illinois	17077
county	Jasper County	IL	Illinois	17079
county	Jefferson County	IL	Illinois	17081
county	Jersey County	IL	Illinois	17083
county	Jo Daviess County	IL	Illinois	17085
county	Johnson County	IL	Illinois	17087
county	Kane County	IL	Illinois	17089
county	Kankakee County	IL	Illinois	17091
county	Kendall County	IL	Illinois	17093
county	Knox County	IL	Illinois	17095
county	Lake County	IL	Illinois	17097
county	LaSalle County	IL	Illinois	17099
county	Lawrence County	IL	Illinois	17101
county	Lee County	IL	Illinois	17103
county	Livingston County	IL	Illinois	17105
county	Logan County	IL	Illinois	17107
county	McDonough County	IL	Illinois	17109
county	McHenry County	IL	Illinois	17111
county	McLean County	IL	Illinois	17113
county	Macon County	IL	Illinois	17115
county	Macoupin County	IL	Illinois	17117
county	Madison County	IL	Illinois	17119
county	Marion County	IL	Illinois	17121
county	Marshall County	IL	Illinois	17123
county	Mason County	IL	Illinois	17125
county	Massac County	IL	Illinois	17127
county	Menard County	IL	Illinois	17129
county	Mercer County	IL	Illinois	17131
county	Monroe County	IL	Illinois	17133
county	Montgomery County	IL	Illinois	17135
county	Morgan County	IL	Illinois	17137
county	Moultrie County	IL	Illinois	17139
county	Ogle County	IL	Illinois	17141
county	Peoria County	IL	Illinois	17143
county	Perry County	IL	Illinois	17145
county	Piatt County	IL	Illinois	17147
county	Pike County	IL	Illinois	17149
county	Pope County	IL	Illinois	17151
county	Pulaski County	IL	Illinois	17153
county	Putnam County	IL	Illinois	17155
county	Randolph County	IL	Illinois	17157
county	Richland County	IL	Illinois	17159
county	Rock Island County	IL	Illinois	17161
county	St. Clair County	IL	Illinois	17163
county	Saline County	IL	Illinois	17165
county	Sangamon County	IL	Illinois	17167
county	Schuyler County	IL	Illinois	17169
county	Scott County	IL	Illinois	17171
county	Shelby County	IL	Illinois	17173
county	Stark County	IL	Illinois	17175
county	Stephenson County	IL	Illinois	17177
county	Tazewell County	IL	Illinois	17179
county	Union County	IL	Illinois	17181
county	Vermilion County	IL	Illinois	17183
county	Wabash County	IL	Illinois	17185
county	Warren County	IL	Illinois	17187
county	Washington County	IL	Illinois	17189
county	Wayne County	IL	Illinois	17191
county	White County	IL	Illinois	17193
county	Whiteside County	IL	Illinois	17195
county	Will County	IL	Illinois	17197
county	Williamson County	IL	Illinois	17199
county	Winnebago County	IL	Illinois	17201
county	Woodford County	IL	Illinois	17203
county	Adams County	IN	Indiana	18001
county	Allen County	IN	Indiana	18003
county	Bartholomew County	IN	Indiana	18005
county	Benton County	IN	Indiana	18007
county	Blackford County	IN	Indiana	18009
county	Boone County	IN	Indiana	18011
county	Brown County	IN	Indiana	18013
county	Carroll County	IN	Indiana	18015
county	Cass County	IN	Indiana	18017
county	Clark County	IN	Indiana	18019
county	Clay County	IN	Indiana	18021
county	Clinton County	IN	Indiana	18023
county	Crawford County	IN	Indiana	18025
county	Daviess County	IN	Indiana	18027
county	Dearborn County	IN	Indiana	18029
county	Decatur County	IN	Indiana	18031
county	DeKalb County	IN	Indiana	18033
county	Delaware County	IN	Indiana	18035
county	Dubois County	IN	Indiana	18037
county	Elkhart County	IN	Indiana	18039
county	Fayette County	IN	Indiana	18041
county	Floyd County	IN	Indiana	18043
county	Fountain County	IN	Indiana	18045
county	Franklin County	IN	Indiana	18047
county	Fulton County	IN	Indiana	18049
county	Gibson County	IN	Indiana	18051
county	Grant County	IN	Indiana	18053
county	Greene County	IN	Indiana	18055
county	Hamilton County	IN	Indiana	18057
county	Hancock County	IN	Indiana	18059
county	Harrison County	IN	Indiana	18061
county	Hendricks County	IN	Indiana	18063
county	Henry County	IN	Indiana	18065
county	Howard County	IN	Indiana	18067
county	Huntington County	IN	Indiana	18069
county	Jackson County	IN	Indiana	18071
county	Jasper County	IN	Indiana	18073
county	Jay County	IN	Indiana	18075
county	Jefferson County	IN	Indiana	18077
county	Jennings County	IN	Indiana	18079
county	Johnson County	IN	Indiana	18081
county	Knox County	IN	Indiana	18083
county	Kosciusko County	IN	Indiana	18085
county	LaGrange County	IN	Indiana	18087
county	Lake County	IN	Indiana	18089
county	LaPorte County	IN	Indiana	18091
county	Lawrence County	IN	Indiana	18093
county	Madison County	IN	Indiana	18095
county	Marion County	IN	Indiana	18097
county	Marshall County	IN	Indiana	18099
county	Martin County	IN	Indiana	18101
county	Miami County	IN	Indiana	18103
county	Monroe County	IN	Indiana	18105
county	Montgomery County	IN	Indiana	18107
county	Morgan County	IN	Indiana	18109
county	Newton County	IN	Indiana	18111
county	Noble County	IN	Indiana	18113
county	Ohio County	IN	Indiana	18115
county	Orange County	IN	Indiana	18117
county	Owen County	IN	Indiana	18119
county	Parke County	IN	Indiana	18121
county	Perry County	IN	Indiana	18123
county	Pike County	IN	Indiana	18125
county	Porter County	IN	Indiana	18127
county	Posey County	IN	Indiana	18129
county	Pulaski County	IN	Indiana	18131
county	Putnam County	IN	Indiana	18133
county	Randolph County	IN	Indiana	18135
county	Ripley County	IN	Indiana	18137
county	Rush County	IN	Indiana	18139
county	St. Joseph County	IN	Indiana	18141
county	Scott County	IN	Indiana	18143
county	Shelby County	IN	Indiana	18145
county	Spencer County	IN	Indiana	18147
county	Starke County	IN	Indiana	18149
county	Steuben County	IN	Indiana	18151
county	Sullivan County	IN	Indiana	18153
county	Switzerland County	IN	Indiana	18155
county	Tippecanoe County	IN	Indiana	18157
county	Tipton County	IN	Indiana	18159
county	Union County	IN	Indiana	18161
county	Vanderburgh County	IN	Indiana	18163
county	Vermillion County	IN	Indiana	18165
county	Vigo County	IN	Indiana	18167
county	Wabash County	IN	Indiana	18169
county	Warren County	IN	Indiana	18171
county	Warrick County	IN	Indiana	18173
county	Washington County	IN	Indiana	18175
county	Wayne County	IN	Indiana	18177
county	Wells County	IN	Indiana	18179
county	White County	IN	Indiana	18181
county	Whitley County	IN	Indiana	18183
county	Adair County	IA	Iowa	19001
county	Adams County	IA	Iowa	19003
county	Allamakee County	IA	Iowa	19005
county	Appanoose County	IA	Iowa	19007
county	Audubon County	IA	Iowa	19009
county	Benton County	IA	Iowa	19011
county	Black Hawk County	IA	Iowa	19013
county	Boone County	IA	Iowa	19015
county	Bremer County	IA	Iowa	19017
county	Buchanan County	IA	Iowa	19019
county	Buena Vista County	IA	Iowa	19021
county	Butler County	IA	Iowa	19023
county	Calhoun County	IA	Iowa	19025
county	Carroll County	IA	Iowa	19027
county	Cass County	IA	Iowa	19029
county	Cedar County	IA	Iowa	19031
county	Cerro Gordo County	IA	Iowa	19033
county	Cherokee County	IA	Iowa	19035
county	Chickasaw County	IA	Iowa	19037
county	Clarke County	IA	Iowa	19039
county	Clay County	IA	Iowa	19041
county	Clayton County	IA	Iowa	19043
county	Clinton County	IA	Iowa	19045
county	Crawford County	IA	Iowa	19047
county	Dallas County	IA	Iowa	19049
county	Davis County	IA	Iowa	19051
county	Decatur County	IA	Iowa	19053
county	Delaware County	IA	Iowa	19055
county	Des Moines County	IA	Iowa	19057
county	Dickinson County	IA	Iowa	19059
county	Dubuque County	IA	Iowa	19061
county	Emmet County	IA	Iowa	19063
county	Fayette County	IA	Iowa	19065
county	Floyd County	IA	Iowa	19067
county	Franklin County	IA	Iowa	19069
county	Fremont County	IA	Iowa	19071
county	Greene County	IA	Iowa	19073
county	Grundy County	IA	Iowa	19075
county	Guthrie County	IA	Iowa	19077
county	Hamilton County	IA	Iowa	19079
county	Hancock County	IA	Iowa	19081
county	Hardin County	IA	Iowa	19083
county	Harrison County	IA	Iowa	19085
county	Henry County	IA	Iowa	19087
county	Howard County	IA	Iowa	19089
county	Humboldt County	IA	Iowa	19091
county	Ida County	IA	Iowa	19093
county	Iowa County	IA	Iowa	19095
county	Jackson County	IA	Iowa	19097
county	Jasper County	IA	Iowa	19099
county	Jefferson County	IA	Iowa	19101
county	Johnson County	IA	Iowa	19103
county	Jones County	IA	Iowa	19105
county	Keokuk County	IA	Iowa	19107
county	Kossuth County	IA	Iowa	19109
county	Lee County	IA	Iowa	19111
county	Linn County	IA	Iowa	19113
county	Louisa County	IA	Iowa	19115
county	Lucas County	IA	Iowa	19117
county	Lyon County	IA	Iowa	19119
county	Madison County	IA	Iowa	19121
county	Mahaska County	IA	Iowa	19123
county	Marion County	IA	Iowa	19125
county	Marshall County	IA	Iowa	19127
county	Mills County	IA	Iowa	19129
county	Mitchell County	IA	Iowa	19131
county	Monona County	IA	Iowa	19133
county	Monroe County	IA	Iowa	19135
county	Montgomery County	IA	Iowa	19137
county	Muscatine County	IA	Iowa	19139
county	O'Brien County	IA	Iowa	19141
county	Osceola County	IA	Iowa	19143
county	Page County	IA	Iowa	19145
county	Palo Alto County	IA	Iowa	19147
county	Plymouth County	IA	Iowa	19149
county	Pocahontas County	IA	Iowa	19151
county	Polk County	IA	Iowa	19153
county	Pottawattamie County	IA	Iowa	19155
county	Poweshiek County	IA	Iowa	19157
county	Ringgold County	IA	Iowa	19159
county	Sac County	IA	Iowa	19161
county	Scott County	IA	Iowa	19163
county	Shelby County	IA	Iowa	19165
county	Sioux County	IA	Iowa	19167
county	Story County	IA	Iowa	19169
county	Tama County	IA	Iowa	19171
county	Taylor County	IA	Iowa	19173
county	Union County	IA	Iowa	19175
county	Van Buren County	IA	Iowa	19177
county	Wapello County	IA	Iowa	19179
county	Warren County	IA	Iowa	19181
county	Washington County	IA	Iowa	19183
county	Wayne County	IA	Iowa	19185
county	Webster County	IA	Iowa	19187
county	Winnebago County	IA	Iowa	19189
county	Winneshiek County	IA	Iowa	19191
county	Woodbury County	IA	Iowa	19193
county	Worth County	IA	Iowa	19195
county	Wright County	IA	Iowa	19197
county	Allen County	KS	Kansas	20001
county	Anderson County	KS	Kansas	20003
county	Atchison County	KS	Kansas	20005
county	Barber County	KS	Kansas	20007
county	Barton County	KS	Kansas	20009
county	Bourbon County	KS	Kansas	20011
county	Brown County	KS	Kansas	20013
county	Butler County	KS	Kansas	20015
county	Chase County	KS	Kansas	20017
county	Chautauqua County	KS	Kansas	20019
county	Cherokee County	KS	Kansas	20021
county	Cheyenne County	KS	Kansas	20023
county	Clark County	KS	Kansas	20025
county	Clay County	KS	Kansas	20027
county	Cloud County	KS	Kansas	20029
county	Coffey County	KS	Kansas	20031
county	Comanche County	KS	Kansas	20033
county	Cowley County	KS	Kansas	20035
county	Crawford County	KS	Kansas	20037
county	Decatur County	KS	Kansas	20039
county	Dickinson County	KS	Kansas	20041
county	Doniphan County	KS	Kansas	20043
county	Douglas County	KS	Kansas	20045
county	Edwards County	KS	Kansas	20047
county	Elk County	KS	Kansas	20049
county	Ellis County	KS	Kansas	20051
county	Ellsworth County	KS	Kansas	20053
county	Finney County	KS	Kansas	20055
county	Ford County	KS	Kansas	20057
county	Franklin County	KS	Kansas	20059
county	Geary County	KS	Kansas	20061
county	Gove County	KS	Kansas	20063
county	Graham County	KS	Kansas	20065
county	Grant County	KS	Kansas	20067
county	Gray County	KS	Kansas	20069
county	Greeley County	KS	Kansas	20071
county	Greenwood County	KS	Kansas	20073
county	Hamilton County	KS	Kansas	20075
county	Harper County	KS	Kansas	20077
county	Harvey County	KS	Kansas	20079
county	Haskell County	KS	Kansas	20081
county	Hodgeman County	KS	Kansas	20083
county	Jackson County	KS	Kansas	20085
county	Jefferson County	KS	Kansas	20087
county	Jewell County	KS	Kansas	20089
county	Johnson County	KS	Kansas	20091
county	Kearny County	KS	Kansas	20093
county	Kingman County	KS	Kansas	20095
county	Kiowa County	KS	Kansas	20097
county	Labette County	KS	Kansas	20099
county	Lane County	KS	Kansas	20101
county	Leavenworth County	KS	Kansas	20103
county	Lincoln County	KS	Kansas	20105
county	Linn County	KS	Kansas	20107
county	Logan County	KS	Kansas	20109
county	Lyon County	KS	Kansas	20111
county	McPherson County	KS	Kansas	20113
county	Marion County	KS	Kansas	20115
county	Marshall County	KS	Kansas	20117
county	Meade County	KS	Kansas	20119
county	Miami County	KS	Kansas	20121
county	Mitchell County	KS	Kansas	20123
county	Montgomery County	KS	Kansas	20125
county	Morris County	KS	Kansas	20127
county	Morton County	KS	Kansas	20129
county	Nemaha County	KS	Kansas	20131
county	Neosho County	KS	Kansas	20133
county	Ness County	KS	Kansas	20135
county	Norton County	KS	Kansas	20137
county	Osage County	KS	Kansas	20139
county	Osborne County	KS	Kansas	20141
county	Ottawa County	KS	Kansas	20143
county	Pawnee County	KS	Kansas	20145
county	Phillips County	KS	Kansas	20147
county	Pottawatomie County	KS	Kansas	20149
county	Pratt County	KS	Kansas	20151
county	Rawlins County	KS	Kansas	20153
county	Reno County	KS	Kansas	20155
county	Republic County	KS	Kansas	20157
county	Rice County	KS	Kansas	20159
county	Riley County	KS	Kansas	20161
county	Rooks County	KS	Kansas	20163
county	Rush County	KS	Kansas	20165
county	Russell County	KS	Kansas	20167
county	Saline County	KS	Kansas	20169
county	Scott County	KS	Kansas	20171
county	Sedgwick County	KS	Kansas	20173
county	Seward County	KS	Kansas	20175
county	Shawnee County	KS	Kansas	20177
county	Sheridan County	KS	Kansas	20179
county	Sherman County	KS	Kansas	20181
county	Smith County	KS	Kansas	20183
county	Stafford County	KS	Kansas	20185
county	Stanton County	KS	Kansas	20187
county	Stevens County	KS	Kansas	20189
county	Sumner County	KS	Kansas	20191
county	Thomas County	KS	Kansas	20193
county	Trego County	KS	Kansas	20195
county	Wabaunsee County	KS	Kansas	20197
county	Wallace County	KS	Kansas	20199
county	Washington County	KS	Kansas	20201
county	Wichita County	KS	Kansas	20203
county	Wilson County	KS	Kansas	20205
county	Woodson County	KS	Kansas	20207
county	Wyandotte County	KS	Kansas	20209
county	Adair County	KY	Kentucky	21001
county	Allen County	KY	Kentucky	21003
county	Anderson County	KY	Kentucky	21005
county	Ballard County	KY	Kentucky	21007
county	Barren County	KY	Kentucky	21009
county	Bath County	KY	Kentucky	21011
county	Bell County	KY	Kentucky	21013
county	Boone County	KY	Kentucky	21015
county	Bourbon County	KY	Kentucky	21017
county	Boyd County	KY	Kentucky	21019
county	Boyle County	KY	Kentucky	21021
county	Bracken County	KY	Kentucky	21023
county	Breathitt County	KY	Kentucky	21025
county	Breckinridge County	KY	Kentucky	21027
county	Bullitt County	KY	Kentucky	21029
county	Butler County	KY	Kentucky	21031
county	Caldwell County	KY	Kentucky	21033
county	Calloway County	KY	Kentucky	21035
county	Campbell County	KY	Kentucky	21037
county	Carlisle County	KY	Kentucky	21039
county	Carroll County	KY	Kentucky	21041
county	Carter County	KY	Kentucky	21043
county	Casey County	KY	Kentucky	21045
county	Christian County	KY	Kentucky	21047
county	Clark County	KY	Kentucky	21049
county	Clay County	KY	Kentucky	21051
county	Clinton County	KY	Kentucky	21053
county	Crittenden County	KY	Kentucky	21055
county	Cumberland County	KY	Kentucky	21057
county	Daviess County	KY	Kentucky	21059
county	Edmonson County	KY	Kentucky	21061
county	Elliott County	KY	Kentucky	21063
county	Estill County	KY	Kentucky	21065
county	Fayette County	KY	Kentucky	21067
county	Fleming County	KY	Kentucky	21069
county	Floyd County	KY	Kentucky	21071
county	Franklin County	KY	Kentucky	21073
county	Fulton County	KY	Kentucky	21075
county	Gallatin County	KY	Kentucky	21077
county	Garrard County	KY	Kentucky	21079
county	Grant County	KY	Kentucky	21081
county	Graves County	KY	Kentucky	21083
county	Grayson County	KY	Kentucky	21085
county	Green County	KY	Kentucky	21087
county	Greenup County	KY	Kentucky	21089
county	Hancock County	KY	Kentucky	21091
county	Hardin County	KY	Kentucky	21093
county	Harlan County	KY	Kentucky	21095
county	Harrison County	KY	Kentucky	21097
county	Hart County	KY	Kentucky	21099
county	Henderson County	KY	Kentucky	21101
county	Henry County	KY	Kentucky	21103
county	Hickman County	KY	Kentucky	21105
county	Hopkins County	KY	Kentucky	21107
county	Jackson County	KY	Kentucky	21109
county	Jefferson County	KY	Kentucky	21111
county	Jessamine County	KY	Kentucky	21113
county	Johnson County	KY	Kentucky	21115
county	Kenton County	KY	Kentucky	21117
county	Knott County	KY	Kentucky	21119
county	Knox County	KY	Kentucky	21121
county	Larue County	KY	Kentucky	21123
county	Laurel County	KY	Kentucky	21125
county	Lawrence County	KY	Kentucky	21127
county	Lee County	KY	Kentucky	21129
county	Leslie County	KY	Kentucky	21131
county	Letcher County	KY	Kentucky	21133
county	Lewis County	KY	Kentucky	21135
county	Lincoln County	KY	Kentucky	21137
county	Livingston County	KY	Kentucky	21139
county	Logan County	KY	Kentucky	21141
county	Lyon County	KY	Kentucky	21143
county	McCracken County	KY	Kentucky	21145
county	McCreary County	KY	Kentucky	21147
county	McLean County	KY	Kentucky	21149
county	Madison County	KY	Kentucky	21151
county	Magoffin County	KY	Kentucky	21153
county	Marion County	KY	Kentucky	21155
county	Marshall County	KY	Kentucky	21157
county	Martin County	KY	Kentucky	21159
county	Mason County	KY	Kentucky	21161
county	Meade County	KY	Kentucky	21163
county	Menifee County	KY	Kentucky	21165
county	Mercer County	KY	Kentucky	21167
county	Metcalfe County	KY	Kentucky	21169
county	Monroe County	KY	Kentucky	21171
county	Montgomery County	KY	Kentucky	21173
county	Morgan County	KY	Kentucky	21175
county	Muhlenberg County	KY	Kentucky	21177
county	Nelson County	KY	Kentucky	21179
county	Nicholas County	KY	Kentucky	21181
county	Ohio County	KY	Kentucky	21183
county	Oldham County	KY	Kentucky	21185
county	Owen County	KY	Kentucky	21187
county	Owsley County	KY	Kentucky	21189
county	Pendleton County	KY	Kentucky	21191
county	Perry County	KY	Kentucky	21193
county	Pike County	KY	Kentucky	21195
county	Powell County	KY	Kentucky	21197
county	Pulaski County	KY	Kentucky	21199
county	Robertson County	KY	Kentucky	21201
county	Rockcastle County	KY	Kentucky	21203
county	Rowan County	KY	Kentucky	21205
county	Russell County	KY	Kentucky	21207
county	Scott County	KY	Kentucky	21209
county	Shelby County	KY	Kentucky	21211
county	Simpson County	KY	Kentucky	21213
county	Spencer County	KY	Kentucky	21215
county	Taylor County	KY	Kentucky	21217
county	Todd County	KY	Kentucky	21219
county	Trigg County	KY	Kentucky	21221
county	Trimble County	KY	Kentucky	21223
county	Union County	KY	Kentucky	21225
county	Warren County	KY	Kentucky	21227
county	Washington County	KY	Kentucky	21229
county	Wayne County	KY	Kentucky	21231
county	Webster County	KY	Kentucky	21233
county	Whitley County	KY	Kentucky	21235
county	Wolfe County	KY	Kentucky	21237
county	Woodford County	KY	Kentucky	21239
county	Acadia Parish	LA	Louisiana	22001
county	Allen Parish	LA	Louisiana	22003
county	Ascension Parish	LA	Louisiana	22005
county	Assumption Parish	LA	Louisiana	22007
county	Avoyelles Parish	LA	Louisiana	22009
county	Beauregard Parish	LA	Louisiana	22011
county	Bienville Parish	LA	Louisiana	22013
county	Bossier Parish	LA	Louisiana	22015
county	Caddo Parish	LA	Louisiana	22017
county	Calcasieu Parish	LA	Louisiana	22019
county	Caldwell Parish	LA	Louisiana	22021
county	Cameron Parish	LA	Louisiana	22023
county	Catahoula Parish	LA	Louisiana	22025
county	Claiborne Parish	LA	Louisiana	22027
county	Concordia Parish	LA	Louisiana	22029
county	De Soto Parish	LA	Louisiana	22031
county	East Baton Rouge Parish	LA	Louisiana	22033
county	East Carroll Parish	LA	Louisiana	22035
county	East Feliciana Parish	LA	Louisiana	22037
county	Evangeline Parish	LA	Louisiana	22039
county	Franklin Parish	LA	Louisiana	22041
county	Grant Parish	LA	Louisiana	22043
county	Iberia Parish	LA	Louisiana	22045
county	Iberville Parish	LA	Louisiana	22047
county	Jackson Parish	LA	Louisiana	22049
county	Jefferson Parish	LA	Louisiana	22051
county	Jefferson Davis Parish	LA	Louisiana	22053
county	Lafayette Parish	LA	Louisiana	22055
county	Lafourche Parish	LA	Louisiana	22057
county	LaSalle Parish	LA	Louisiana	22059
county	Lincoln Parish	LA	Louisiana	22061
county	Livingston Parish	LA	Louisiana	22063
county	Madison Parish	LA	Louisiana	22065
county	Morehouse Parish	LA	Louisiana	22067
county	Natchitoches Parish	LA	Louisiana	22069
county	Orleans Parish	LA	Louisiana	22071
county	Ouachita Parish	LA	Louisiana	22073
county	Plaquemines Parish	LA	Louisiana	22075
county	Pointe Coupee Parish	LA	Louisiana	22077
county	Rapides Parish	LA	Louisiana	22079
county	Red River Parish	LA	Louisiana	22081
county	Richland Parish	LA	Louisiana	22083
county	Sabine Parish	LA	Louisiana	22085
county	St. Bernard Parish	LA	Louisiana	22087
county	St. Charles Parish	LA	Louisiana	22089
county	St. Helena Parish	LA	Louisiana	22091
county	St. James Parish	LA	Louisiana	22093
county	St. John the Baptist Parish	LA	Louisiana	22095
county	St. Landry Parish	LA	Louisiana	22097
county	St. Martin Parish	LA	Louisiana	22099
county	St. Mary Parish	LA	Louisiana	22101
county	St. Tammany Parish	LA	Louisiana	22103
county	Tangipahoa Parish	LA	Louisiana	22105
county	Tensas Parish	LA	Louisiana	22107
county	Terrebonne Parish	LA	Louisiana	22109
county	Union Parish	LA	Louisiana	22111
county	Vermilion Parish	LA	Louisiana	22113
county	Vernon Parish	LA	Louisiana	22115
county	Washington Parish	LA	Louisiana	22117
county	Webster Parish	LA	Louisiana	22119
county	West Baton Rouge Parish	LA	Louisiana	22121
county	West Carroll Parish	LA	Louisiana	22123
county	West Feliciana Parish	LA	Louisiana	22125
county	Winn Parish	LA	Louisiana	22127
county	Androscoggin County	ME	Maine	23001
county	Aroostook County	ME	Maine	23003
county	Cumberland County	ME	Maine	23005
county	Franklin County	ME	Maine	23007
county	Hancock County	ME	Maine	23009
county	Kennebec County	ME	Maine	23011
county	Knox County	ME	Maine	23013
county	Lincoln County	ME	Maine	23015
county	Oxford County	ME	Maine	23017
county	Penobscot County	ME	Maine	23019
county	Piscataquis County	ME	Maine	23021
county	Sagadahoc County	ME	Maine	23023
county	Somerset County	ME	Maine	23025
county	Waldo County	ME	Maine	23027
county	Washington County	ME	Maine	23029
county	York County	ME	Maine	23031
county	Allegany County	MD	Maryland	24001
county	Anne Arundel County	MD	Maryland	24003
county	Baltimore County	MD	Maryland	24005
county	Calvert County	MD	Maryland	24009
county	Caroline County	MD	Maryland	24011
county	Carroll County	MD	Maryland	24013
county	Cecil County	MD	Maryland	24015
county	Charles County	MD	Maryland	24017
county	Dorchester County	MD	Maryland	24019
county	Frederick County	MD	Maryland	24021
county	Garrett County	MD	Maryland	24023
county	Harford County	MD	Maryland	24025
county	Howard County	MD	Maryland	24027
county	Kent County	MD	Maryland	24029
county	Montgomery County	MD	Maryland	24031
county	Prince George's County	MD	Maryland	24033
county	Queen Anne's County	MD	Maryland	24035
county	St. Mary's County	MD	Maryland	24037
county	Somerset County	MD	Maryland	24039
county	Talbot County	MD	Maryland	24041
county	Washington County	MD	Maryland	24043
county	Wicomico County	MD	Maryland	24045
county	Worcester County	MD	Maryland	24047
county	Baltimore city	MD	Maryland	24510
county	Barnstable County	MA	Massachusetts	25001
county	Berkshire County	MA	Massachusetts	25003
county	Bristol County	MA	Massachusetts	25005
county	Dukes County	MA	Massachusetts	25007
county	Essex County	MA	Massachusetts	25009
county	Franklin County	MA	Massachusetts	25011
county	Hampden County	MA	Massachusetts	25013
county	Hampshire County	MA	Massachusetts	25015
county	Middlesex County	MA	Massachusetts	25017
county	Nantucket County	MA	Massachusetts	25019
county	Norfolk County	MA	Massachusetts	25021
county	Plymouth County	MA	Massachusetts	25023
county	Suffolk County	MA	Massachusetts	25025
county	Worcester County	MA	Massachusetts	25027
county	Alcona County	MI	Michigan	26001
county	Alger County	MI	Michigan	26003
county	Allegan County	MI	Michigan	26005
county	Alpena County	MI	Michigan	26007
county	Antrim County	MI	Michigan	26009
county	Arenac County	MI	Michigan	26011
county	Baraga County	MI	Michigan	26013
county	Barry County	MI	Michigan	26015
county	Bay County	MI	Michigan	26017
county	Benzie County	MI	Michigan	26019
county	Berrien County	MI	Michigan	26021
county	Branch County	MI	Michigan	26023
county	Calhoun County	MI	Michigan	26025
county	Cass County	MI	Michigan	26027
county	Charlevoix County	MI	Michigan	26029
county	Cheboygan County	MI	Michigan	26031
county	Chippewa County	MI	Michigan	26033
county	Clare County	MI	Michigan	26035
county	Clinton County	MI	Michigan	26037
county	Crawford County	MI	Michigan	26039
county	Delta County	MI	Michigan	26041
county	Dickinson County	MI	Michigan	26043
county	Eaton County	MI	Michigan	26045
county	Emmet County	MI	Michigan	26047
county	Genesee County	MI	Michigan	26049
county	Gladwin County	MI	Michigan	26051
county	Gogebic County	MI	Michigan	26053
county	Grand Traverse County	MI	Michigan	26055
county	Gratiot County	MI	Michigan	26057
county	Hillsdale County	MI	Michigan	26059
county	Houghton County	MI	Michigan	26061
county	Huron County	MI	Michigan	26063
county	Ingham County	MI	Michigan	26065
county	Ionia County	MI	Michigan	26067
county	Iosco County	MI	Michigan	26069
county	Iron County	MI	Michigan	26071
county	Isabella County	MI	Michigan	26073
county	Jackson County	MI	Michigan	26075
county	Kalamazoo County	MI	Michigan	26077
county	Kalkaska County	MI	Michigan	26079
county	Kent County	MI	Michigan	26081
county	Keweenaw County	MI	Michigan	26083
county	Lake County	MI	Michigan	26085
county	Lapeer County	MI	Michigan	26087
county	Leelanau County	MI	Michigan	26089
county	Lenawee County	MI	Michigan	26091
county	Livingston County	MI	Michigan	26093
county	Luce County	MI	Michigan	26095
county	Mackinac County	MI	Michigan	26097
county	Macomb County	MI	Michigan	26099
county	Manistee County	MI	Michigan	26101
county	Marquette County	MI	Michigan	26103
county	Mason County	MI	Michigan	26105
county	Mecosta County	MI	Michigan	26107
county	Menominee County	MI	Michigan	26109
county	Midland County	MI	Michigan	26111
county	Missaukee County	MI	Michigan	26113
county	Monroe County	MI	Michigan	26115
county	Montcalm County	MI	Michigan	26117
county	Montmorency County	MI	Michigan	26119
county	Muskegon County	MI	Michigan	26121
county	Newaygo County	MI	Michigan	26123
county	Oakland County	MI	Michigan	26125
county	Oceana County	MI	Michigan	26127
county	Ogemaw County	MI	Michigan	26129
county	Ontonagon County	MI	Michigan	26131
county	Osceola County	MI	Michigan	26133
county	Oscoda County	MI	Michigan	26135
county	Otsego County	MI	Michigan	26137
county	Ottawa County	MI	Michigan	26139
county	Presque Isle County	MI	Michigan	26141
county	Roscommon County	MI	Michigan	26143
county	Saginaw County	MI	Michigan	26145
county	St. Clair County	MI	Michigan	26147
county	St. Joseph County	MI	Michigan	26149
county	Sanilac County	MI	Michigan	26151
county	Schoolcraft County	MI	Michigan	26153
county	Shiawassee County	MI	Michigan	26155
county	Tuscola County	MI	Michigan	26157
county	Van Buren County	MI	Michigan	26159
county	Washtenaw County	MI	Michigan	26161
county	Wayne County	MI	Michigan	26163
county	Wexford County	MI	Michigan	26165
county	Aitkin County	MN	Minnesota	27001
county	Anoka County	MN	Minnesota	27003
county	Becker County	MN	Minnesota	27005
county	Beltrami County	MN	Minnesota	27007
county	Benton County	MN	Minnesota	27009
county	Big Stone County	MN	Minnesota	27011
county	Blue Earth County	MN	Minnesota	27013
county	Brown County	MN	Minnesota	27015
county	Carlton County	MN	Minnesota	27017
county	Carver County	MN	Minnesota	27019
county	Cass County	MN	Minnesota	27021
county	Chippewa County	MN	Minnesota	27023
county	Chisago County	MN	Minnesota	27025
county	Clay County	MN	Minnesota	27027
county	Clearwater County	MN	Minnesota	27029
county	Cook County	MN	Minnesota	27031
county	Cottonwood County	MN	Minnesota	27033
county	Crow Wing County	MN	Minnesota	27035
county	Dakota County	MN	Minnesota	27037
county	Dodge County	MN	Minnesota	27039
county	Douglas County	MN	Minnesota	27041
county	Faribault County	MN	Minnesota	27043
county	Fillmore County	MN	Minnesota	27045
county	Freeborn County	MN	Minnesota	27047
county	Goodhue County	MN	Minnesota	27049
county	Grant County	MN	Minnesota	27051
county	Hennepin County	MN	Minnesota	27053
county	Houston County	MN	Minnesota	27055
county	Hubbard County	MN	Minnesota	27057
county	Isanti County	MN	Minnesota	27059
county	Itasca County	MN	Minnesota	27061
county	Jackson County	MN	Minnesota	27063
county	Kanabec County	MN	Minnesota	27065
county	Kandiyohi County	MN	Minnesota	27067
county	Kittson County	MN	Minnesota	27069
county	Koochiching County	MN	Minnesota	27071
county	Lac qui Parle County	MN	Minnesota	27073
county	Lake County	MN	Minnesota	27075
county	Lake of the Woods County	MN	Minnesota	27077
county	Le Sueur County	MN	Minnesota	27079
county	Lincoln County	MN	Minnesota	27081
county	Lyon County	MN	Minnesota	27083
county	McLeod County	MN	Minnesota	27085
county	Mahnomen County	MN	Minnesota	27087
county	Marshall County	MN	Minnesota	27089
county	Martin County	MN	Minnesota	27091
county	Meeker County	MN	Minnesota	27093
county	Mille Lacs County	MN	Minnesota	27095
county	Morrison County	MN	Minnesota	27097
county	Mower County	MN	Minnesota	27099
county	Murray County	MN	Minnesota	27101
county	Nicollet County	MN	Minnesota	27103
county	Nobles County	MN	Minnesota	27105
county	Norman County	MN	Minnesota	27107
county	Olmsted County	MN	Minnesota	27109
county	Otter Tail County	MN	Minnesota	27111
county	Pennington County	MN	Minnesota	27113
county	Pine County	MN	Minnesota	27115
county	Pipestone County	MN	Minnesota	27117
county	Polk County	MN	Minnesota	27119
county	Pope County	MN	Minnesota	27121
county	Ramsey County	MN	Minnesota	27123
county	Red Lake County	MN	Minnesota	27125
county	Redwood County	MN	Minnesota	27127
county	Renville County	MN	Minnesota	27129
county	Rice County	MN	Minnesota	27131
county	Rock County	MN	Minnesota	27133
county	Roseau County	MN	Minnesota	27135
county	St. Louis County	MN	Minnesota	27137
county	Scott County	MN	Minnesota	27139
county	Sherburne County	MN	Minnesota	27141
county	Sibley County	MN	Minnesota	27143
county	Stearns County	MN	Minnesota	27145
county	Steele County	MN	Minnesota	27147
county	Stevens County	MN	Minnesota	27149
county	Swift County	MN	Minnesota	27151
county	Todd County	MN	Minnesota	27153
county	Traverse County	MN	Minnesota	27155
county	Wabasha County	MN	Minnesota	27157
county	Wadena County	MN	Minnesota	27159
county	Waseca County	MN	Minnesota	27161
county	Washington County	MN	Minnesota	27163
county	Watonwan County	MN	Minnesota	27165
county	Wilkin County	MN	Minnesota	27167
county	Winona County	MN	Minnesota	27169
county	Wright County	MN	Minnesota	27171
county	Yellow Medicine County	MN	Minnesota	27173
county	Adams County	MS	Mississippi	28001
county	Alcorn County	MS	Mississippi	28003
county	Amite County	MS	Mississippi	28005
county	Attala County	MS	Mississippi	28007
county	Benton County	MS	Mississippi	28009
county	Bolivar County	MS	Mississippi	28011
county	Calhoun County	MS	Mississippi	28013
county	Carroll County	MS	Mississippi	28015
county	Chickasaw County	MS	Mississippi	28017
county	Choctaw County	MS	Mississippi	28019
county	Claiborne County	MS	Mississippi	28021
county	Clarke County	MS	Mississippi	28023
county	Clay County	MS	Mississippi	28025
county	Coahoma County	MS	Mississippi	28027
county	Copiah County	MS	Mississippi	28029
county	Covington County	MS	Mississippi	28031
county	DeSoto County	MS	Mississippi	28033
county	Forrest County	MS	Mississippi	28035
county	Franklin County	MS	Mississippi	28037
county	George County	MS	Mississippi	28039
county	Greene County	MS	Mississippi	28041
county	Grenada County	MS	Mississippi	28043
county	Hancock County	MS	Mississippi	28045
county	Harrison County	MS	Mississippi	28047
county	Hinds County	MS	Mississippi	28049
county	Holmes County	MS	Mississippi	28051
county	Humphreys County	MS	Mississippi	28053
county	Issaquena County	MS	Mississippi	28055
county	Itawamba County	MS	Mississippi	28057
county	Jackson County	MS	Mississippi	28059
county	Jasper County	MS	Mississippi	28061
county	Jefferson County	MS	Mississippi	28063
county	Jefferson Davis County	MS	Mississippi	28065
county	Jones County	MS	Mississippi	28067
county	Kemper County	MS	Mississippi	28069
county	Lafayette County	MS	Mississippi	28071
county	Lamar County	MS	Mississippi	28073
county	Lauderdale County	MS	Mississippi	28075
county	Lawrence County	MS	Mississippi	28077
county	Leake County	MS	Mississippi	28079
county	Lee County	MS	Mississippi	28081
county	Leflore County	MS	Mississippi	28083
county	Lincoln County	MS	Mississippi	28085
county	Lowndes County	MS	Mississippi	28087
county	Madison County	MS	Mississippi	28089
county	Marion County	MS	Mississippi	28091
county	Marshall County	MS	Mississippi	28093
county	Monroe County	MS	Mississippi	28095
county	Montgomery County	MS	Mississippi	28097
county	Neshoba County	MS	Mississippi	28099
county	Newton County	MS	Mississippi	28101
county	Noxubee County	MS	Mississippi	28103
county	Oktibbeha County	MS	Mississippi	28105
county	Panola County	MS	Mississippi	28107
county	Pearl River County	MS	Mississippi	28109
county	Perry County	MS	Mississippi	28111
county	Pike County	MS	Mississippi	28113
county	Pontotoc County	MS	Mississippi	28115
county	Prentiss County	MS	Mississippi	28117
county	Quitman County	MS	Mississippi	28119
county	Rankin County	MS	Mississippi	28121
county	Scott County	MS	Mississippi	28123
county	Sharkey County	MS	Mississippi	28125
county	Simpson County	MS	Mississippi	28127
county	Smith County	MS	Mississippi	28129
county	Stone County	MS	Mississippi	28131
county	Sunflower County	MS	Mississippi	28133
county	Tallahatchie County	MS	Mississippi	28135
county	Tate County	MS	Mississippi	28137
county	Tippah County	MS	Mississippi	28139
county	Tishomingo County	MS	Mississippi	28141
county	Tunica County	MS	Mississippi	28143
county	Union County	MS	Mississippi	28145
county	Walthall County	MS	Mississippi	28147
county	Warren County	MS	Mississippi	28149
county	Washington County	MS	Mississippi	28151
county	Wayne County	MS	Mississippi	28153
county	Webster County	MS	Mississippi	28155
county	Wilkinson County	MS	Mississippi	28157
county	Winston County	MS	Mississippi	28159
county	Yalobusha County	MS	Mississippi	28161
county	Yazoo County	MS	Mississippi	28163
county	Adair County	MO	Missouri	29001
county	Andrew County	MO	Missouri	29003
county	Atchison County	MO	Missouri	29005
county	Audrain County	MO	Missouri	29007
county	Barry County	MO	Missouri	29009
county	Barton County	MO	Missouri	29011
county	Bates County	MO	Missouri	29013
county	Benton County	MO	Missouri	29015
county	Bollinger County	MO	Missouri	29017
county	Boone County	MO	Missouri	29019
county	Buchanan County	MO	Missouri	29021
county	Butler County	MO	Missouri	29023
county	Caldwell County	MO	Missouri	29025
county	Callaway County	MO	Missouri	29027
county	Camden County	MO	Missouri	29029
county	Cape Girardeau County	MO	Missouri	29031
county	Carroll County	MO	Missouri	29033
county	Carter County	MO	Missouri	29035
county	Cass County	MO	Missouri	29037
county	Cedar County	MO	Missouri	29039
county	Chariton County	MO	Missouri	29041
county	Christian County	MO	Missouri	29043
county	Clark County	MO	Missouri	29045
county	Clay County	MO	Missouri	29047
county	Clinton County	MO	Missouri	29049
county	Cole County	MO	Missouri	29051
county	Cooper County	MO	Missouri	29053
county	Crawford County	MO	Missouri	29055
county	Dade County	MO	Missouri	29057
county	Dallas County	MO	Missouri	29059
county	Daviess County	MO	Missouri	29061
county	DeKalb County	MO	Missouri	29063
county	Dent County	MO	Missouri	29065
county	Douglas County	MO	Missouri	29067
county	Dunklin County	MO	Missouri	29069
county	Franklin County	MO	Missouri	29071
county	Gasconade County	MO	Missouri	29073
county	Gentry County	MO	Missouri	29075
county	Greene County	MO	Missouri	29077
county	Grundy County	MO	Missouri	29079
county	Harrison County	MO	Missouri	29081
county	Henry County	MO	Missouri	29083
county	Hickory County	MO	Missouri	29085
county	Holt County	MO	Missouri	29087
county	Howard County	MO	Missouri	29089
county	Howell County	MO	Missouri	29091
county	Iron County	MO	Missouri	29093
county	Jackson County	MO	Missouri	29095
county	Jasper County	MO	Missouri	29097
county	Jefferson County	MO	Missouri	29099
county	Johnson County	MO	Missouri	29101
county	Knox County	MO	Missouri	29103
county	Laclede County	MO	Missouri	29105
county	Lafayette County	MO	Missouri	29107
county	Lawrence County	MO	Missouri	29109
county	Lewis County	MO	Missouri	29111
county	Lincoln County	MO	Missouri	29113
county	Linn County	MO	Missouri	29115
county	Livingston County	MO	Missouri	29117
county	McDonald County	MO	Missouri	29119
county	Macon County	MO	Missouri	29121
county	Madison County	MO	Missouri	29123
county	Maries County	MO	Missouri	29125
county	Marion County	MO	Missouri	29127
county	Mercer County	MO	Missouri	29129
county	Miller County	MO	Missouri	29131
county	Mississippi County	MO	Missouri	29133
county	Moniteau County	MO	Missouri	29135
county	Monroe County	MO	Missouri	29137
county	Montgomery County	MO	Missouri	29139
county	Morgan County	MO	Missouri	29141
county	New Madrid County	MO	Missouri	29143
county	Newton County	MO	Missouri	29145
county	Nodaway County	MO	Missouri	29147
county	Oregon County	MO	Missouri	29149
county	Osage County	MO	Missouri	29151
county	Ozark County	MO	Missouri	29153
county	Pemiscot County	MO	Missouri	29155
county	Perry County	MO	Missouri	29157
county	Pettis County	MO	Missouri	29159
county	Phelps County	MO	Missouri	29161
county	Pike County	MO	Missouri	29163
county	Platte County	MO	Missouri	29165
county	Polk County	MO	Missouri	29167
county	Pulaski County	MO	Missouri	29169
county	Putnam County	MO	Missouri	29171
county	Ralls County	MO	Missouri	29173
county	Randolph County	MO	Missouri	29175
county	Ray County	MO	Missouri	29177
county	Reynolds County	MO	Missouri	29179
county	Ripley County	MO	Missouri	29181
county	St. Charles County	MO	Missouri	29183
county	St. Clair County	MO	Missouri	29185
county	Ste. Genevieve County	MO	Missouri	29186
county	St. Francois County	MO	Missouri	29187
county	St. Louis County	MO	Missouri	29189
county	Saline County	MO	Missouri	29195
county	Schuyler County	MO	Missouri	29197
county	Scotland County	MO	Missouri	29199
county	Scott County	MO	Missouri	29201
county	Shannon County	MO	Missouri	29203
county	Shelby County	MO	Missouri	29205
county	Stoddard County	MO	Missouri	29207
county	Stone County	MO	Missouri	29209
county	Sullivan County	MO	Missouri	29211
county	Taney County	MO	Missouri	29213
county	Texas County	MO	Missouri	29215
county	Vernon County	MO	Missouri	29217
county	Warren County	MO	Missouri	29219
county	Washington County	MO	Missouri	29221
county	Wayne County	MO	Missouri	29223
county	Webster County	MO	Missouri	29225
county	Worth County	MO	Missouri	29227
county	Wright County	MO	Missouri	29229
county	St. Louis city	MO	Missouri	29510
county	Beaverhead County	MT	Montana	30001
county	Big Horn County	MT	Montana	30003
county	Blaine County	MT	Montana	30005
county	Broadwater County	MT	Montana	30007
county	Carbon County	MT	Montana	30009
county	Carter County	MT	Montana	30011
county	Cascade County	MT	Montana	30013
county	Chouteau County	MT	Montana	30015
county	Custer County	MT	Montana	30017
county	Daniels County	MT	Montana	30019
county	Dawson County	MT	Montana	30021
county	Deer Lodge County	MT	Montana	30023
county	Fallon County	MT	Montana	30025
county	Fergus County	MT	Montana	30027
county	Flathead County	MT	Montana	30029
county	Gallatin County	MT	Montana	30031
county	Garfield County	MT	Montana	30033
county	Glacier County	MT	Montana	30035
county	Golden Valley County	MT	Montana	30037
county	Granite County	MT	Montana	30039
county	Hill County	MT	Montana	30041
county	Jefferson County	MT	Montana	30043
county	Judith Basin County	MT	Montana	30045
county	Lake County	MT	Montana	30047
county	Lewis and Clark County	MT	Montana	30049
county	Liberty County	MT	Montana	30051
county	Lincoln County	MT	Montana	30053
county	McCone County	MT	Montana	30055
county	Madison County	MT	Montana	30057
county	Meagher County	MT	Montana	30059
county	Mineral County	MT	Montana	30061
county	Missoula County	MT	Montana	30063
county	Musselshell County	MT	Montana	30065
county	Park County	MT	Montana	30067
county	Petroleum County	MT	Montana	30069
county	Phillips County	MT	Montana	30071
county	Pondera County	MT	Montana	30073
county	Powder River County	MT	Montana	30075
county	Powell County	MT	Montana	30077
county	Prairie County	MT	Montana	30079
county	Ravalli County	MT	Montana	30081
county	Richland County	MT	Montana	30083
county	Roosevelt County	MT	Montana	30085
county	Rosebud County	MT	Montana	30087
county	Sanders County	MT	Montana	30089
county	Sheridan County	MT	Montana	30091
county	Silver Bow County	MT	Montana	30093
county	Stillwater County	MT	Montana	30095
county	Sweet Grass County	MT	Montana	30097
county	Teton County	MT	Montana	30099
county	Toole County	MT	Montana	30101
county	Treasure County	MT	Montana	30103
county	Valley County	MT	Montana	30105
county	Wheatland County	MT	Montana	30107
county	Wibaux County	MT	Montana	30109
county	Yellowstone County	MT	Montana	30111
county	Adams County	NE	Nebraska	31001
county	Antelope County	NE	Nebraska	31003
county	Arthur County	NE	Nebraska	31005
county	Banner County	NE	Nebraska	31007
county	Blaine County	NE	Nebraska	31009
county	Boone County	NE	Nebraska	31011
county	Box Butte County	NE	Nebraska	31013
county	Boyd County	NE	Nebraska	31015
county	Brown County	NE	Nebraska	31017
county	Buffalo County	NE	Nebraska	31019
county	Burt County	NE	Nebraska	31021
county	Butler County	NE	Nebraska	31023
county	Cass County	NE	Nebraska	31025
county	Cedar County	NE	Nebraska	31027
county	Chase County	NE	Nebraska	31029
county	Cherry County	NE	Nebraska	31031
county	Cheyenne County	NE	Nebraska	31033
county	Clay County	NE	Nebraska	31035
county	Colfax County	NE	Nebraska	31037
county	Cuming County	NE	Nebraska	31039
county	Custer County	NE	Nebraska	31041
county	Dakota County	NE	Nebraska	31043
county	Dawes County	NE	Nebraska	31045
county	Dawson County	NE	Nebraska	31047
county	Deuel County	NE	Nebraska	31049
county	Dixon County	NE	Nebraska	31051
county	Dodge County	NE	Nebraska	31053
county	Douglas County	NE	Nebraska	31055
county	Dundy County	NE	Nebraska	31057
county	Fillmore County	NE	Nebraska	31059
county	Franklin County	NE	Nebraska	31061
county	Frontier County	NE	Nebraska	31063
county	Furnas County	NE	Nebraska	31065
county	Gage County	NE	Nebraska	31067
county	Garden County	NE	Nebraska	31069
county	Garfield County	NE	Nebraska	31071
county	Gosper County	NE	Nebraska	31073
county	Grant County	NE	Nebraska	31075
county	Greeley County	NE	Nebraska	31077
county	Hall County	NE	Nebraska	31079
county	Hamilton County	NE	Nebraska	31081
county	Harlan County	NE	Nebraska	31083
county	Hayes County	NE	Nebraska	31085
county	Hitchcock County	NE	Nebraska	31087
county	Holt County	NE	Nebraska	31089
county	Hooker County	NE	Nebraska	31091
county	Howard County	NE	Nebraska	31093
county	Jefferson County	NE	Nebraska	31095
county	Johnson County	NE	Nebraska	31097
county	Kearney County	NE	Nebraska	31099
county	Keith County	NE	Nebraska	31101
county	Keya Paha County	NE	Nebraska	31103
county	Kimball County	NE	Nebraska	31105
county	Knox County	NE	Nebraska	31107
county	Lancaster County	NE	Nebraska	31109
county	Lincoln County	NE	Nebraska	31111
county	Logan County	NE	Nebraska	31113
county	Loup County	NE	Nebraska	31115
county	McPherson County	NE	Nebraska	31117
county	Madison County	NE	Nebraska	31119
county	Merrick County	NE	Nebraska	31121
county	Morrill County	NE	Nebraska	31123
county	Nance County	NE	Nebraska	31125
county	Nemaha County	NE	Nebraska	31127
county	Nuckolls County	NE	Nebraska	31129
county	Otoe County	NE	Nebraska	31131
county	Pawnee County	NE	Nebraska	31133
county	Perkins County	NE	Nebraska	31135
county	Phelps County	NE	Nebraska	31137
county	Pierce County	NE	Nebraska	31139
county	Platte County	NE	Nebraska	31141
county	Polk County	NE	Nebraska	31143
county	Red Willow County	NE	Nebraska	31145
county	Richardson County	NE	Nebraska	31147
county	Rock County	NE	Nebraska	31149
county	Saline County	NE	Nebraska	31151
county	Sarpy County	NE	Nebraska	31153
county	Saunders County	NE	Nebraska	31155
county	Scotts Bluff County	NE	Nebraska	31157
county	Seward County	NE	Nebraska	31159
county	Sheridan County	NE	Nebraska	31161
county	Sherman County	NE	Nebraska	31163
county	Sioux County	NE	Nebraska	31165
county	Stanton County	NE	Nebraska	31167
county	Thayer County	NE	Nebraska	31169
county	Thomas County	NE	Nebraska	31171
county	Thurston County	NE	Nebraska	31173
county	Valley County	NE	Nebraska	31175
county	Washington County	NE	Nebraska	31177
county	Wayne County	NE	Nebraska	31179
county	Webster County	NE	Nebraska	31181
county	Wheeler County	NE	Nebraska	31183
county	York County	NE	Nebraska	31185
county	Churchill County	NV	Nevada	32001
county	Clark County	NV	Nevada	32003
county	Douglas County	NV	Nevada	32005
county	Elko County	NV	Nevada	32007
county	Esmeralda County	NV	Nevada	32009
county	Eureka County	NV	Nevada	32011
county	Humboldt County	NV	Nevada	32013
county	Lander County	NV	Nevada	32015
county	Lincoln County	NV	Nevada	32017
county	Lyon County	NV	Nevada	32019
county	Mineral County	NV	Nevada	32021
county	Nye County	NV	Nevada	32023
county	Pershing County	NV	Nevada	32027
county	Storey County	NV	Nevada	32029
county	Washoe County	NV	Nevada	32031
county	White Pine County	NV	Nevada	32033
county	Carson City	NV	Nevada	32510
county	Belknap County	NH	New Hampshire	33001
county	Carroll County	NH	New Hampshire	33003
county	Cheshire County	NH	New Hampshire	33005
county	Coos County	NH	New Hampshire	33007
county	Grafton County	NH	New Hampshire	33009
county	Hillsborough County	NH	New Hampshire	33011
county	Merrimack County	NH	New Hampshire	33013
county	Rockingham County	NH	New Hampshire	33015
county	Strafford County	NH	New Hampshire	33017
county	Sullivan County	NH	New Hampshire	33019
county	Atlantic County	NJ	New Jersey	34001
county	Bergen County	NJ	New Jersey	34003
county	Burlington County	NJ	New Jersey	34005
county	Camden County	NJ	New Jersey	34007
county	Cape May County	NJ	New Jersey	34009
county	Cumberland County	NJ	New Jersey	34011
county	Essex County	NJ	New Jersey	34013
county	Gloucester County	NJ	New Jersey	34015
county	Hudson County	NJ	New Jersey	34017
county	Hunterdon County	NJ	New Jersey	34019
county	Mercer County	NJ	New Jersey	34021
county	Middlesex County	NJ	New Jersey	34023
county	Monmouth County	NJ	New Jersey	34025
county	Morris County	NJ	New Jersey	34027
county	Ocean County	NJ	New Jersey	34029
county	Passaic County	NJ	New Jersey	34031
county	Salem County	NJ	New Jersey	34033
county	Somerset County	NJ	New Jersey	34035
county	Sussex County	NJ	New Jersey	34037
county	Union County	NJ	New Jersey	34039
county	Warren County	NJ	New Jersey	34041
county	Bernalillo County	NM	New Mexico	35001
county	Catron County	NM	New Mexico	35003
county	Chaves County	NM	New Mexico	35005
county	Cibola County	NM	New Mexico	35006
county	Colfax County	NM	New Mexico	35007
county	Curry County	NM	New Mexico	35009
county	De Baca County	NM	New Mexico	35011
county	Doña Ana County	NM	New Mexico	35013
county	Eddy County	NM	New Mexico	35015
county	Grant County	NM	New Mexico	35017
county	Guadalupe County	NM	New Mexico	35019
county	Harding County	NM	New Mexico	35021
county	Hidalgo County	NM	New Mexico	35023
county	Lea County	NM	New Mexico	35025
county	Lincoln County	NM	New Mexico	35027
county	Los Alamos County	NM	New Mexico	35028
county	Luna County	NM	New Mexico	35029
county	McKinley County	NM	New Mexico	35031
county	Mora County	NM	New Mexico	35033
county	Otero County	NM	New Mexico	35035
county	Quay County	NM	New Mexico	35037
county	Rio Arriba County	NM	New Mexico	35039
county	Roosevelt County	NM	New Mexico	35041
county	Sandoval County	NM	New Mexico	35043
county	San Juan County	NM	New Mexico	35045
county	San Miguel County	NM	New Mexico	35047
county	Santa Fe County	NM	New Mexico	35049
county	Sierra County	NM	New Mexico	35051
county	Socorro County	NM	New Mexico	35053
county	Taos County	NM	New Mexico	35055
county	Torrance County	NM	New Mexico	35057
county	Union County	NM	New Mexico	35059
county	Valencia County	NM	New Mexico	35061
county	Albany County	NY	New York	36001
county	Allegany County	NY	New York	36003
county	Bronx County	NY	New York	36005
county	Broome County	NY	New York	36007
county	Cattaraugus County	NY	New York	36009
county	Cayuga County	NY	New York	36011
county	Chautauqua County	NY	New York	36013
county	Chemung County	NY	New York	36015
county	Chenango County	NY	New York	36017
county	Clinton County	NY	New York	36019
county	Columbia County	NY	New York	36021
county	Cortland County	NY	New York	36023
county	Delaware County	NY	New York	36025
county	Dutchess County	NY	New York	36027
county	Erie County	NY	New York	36029
county	Essex County	NY	New York	36031
county	Franklin County	NY	New York	36033
county	Fulton County	NY	New York	36035
county	Genesee County	NY	New York	36037
county	Greene County	NY	New York	36039
county	Hamilton County	NY	New York	36041
county	Herkimer County	NY	New York	36043
county	Jefferson County	NY	New York	36045
county	Kings County	NY	New York	36047
county	Lewis County	NY	New York	36049
county	Livingston County	NY	New York	36051
county	Madison County	NY	New York	36053
county	Monroe County	NY	New York	36055
county	Montgomery County	NY	New York	36057
county	Nassau County	NY	New York	36059
county	New York County	NY	New York	36061
county	Niagara County	NY	New York	36063
county	Oneida County	NY	New York	36065
county	Onondaga County	NY	New York	36067
county	Ontario County	NY	New York	36069
county	Orange County	NY	New York	36071
county	Orleans County	NY	New York	36073
county	Oswego County	NY	New York	36075
county	Otsego County	NY	New York	36077
county	Putnam County	NY	New York	36079
county	Queens County	NY	New York	36081
county	Rensselaer County	NY	New York	36083
county	Richmond County	NY	New York	36085
county	Rockland County	NY	New York	36087
county	St. Lawrence County	NY	New York	36089
county	Saratoga County	NY	New York	36091
county	Schenectady County	NY	New York	36093
county	Schoharie County	NY	New York	36095
county	Schuyler County	NY	New York	36097
county	Seneca County	NY	New York	36099
county	Steuben County	NY	New York	36101
county	Suffolk County	NY	New York	36103
county	Sullivan County	NY	New York	36105
county	Tioga County	NY	New York	36107
county	Tompkins County	NY	New York	36109
county	Ulster County	NY	New York	36111
county	Warren County	NY	New York	36113
county	Washington County	NY	New York	36115
county	Wayne County	NY	New York	36117
county	Westchester County	NY	New York	36119
county	Wyoming County	NY	New York	36121
county	Yates County	NY	New York	36123
county	Alamance County	NC	North Carolina	37001
county	Alexander County	NC	North Carolina	37003
county	Alleghany County	NC	North Carolina	37005
county	Anson County	NC	North Carolina	37007
county	Ashe County	NC	North Carolina	37009
county	Avery County	NC	North Carolina	37011
county	Beaufort County	NC	North Carolina	37013
county	Bertie County	NC	North Carolina	37015
county	Bladen County	NC	North Carolina	37017
county	Brunswick County	NC	North Carolina	37019
county	Buncombe County	NC	North Carolina	37021
county	Burke County	NC	North Carolina	37023
county	Cabarrus County	NC	North Carolina	37025
county	Caldwell County	NC	North Carolina	37027
county	Camden County	NC	North Carolina	37029
county	Carteret County	NC	North Carolina	37031
county	Caswell County	NC	North Carolina	37033
county	Catawba County	NC	North Carolina	37035
county	Chatham County	NC	North Carolina	37037
county	Cherokee County	NC	North Carolina	37039
county	Chowan County	NC	North Carolina	37041
county	Clay County	NC	North Carolina	37043
county	Cleveland County	NC	North Carolina	37045
county	Columbus County	NC	North Carolina	37047
county	Craven County	NC	North Carolina	37049
county	Cumberland County	NC	North Carolina	37051
county	Currituck County	NC	North Carolina	37053
county	Dare County	NC	North Carolina	37055
county	Davidson County	NC	North Carolina	37057
county	Davie County	NC	North Carolina	37059
county	Duplin County	NC	North Carolina	37061
county	Durham County	NC	North Carolina	37063
county	Edgecombe County	NC	North Carolina	37065
county	Forsyth County	NC	North Carolina	37067
county	Franklin County	NC	North Carolina	37069
county	Gaston County	NC	North Carolina	37071
county	Gates County	NC	North Carolina	37073
county	Graham County	NC	North Carolina	37075
county	Granville County	NC	North Carolina	37077
county	Greene County	NC	North Carolina	37079
county	Guilford County	NC	North Carolina	37081
county	Halifax County	NC	North Carolina	37083
county	Harnett County	NC	North Carolina	37085
county	Haywood County	NC	North Carolina	37087
county	Henderson County	NC	North Carolina	37089
county	Hertford County	NC	North Carolina	37091
county	Hoke County	NC	North Carolina	37093
county	Hyde County	NC	North Carolina	37095
county	Iredell County	NC	North Carolina	37097
county	Jackson County	NC	North Carolina	37099
county	Johnston County	NC	North Carolina	37101
county	Jones County	NC	North Carolina	37103
county	Lee County	NC	North Carolina	37105
county	Lenoir County	NC	North Carolina	37107
county	Lincoln County	NC	North Carolina	37109
county	McDowell County	NC	North Carolina	37111
county	Macon County	NC	North Carolina	37113
county	Madison County	NC	North Carolina	37115
county	Martin County	NC	North Carolina	37117
county	Mecklenburg County	NC	North Carolina	37119
county	Mitchell County	NC	North Carolina	37121
county	Montgomery County	NC	North Carolina	37123
county	Moore County	NC	North Carolina	37125
county	Nash County	NC	North Carolina	37127
county	New Hanover County	NC	North Carolina	37129
county	Northampton County	NC	North Carolina	37131
county	Onslow County	NC	North Carolina	37133
county	Orange County	NC	North Carolina	37135
county	Pamlico County	NC	North Carolina	37137
county	Pasquotank County	NC	North Carolina	37139
county	Pender County	NC	North Carolina	37141
county	Perquimans County	NC	North Carolina	37143
county	Person County	NC	North Carolina	37145
county	Pitt County	NC	North Carolina	37147
county	Polk County	NC	North Carolina	37149
county	Randolph County	NC	North Carolina	37151
county	Richmond County	NC	North Carolina	37153
county	Robeson County	NC	North Carolina	37155
county	Rockingham County	NC	North Carolina	37157
county	Rowan County	NC	North Carolina	37159
county	Rutherford County	NC	North Carolina	37161
county	Sampson County	NC	North Carolina	37163
county	Scotland County	NC	North Carolina	37165
county	Stanly County	NC	North Carolina	37167
county	Stokes County	NC	North Carolina	37169
county	Surry County	NC	North Carolina	37171
county	Swain County	NC	North Carolina	37173
county	Transylvania County	NC	North Carolina	37175
county	Tyrrell County	NC	North Carolina	37177
county	Union County	NC	North Carolina	37179
county	Vance County	NC	North Carolina	37181
county	Wake County	NC	North Carolina	37183
county	Warren County	NC	North Carolina	37185
county	Washington County	NC	North Carolina	37187
county	Watauga County	NC	North Carolina	37189
county	Wayne County	NC	North Carolina	37191
county	Wilkes County	NC	North Carolina	37193
county	Wilson County	NC	North Carolina	37195
county	Yadkin County	NC	North Carolina	37197
county	Yancey County	NC	North Carolina	37199
county	Adams County	ND	North Dakota	38001
county	Barnes County	ND	North Dakota	38003
county	Benson County	ND	North Dakota	38005
county	Billings County	ND	North Dakota	38007
county	Bottineau County	ND	North Dakota	38009
county	Bowman County	ND	North Dakota	38011
county	Burke County	ND	North Dakota	38013
county	Burleigh County	ND	North Dakota	38015
county	Cass County	ND	North Dakota	38017
county	Cavalier County	ND	North Dakota	38019
county	Dickey County	ND	North Dakota	38021
county	Divide County	ND	North Dakota	38023
county	Dunn County	ND	North Dakota	38025
county	Eddy County	ND	North Dakota	38027
county	Emmons County	ND	North Dakota	38029
county	Foster County	ND	North Dakota	38031
county	Golden Valley County	ND	North Dakota	38033
county	Grand Forks County	ND	North Dakota	38035
county	Grant County	ND	North Dakota	38037
county	Griggs County	ND	North Dakota	38039
county	Hettinger County	ND	North Dakota	38041
county	Kidder County	ND	North Dakota	38043
county	LaMoure County	ND	North Dakota	38045
county	Logan County	ND	North Dakota	38047
county	McHenry County	ND	North Dakota	38049
county	McIntosh County	ND	North Dakota	38051
county	McKenzie County	ND	North Dakota	38053
county	McLean County	ND	North Dakota	38055
county	Mercer County	ND	North Dakota	38057
county	Morton County	ND	North Dakota	38059
county	Mountrail County	ND	North Dakota	38061
county	Nelson County	ND	North Dakota	38063
county	Oliver County	ND	North Dakota	38065
county	Pembina County	ND	North Dakota	38067
county	Pierce County	ND	North Dakota	38069
county	Ramsey County	ND	North Dakota	38071
county	Ransom County	ND	North Dakota	38073
county	Renville County	ND	North Dakota	38075
county	Richland County	ND	North Dakota	38077
county	Rolette County	ND	North Dakota	38079
county	Sargent County	ND	North Dakota	38081
county	Sheridan County	ND	North Dakota	38083
county	Sioux County	ND	North Dakota	38085
county	Slope County	ND	North Dakota	38087
county	Stark County	ND	North Dakota	38089
county	Steele County	ND	North Dakota	38091
county	Stutsman County	ND	North Dakota	38093
county	Towner County	ND	North Dakota	38095
county	Traill County	ND	North Dakota	38097
county	Walsh County	ND	North Dakota	38099
county	Ward County	ND	North Dakota	38101
county	Wells County	ND	North Dakota	38103
county	Williams County	ND	North Dakota	38105
county	Adams County	OH	Ohio	39001
county	Allen County	OH	Ohio	39003
county	Ashland County	OH	Ohio	39005
county	Ashtabula County	OH	Ohio	39007
county	Athens County	OH	Ohio	39009
county	Auglaize County	OH	Ohio	39011
county	Belmont County	OH	Ohio	39013
county	Brown County	OH	Ohio	39015
county	Butler County	OH	Ohio	39017
county	Carroll County	OH	Ohio	39019
county	Champaign County	OH	Ohio	39021
county	Clark County	OH	Ohio	39023
county	Clermont County	OH	Ohio	39025
county	Clinton County	OH	Ohio	39027
county	Columbiana County	OH	Ohio	39029
county	Coshocton County	OH	Ohio	39031
county	Crawford County	OH	Ohio	39033
county	Cuyahoga County	OH	Ohio	39035
county	Darke County	OH	Ohio	39037
county	Defiance County	OH	Ohio	39039
county	Delaware County	OH	Ohio	39041
county	Erie County	OH	Ohio	39043
county	Fairfield County	OH	Ohio	39045
county	Fayette County	OH	Ohio	39047
county	Franklin County	OH	Ohio	39049
county	Fulton County	OH	Ohio	39051
county	Gallia County	OH	Ohio	39053
county	Geauga County	OH	Ohio	39055
county	Greene County	OH	Ohio	39057
county	Guernsey County	OH	Ohio	39059
county	Hamilton County	OH	Ohio	39061
county	Hancock County	OH	Ohio	39063
county	Hardin County	OH	Ohio	39065
county	Harrison County	OH	Ohio	39067
county	Henry County	OH	Ohio	39069
county	Highland County	OH	Ohio	39071
county	Hocking County	OH	Ohio	39073
county	Holmes County	OH	Ohio	39075
county	Huron County	OH	Ohio	39077
county	Jackson County	OH	Ohio	39079
county	Jefferson County	OH	Ohio	39081
county	Knox County	OH	Ohio	39083
county	Lake County	OH	Ohio	39085
county	Lawrence County	OH	Ohio	39087
county	Licking County	OH	Ohio	39089
county	Logan County	OH	Ohio	39091
county	Lorain County	OH	Ohio	39093
county	Lucas County	OH	Ohio	39095
county	Madison County	OH	Ohio	39097
county	Mahoning County	OH	Ohio	39099
county	Marion County	OH	Ohio	39101
county	Medina County	OH	Ohio	39103
county	Meigs County	OH	Ohio	39105
county	Mercer County	OH	Ohio	39107
county	Miami County	OH	Ohio	39109
county	Monroe County	OH	Ohio	39111
county	Montgomery County	OH	Ohio	39113
county	Morgan County	OH	Ohio	39115
county	Morrow County	OH	Ohio	39117
county	Muskingum County	OH	Ohio	39119
county	Noble County	OH	Ohio	39121
county	Ottawa County	OH	Ohio	39123
county	Paulding County	OH	Ohio	39125
county	Perry County	OH	Ohio	39127
county	Pickaway County	OH	Ohio	39129
county	Pike County	OH	Ohio	39131
county	Portage County	OH	Ohio	39133
county	Preble County	OH	Ohio	39135
county	Putnam County	OH	Ohio	39137
county	Richland County	OH	Ohio	39139
county	Ross County	OH	Ohio	39141
county	Sandusky County	OH	Ohio	39143
county	Scioto County	OH	Ohio	39145
county	Seneca County	OH	Ohio	39147
county	Shelby County	OH	Ohio	39149
county	Stark County	OH	Ohio	39151
county	Summit County	OH	Ohio	39153
county	Trumbull County	OH	Ohio	39155
county	Tuscarawas County	OH	Ohio	39157
county	Union County	OH	Ohio	39159
county	Van Wert County	OH	Ohio	39161
county	Vinton County	OH	Ohio	39163
county	Warren County	OH	Ohio	39165
county	Washington County	OH	Ohio	39167
county	Wayne County	OH	Ohio	39169
county	Williams County	OH	Ohio	39171
county	Wood County	OH	Ohio	39173
county	Wyandot County	OH	Ohio	39175
county	Adair County	OK	Oklahoma	40001
county	Alfalfa County	OK	Oklahoma	40003
county	Atoka County	OK	Oklahoma	40005
county	Beaver County	OK	Oklahoma	40007
county	Beckham County	OK	Oklahoma	40009
county	Blaine County	OK	Oklahoma	40011
county	Bryan County	OK	Oklahoma	40013
county	Caddo County	OK	Oklahoma	40015
county	Canadian County	OK	Oklahoma	40017
county	Carter County	OK	Oklahoma	40019
county	Cherokee County	OK	Oklahoma	40021
county	Choctaw County	OK	Oklahoma	40023
county	Cimarron County	OK	Oklahoma	40025
county	Cleveland County	OK	Oklahoma	40027
county	Coal County	OK	Oklahoma	40029
county	Comanche County	OK	Oklahoma	40031
county	Cotton County	OK	Oklahoma	40033
county	Craig County	OK	Oklahoma	40035
county	Creek County	OK	Oklahoma	40037
county	Custer County	OK	Oklahoma	40039
county	Delaware County	OK	Oklahoma	40041
county	Dewey County	OK	Oklahoma	40043
county	Ellis County	OK	Oklahoma	40045
county	Garfield County	OK	Oklahoma	40047
county	Garvin County	OK	Oklahoma	40049
county	Grady County	OK	Oklahoma	40051
county	Grant County	OK	Oklahoma	40053
county	Greer County	OK	Oklahoma	40055
county	Harmon County	OK	Oklahoma	40057
county	Harper County	OK	Oklahoma	40059
county	Haskell County	OK	Oklahoma	40061
county	Hughes County	OK	Oklahoma	40063
county	Jackson County	OK	Oklahoma	40065
county	Jefferson County	OK	Oklahoma	40067
county	Johnston County	OK	Oklahoma	40069
county	Kay County	OK	Oklahoma	40071
county	Kingfisher County	OK	Oklahoma	40073
county	Kiowa County	OK	Oklahoma	40075
county	Latimer County	OK	Oklahoma	40077
county	Le Flore County	OK	Oklahoma	40079
county	Lincoln County	OK	Oklahoma	40081
county	Logan County	OK	Oklahoma	40083
county	Love County	OK	Oklahoma	40085
county	McClain County	OK	Oklahoma	40087
county	McCurtain County	OK	Oklahoma	40089
county	McIntosh County	OK	Oklahoma	40091
county	Major County	OK	Oklahoma	40093
county	Marshall County	OK	Oklahoma	40095
county	Mayes County	OK	Oklahoma	40097
county	Murray County	OK	Oklahoma	40099
county	Muskogee County	OK	Oklahoma	40101
county	Noble County	OK	Oklahoma	40103
county	Nowata County	OK	Oklahoma	40105
county	Okfuskee County	OK	Oklahoma	40107
county	Oklahoma County	OK	Oklahoma	40109
county	Okmulgee County	OK	Oklahoma	40111
county	Osage County	OK	Oklahoma	40113
county	Ottawa County	OK	Oklahoma	40115
county	Pawnee County	OK	Oklahoma	40117
county	Payne County	OK	Oklahoma	40119
county	Pittsburg County	OK	Oklahoma	40121
county	Pontotoc County	OK	Oklahoma	40123
county	Pottawatomie County	OK	Oklahoma	40125
county	Pushmataha County	OK	Oklahoma	40127
county	Roger Mills County	OK	Oklahoma	40129
county	Rogers County	OK	Oklahoma	40131
county	Seminole County	OK	Oklahoma	40133
county	Sequoyah County	OK	Oklahoma	40135
county	Stephens County	OK	Oklahoma	40137
county	Texas County	OK	Oklahoma	40139
county	Tillman County	OK	Oklahoma	40141
county	Tulsa County	OK	Oklahoma	40143
county	Wagoner County	OK	Oklahoma	40145
county	Washington County	OK	Oklahoma	40147
county	Washita County	OK	Oklahoma	40149
county	Woods County	OK	Oklahoma	40151
county	Woodward County	OK	Oklahoma	40153
county	Baker County	OR	Oregon	41001
county	Benton County	OR	Oregon	41003
county	Clackamas County	OR	Oregon	41005
county	Clatsop County	OR	Oregon	41007
county	Columbia County	OR	Oregon	41009
county	Coos County	OR	Oregon	41011
county	Crook County	OR	Oregon	41013
county	Curry County	OR	Oregon	41015
county	Deschutes County	OR	Oregon	41017
county	Douglas County	OR	Oregon	41019
county	Gilliam County	OR	Oregon	41021
county	Grant County	OR	Oregon	41023
county	Harney County	OR	Oregon	41025
county	Hood River County	OR	Oregon	41027
county	Jackson County	OR	Oregon	41029
county	Jefferson County	OR	Oregon	41031
county	Josephine County	OR	Oregon	41033
county	Klamath County	OR	Oregon	41035
county	Lake County	OR	Oregon	41037
county	Lane County	OR	Oregon	41039
county	Lincoln County	OR	Oregon	41041
county	Linn County	OR	Oregon	41043
county	Malheur County	OR	Oregon	41045
county	Marion County	OR	Oregon	41047
county	Morrow County	OR	Oregon	41049
county	Multnomah County	OR	Oregon	41051
county	Polk County	OR	Oregon	41053
county	Sherman County	OR	Oregon	41055
county	Tillamook County	OR	Oregon	41057
county	Umatilla County	OR	Oregon	41059
county	Union County	OR	Oregon	41061
county	Wallowa County	OR	Oregon	41063
county	Wasco County	OR	Oregon	41065
county	Washington County	OR	Oregon	41067
county	Wheeler County	OR	Oregon	41069
county	Yamhill County	OR	Oregon	41071
county	Adams County	PA	Pennsylvania	42001
county	Allegheny County	PA	Pennsylvania	42003
county	Armstrong County	PA	Pennsylvania	42005
county	Beaver County	PA	Pennsylvania	42007
county	Bedford County	PA	Pennsylvania	42009
county	Berks County	PA	Pennsylvania	42011
county	Blair County	PA	Pennsylvania	42013
county	Bradford County	PA	Pennsylvania	42015
county	Bucks County	PA	Pennsylvania	42017
county	Butler County	PA	Pennsylvania	42019
county	Cambria County	PA	Pennsylvania	42021
county	Cameron County	PA	Pennsylvania	42023
county	Carbon County	PA	Pennsylvania	42025
county	Centre County	PA	Pennsylvania	42027
county	Chester County	PA	Pennsylvania	42029
county	Clarion County	PA	Pennsylvania	42031
county	Clearfield County	PA	Pennsylvania	42033
county	Clinton County	PA	Pennsylvania	42035
county	Columbia County	PA	Pennsylvania	42037
county	Crawford County	PA	Pennsylvania	42039
county	Cumberland County	PA	Pennsylvania	42041
county	Dauphin County	PA	Pennsylvania	42043
county	Delaware County	PA	Pennsylvania	42045
county	Elk County	PA	Pennsylvania	42047
county	Erie County	PA	Pennsylvania	42049
county	Fayette County	PA	Pennsylvania	42051
county	Forest County	PA	Pennsylvania	42053
county	Franklin County	PA	Pennsylvania	42055
county	Fulton County	PA	Pennsylvania	42057
county	Greene County	PA	Pennsylvania	42059
county	Huntingdon County	PA	Pennsylvania	42061
county	Indiana County	PA	Pennsylvania	42063
county	Jefferson County	PA	Pennsylvania	42065
county	Juniata County	PA	Pennsylvania	42067
county	Lackawanna County	PA	Pennsylvania	42069
county	Lancaster County	PA	Pennsylvania	42071
county	Lawrence County	PA	Pennsylvania	42073
county	Lebanon County	PA	Pennsylvania	42075
county	Lehigh County	PA	Pennsylvania	42077
county	Luzerne County	PA	Pennsylvania	42079
county	Lycoming County	PA	Pennsylvania	42081
county	McKean County	PA	Pennsylvania	42083
county	Mercer County	PA	Pennsylvania	42085
county	Mifflin County	PA	Pennsylvania	42087
county	Monroe County	PA	Pennsylvania	42089
county	Montgomery County	PA	Pennsylvania	42091
county	Montour County	PA	Pennsylvania	42093
county	Northampton County	PA	Pennsylvania	42095
county	Northumberland County	PA	Pennsylvania	42097
county	Perry County	PA	Pennsylvania	42099
county	Philadelphia County	PA	Pennsylvania	42101
county	Pike County	PA	Pennsylvania	42103
county	Potter County	PA	Pennsylvania	42105
county	Schuylkill County	PA	Pennsylvania	42107
county	Snyder County	PA	Pennsylvania	42109
county	Somerset County	PA	Pennsylvania	42111
county	Sullivan County	PA	Pennsylvania	42113
county	Susquehanna County	PA	Pennsylvania	42115
county	Tioga County	PA	Pennsylvania	42117
county	Union County	PA	Pennsylvania	42119
county	Venango County	PA	Pennsylvania	42121
county	Warren County	PA	Pennsylvania	42123
county	Washington County	PA	Pennsylvania	42125
county	Wayne County	PA	Pennsylvania	42127
county	Westmoreland County	PA	Pennsylvania	42129
county	Wyoming County	PA	Pennsylvania	42131
county	York County	PA	Pennsylvania	42133
county	Bristol County	RI	Rhode Island	44001
county	Kent County	RI	Rhode Island	44003
county	Newport County	RI	Rhode Island	44005
county	Providence County	RI	Rhode Island	44007
county	Washington County	RI	Rhode Island	44009
county	Abbeville County	SC	South Carolina	45001
county	Aiken County	SC	South Carolina	45003
county	Allendale County	SC	South Carolina	45005
county	Anderson County	SC	South Carolina	45007
county	Bamberg County	SC	South Carolina	45009
county	Barnwell County	SC	South Carolina	45011
county	Beaufort County	SC	South Carolina	45013
county	Berkeley County	SC	South Carolina	45015
county	Calhoun County	SC	South Carolina	45017
county	Charleston County	SC	South Carolina	45019
county	Cherokee County	SC	South Carolina	45021
county	Chester County	SC	South Carolina	45023
county	Chesterfield County	SC	South Carolina	45025
county	Clarendon County	SC	South Carolina	45027
county	Colleton County	SC	South Carolina	45029
county	Darlington County	SC	South Carolina	45031
county	Dillon County	SC	South Carolina	45033
county	Dorchester County	SC	South Carolina	45035
county	Edgefield County	SC	South Carolina	45037
county	Fairfield County	SC	South Carolina	45039
county	Florence County	SC	South Carolina	45041
county	Georgetown County	SC	South Carolina	45043
county	Greenville County	SC	South Carolina	45045
county	Greenwood County	SC	South Carolina	45047
county	Hampton County	SC	South Carolina	45049
county	Horry County	SC	South Carolina	45051
county	Jasper County	SC	South Carolina	45053
county	Kershaw County	SC	South Carolina	45055
county	Lancaster County	SC	South Carolina	45057
county	Laurens County	SC	South Carolina	45059
county	Lee County	SC	South Carolina	45061
county	Lexington County	SC	South Carolina	45063
county	McCormick County	SC	South Carolina	45065
county	Marion County	SC	South Carolina	45067
county	Marlboro County	SC	South Carolina	45069
county	Newberry County	SC	South Carolina	45071
county	Oconee County	SC	South Carolina	45073
county	Orangeburg County	SC	South Carolina	45075
county	Pickens County	SC	South Carolina	45077
county	Richland County	SC	South Carolina	45079
county	Saluda County	SC	South Carolina	45081
county	Spartanburg County	SC	South Carolina	45083
county	Sumter County	SC	South Carolina	45085
county	Union County	SC	South Carolina	45087
county	Williamsburg County	SC	South Carolina	45089
county	York County	SC	South Carolina	45091
county	Aurora County	SD	South Dakota	46003
county	Beadle County	SD	South Dakota	46005
county	Bennett County	SD	South Dakota	46007
county	Bon Homme County	SD	South Dakota	46009
county	Brookings County	SD	South Dakota	46011
county	Brown County	SD	South Dakota	46013
county	Brule County	SD	South Dakota	46015
county	Buffalo County	SD	South Dakota	46017
county	Butte County	SD	South Dakota	46019
county	Campbell County	SD	South Dakota	46021
county	Charles Mix County	SD	South Dakota	46023
county	Clark County	SD	South Dakota	46025
county	Clay County	SD	South Dakota	46027
county	Codington County	SD	South Dakota	46029
county	Corson County	SD	South Dakota	46031
county	Custer County	SD	South Dakota	46033
county	Davison County	SD	South Dakota	46035
county	Day County	SD	South Dakota	46037
county	Deuel County	SD	South Dakota	46039
county	Dewey County	SD	South Dakota	46041
county	Douglas County	SD	South Dakota	46043
county	Edmunds County	SD	South Dakota	46045
county	Fall River County	SD	South Dakota	46047
county	Faulk County	SD	South Dakota	46049
county	Grant County	SD	South Dakota	46051
county	Gregory County	SD	South Dakota	46053
county	Haakon County	SD	South Dakota	46055
county	Hamlin County	SD	South Dakota	46057
county	Hand County	SD	South Dakota	46059
county	Hanson County	SD	South Dakota	46061
county	Harding County	SD	South Dakota	46063
county	Hughes County	SD	South Dakota	46065
county	Hutchinson County	SD	South Dakota	46067
county	Hyde County	SD	South Dakota	46069
county	Jackson County	SD	South Dakota	46071
county	Jerauld County	SD	South Dakota	46073
county	Jones County	SD	South Dakota	46075
county	Kingsbury County	SD	South Dakota	46077
county	Lake County	SD	South Dakota	46079
county	Lawrence County	SD	South Dakota	46081
county	Lincoln County	SD	South Dakota	46083
county	Lyman County	SD	South Dakota	46085
county	McCook County	SD	South Dakota	46087
county	McPherson County	SD	South Dakota	46089
county	Marshall County	SD	South Dakota	46091
county	Meade County	SD	South Dakota	46093
county	Mellette County	SD	South Dakota	46095
county	Miner County	SD	South Dakota	46097
county	Minnehaha County	SD	South Dakota	46099
county	Moody County	SD	South Dakota	46101
county	Oglala Lakota County	SD	South Dakota	46102
county	Pennington County	SD	South Dakota	46103
county	Perkins County	SD	South Dakota	46105
county	Potter County	SD	South Dakota	46107
county	Roberts County	SD	South Dakota	46109
county	Sanborn County	SD	South Dakota	46111
county	Spink County	SD	South Dakota	46115
county	Stanley County	SD	South Dakota	46117
county	Sully County	SD	South Dakota	46119
county	Todd County	SD	South Dakota	46121
county	Tripp County	SD	South Dakota	46123
county	Turner County	SD	South Dakota	46125
county	Union County	SD	South Dakota	46127
county	Walworth County	SD	South Dakota	46129
county	Yankton County	SD	South Dakota	46135
county	Ziebach County	SD	South Dakota	46137
county	Anderson County	TN	Tennessee	47001
county	Bedford County	TN	Tennessee	47003
county	Benton County	TN	Tennessee	47005
county	Bledsoe County	TN	Tennessee	47007
county	Blount County	TN	Tennessee	47009
county	Bradley County	TN	Tennessee	47011
county	Campbell County	TN	Tennessee	47013
county	Cannon County	TN	Tennessee	47015
county	Carroll County	TN	Tennessee	47017
county	Carter County	TN	Tennessee	47019
county	Cheatham County	TN	Tennessee	47021
county	Chester County	TN	Tennessee	47023
county	Claiborne County	TN	Tennessee	47025
county	Clay County	TN	Tennessee	47027
county	Cocke County	TN	Tennessee	47029
county	Coffee County	TN	Tennessee	47031
county	Crockett County	TN	Tennessee	47033
county	Cumberland County	TN	Tennessee	47035
county	Davidson County	TN	Tennessee	47037
county	Decatur County	TN	Tennessee	47039
county	DeKalb County	TN	Tennessee	47041
county	Dickson County	TN	Tennessee	47043
county	Dyer County	TN	Tennessee	47045
county	Fayette County	TN	Tennessee	47047
county	Fentress County	TN	Tennessee	47049
county	Franklin County	TN	Tennessee	47051
county	Gibson County	TN	Tennessee	47053
county	Giles County	TN	Tennessee	47055
county	Grainger County	TN	Tennessee	47057
county	Greene County	TN	Tennessee	47059
county	Grundy County	TN	Tennessee	47061
county	Hamblen County	TN	Tennessee	47063
county	Hamilton County	TN	Tennessee	47065
county	Hancock County	TN	Tennessee	47067
county	Hardeman County	TN	Tennessee	47069
county	Hardin County	TN	Tennessee	47071
county	Hawkins County	TN	Tennessee	47073
county	Haywood County	TN	Tennessee	47075
county	Henderson County	TN	Tennessee	47077
county	Henry County	TN	Tennessee	47079
county	Hickman County	TN	Tennessee	47081
county	Houston County	TN	Tennessee	47083
county	Humphreys County	TN	Tennessee	47085
county	Jackson County	TN	Tennessee	47087
county	Jefferson County	TN	Tennessee	47089
county	Johnson County	TN	Tennessee	47091
county	Knox County	TN	Tennessee	47093
county	Lake County	TN	Tennessee	47095
county	Lauderdale County	TN	Tennessee	47097
county	Lawrence County	TN	Tennessee	47099
county	Lewis County	TN	Tennessee	47101
county	Lincoln County	TN	Tennessee	47103
county	Loudon County	TN	Tennessee	47105
county	McMinn County	TN	Tennessee	47107
county	McNairy County	TN	Tennessee	47109
county	Macon County	TN	Tennessee	47111
county	Madison County	TN	Tennessee	47113
county	Marion County	TN	Tennessee	47115
county	Marshall County	TN	Tennessee	47117
county	Maury County	TN	Tennessee	47119
county	Meigs County	TN	Tennessee	47121
county	Monroe County	TN	Tennessee	47123
county	Montgomery County	TN	Tennessee	47125
county	Moore County	TN	Tennessee	47127
county	Morgan County	TN	Tennessee	47129
county	Obion County	TN	Tennessee	47131
county	Overton County	TN	Tennessee	47133
county	Perry County	TN	Tennessee	47135
county	Pickett County	TN	Tennessee	47137
county	Polk County	TN	Tennessee	47139
county	Putnam County	TN	Tennessee	47141
county	Rhea County	TN	Tennessee	47143
county	Roane County	TN	Tennessee	47145
county	Robertson County	TN	Tennessee	47147
county	Rutherford County	TN	Tennessee	47149
county	Scott County	TN	Tennessee	47151
county	Sequatchie County	TN	Tennessee	47153
county	Sevier County	TN	Tennessee	47155
county	Shelby County	TN	Tennessee	47157
county	Smith County	TN	Tennessee	47159
county	Stewart County	TN	Tennessee	47161
county	Sullivan County	TN	Tennessee	47163
county	Sumner County	TN	Tennessee	47165
county	Tipton County	TN	Tennessee	47167
county	Trousdale County	TN	Tennessee	47169
county	Unicoi County	TN	Tennessee	47171
county	Union County	TN	Tennessee	47173
county	Van Buren County	TN	Tennessee	47175
county	Warren County	TN	Tennessee	47177
county	Washington County	TN	Tennessee	47179
county	Wayne County	TN	Tennessee	47181
county	Weakley County	TN	Tennessee	47183
county	White County	TN	Tennessee	47185
county	Williamson County	TN	Tennessee	47187
county	Wilson County	TN	Tennessee	47189
county	Anderson County	TX	Texas	48001
county	Andrews County	TX	Texas	48003
county	Angelina County	TX	Texas	48005
county	Aransas County	TX	Texas	48007
county	Archer County	TX	Texas	48009
county	Armstrong County	TX	Texas	48011
county	Atascosa County	TX	Texas	48013
county	Austin County	TX	Texas	48015
county	Bailey County	TX	Texas	48017
county	Bandera County	TX	Texas	48019
county	Bastrop County	TX	Texas	48021
county	Baylor County	TX	Texas	48023
county	Bee County	TX	Texas	48025
county	Bell County	TX	Texas	48027
county	Bexar County	TX	Texas	48029
county	Blanco County	TX	Texas	48031
county	Borden County	TX	Texas	48033
county	Bosque County	TX	Texas	48035
county	Bowie County	TX	Texas	48037
county	Brazoria County	TX	Texas	48039
county	Brazos County	TX	Texas	48041
county	Brewster County	TX	Texas	48043
county	Briscoe County	TX	Texas	48045
county	Brooks County	TX	Texas	48047
county	Brown County	TX	Texas	48049
county	Burleson County	TX	Texas	48051
county	Burnet County	TX	Texas	48053
county	Caldwell County	TX	Texas	48055
county	Calhoun County	TX	Texas	48057
county	Callahan County	TX	Texas	48059
county	Cameron County	TX	Texas	48061
county	Camp County	TX	Texas	48063
county	Carson County	TX	Texas	48065
county	Cass County	TX	Texas	48067
county	Castro County	TX	Texas	48069
county	Chambers County	TX	Texas	48071
county	Cherokee County	TX	Texas	48073
county	Childress County	TX	Texas	48075
county	Clay County	TX	Texas	48077
county	Cochran County	TX	Texas	48079
county	Coke County	TX	Texas	48081
county	Coleman County	TX	Texas	48083
county	Collin County	TX	Texas	48085
county	Collingsworth County	TX	Texas	48087
county	Colorado County	TX	Texas	48089
county	Comal County	TX	Texas	48091
county	Comanche County	TX	Texas	48093
county	Concho County	TX	Texas	48095
county	Cooke County	TX	Texas	48097
county	Coryell County	TX	Texas	48099
county	Cottle County	TX	Texas	48101
county	Crane County	TX	Texas	48103
county	Crockett County	TX	Texas	48105
county	Crosby County	TX	Texas	48107
county	Culberson County	TX	Texas	48109
county	Dallam County	TX	Texas	48111
county	Dallas County	TX	Texas	48113
county	Dawson County	TX	Texas	48115
county	Deaf Smith County	TX	Texas	48117
county	Delta County	TX	Texas	48119
county	Denton County	TX	Texas	48121
county	DeWitt County	TX	Texas	48123
county	Dickens County	TX	Texas	48125
county	Dimmit County	TX	Texas	48127
county	Donley County	TX	Texas	48129
county	Duval County	TX	Texas	48131
county	Eastland County	TX	Texas	48133
county	Ector County	TX	Texas	48135
county	Edwards County	TX	Texas	48137
county	Ellis County	TX	Texas	48139
county	El Paso County	TX	Texas	48141
county	Erath County	TX	Texas	48143
county	Falls County	TX	Texas	48145
county	Fannin County	TX	Texas	48147
county	Fayette County	TX	Texas	48149
county	Fisher County	TX	Texas	48151
county	Floyd County	TX	Texas	48153
county	Foard County	TX	Texas	48155
county	Fort Bend County	TX	Texas	48157
county	Franklin County	TX	Texas	48159
county	Freestone County	TX	Texas	48161
county	Frio County	TX	Texas	48163
county	Gaines County	TX	Texas	48165
county	Galveston County	TX	Texas	48167
county	Garza County	TX	Texas	48169
county	Gillespie County	TX	Texas	48171
county	Glasscock County	TX	Texas	48173
county	Goliad County	TX	Texas	48175
county	Gonzales County	TX	Texas	48177
county	Gray County	TX	Texas	48179
county	Grayson County	TX	Texas	48181
county	Gregg County	TX	Texas	48183
county	Grimes County	TX	Texas	48185
county	Guadalupe County	TX	Texas	48187
county	Hale County	TX	Texas	48189
county	Hall County	TX	Texas	48191
county	Hamilton County	TX	Texas	48193
county	Hansford County	TX	Texas	48195
county	Hardeman County	TX	Texas	48197
county	Hardin County	TX	Texas	48199
county	Harris County	TX	Texas	48201
county	Harrison County	TX	Texas	48203
county	Hartley County	TX	Texas	48205
county	Haskell County	TX	Texas	48207
county	Hays County	TX	Texas	48209
county	Hemphill County	TX	Texas	48211
county	Henderson County	TX	Texas	48213
county	Hidalgo County	TX	Texas	48215
county	Hill County	TX	Texas	48217
county	Hockley County	TX	Texas	48219
county	Hood County	TX	Texas	48221
county	Hopkins County	TX	Texas	48223
county	Houston County	TX	Texas	48225
county	Howard County	TX	Texas	48227
county	Hudspeth County	TX	Texas	48229
county	Hunt County	TX	Texas	48231
county	Hutchinson County	TX	Texas	48233
county	Irion County	TX	Texas	48235
county	Jack County	TX	Texas	48237
county	Jackson County	TX	Texas	48239
county	Jasper County	TX	Texas	48241
county	Jeff Davis County	TX	Texas	48243
county	Jefferson County	TX	Texas	48245
county	Jim Hogg County	TX	Texas	48247
county	Jim Wells County	TX	Texas	48249
county	Johnson County	TX	Texas	48251
county	Jones County	TX	Texas	48253
county	Karnes County	TX	Texas	48255
county	Kaufman County	TX	Texas	48257
county	Kendall County	TX	Texas	48259
county	Kenedy County	TX	Texas	48261
county	Kent County	TX	Texas	48263
county	Kerr County	TX	Texas	48265
county	Kimble County	TX	Texas	48267
county	King County	TX	Texas	48269
county	Kinney County	TX	Texas	48271
county	Kleberg County	TX	Texas	48273
county	Knox County	TX	Texas	48275
county	Lamar County	TX	Texas	48277
county	Lamb County	TX	Texas	48279
county	Lampasas County	TX	Texas	48281
county	La Salle County	TX	Texas	48283
county	Lavaca County	TX	Texas	48285
county	Lee County	TX	Texas	48287
county	Leon County	TX	Texas	48289
county	Liberty County	TX	Texas	48291
county	Limestone County	TX	Texas	48293
county	Lipscomb County	TX	Texas	48295
county	Live Oak County	TX	Texas	48297
county	Llano County	TX	Texas	48299
county	Loving County	TX	Texas	48301
county	Lubbock County	TX	Texas	48303
county	Lynn County	TX	Texas	48305
county	McCulloch County	TX	Texas	48307
county	McLennan County	TX	Texas	48309
county	McMullen County	TX	Texas	48311
county	Madison County	TX	Texas	48313
county	Marion County	TX	Texas	48315
county	Martin County	TX	Texas	48317
county	Mason County	TX	Texas	48319
county	Matagorda County	TX	Texas	48321
county	Maverick County	TX	Texas	48323
county	Medina County	TX	Texas	48325
county	Menard County	TX	Texas	48327
county	Midland County	TX	Texas	48329
county	Milam County	TX	Texas	48331
county	Mills County	TX	Texas	48333
county	Mitchell County	TX	Texas	48335
county	Montague County	TX	Texas	48337
county	Montgomery County	TX	Texas	48339
county	Moore County	TX	Texas	48341
county	Morris County	TX	Texas	48343
county	Motley County	TX	Texas	48345
county	Nacogdoches County	TX	Texas	48347
county	Navarro County	TX	Texas	48349
county	Newton County	TX	Texas	48351
county	Nolan County	TX	Texas	48353
county	Nueces County	TX	Texas	48355
county	Ochiltree County	TX	Texas	48357
county	Oldham County	TX	Texas	48359
county	Orange County	TX	Texas	48361
county	Palo Pinto County	TX	Texas	48363
county	Panola County	TX	Texas	48365
county	Parker County	TX	Texas	48367
county	Parmer County	TX	Texas	48369
county	Pecos County	TX	Texas	48371
county	Polk County	TX	Texas	48373
county	Potter County	TX	Texas	48375
county	Presidio County	TX	Texas	48377
county	Rains County	TX	Texas	48379
county	Randall County	TX	Texas	48381
county	Reagan County	TX	Texas	48383
county	Real County	TX	Texas	48385
county	Red River County	TX	Texas	48387
county	Reeves County	TX	Texas	48389
county	Refugio County	TX	Texas	48391
county	Roberts County	TX	Texas	48393
county	Robertson County	TX	Texas	48395
county	Rockwall County	TX	Texas	48397
county	Runnels County	TX	Texas	48399
county	Rusk County	TX	Texas	48401
county	Sabine County	TX	Texas	48403
county	San Augustine County	TX	Texas	48405
county	San Jacinto County	TX	Texas	48407
county	San Patricio County	TX	Texas	48409
county	San Saba County	TX	Texas	48411
county	Schleicher County	TX	Texas	48413
county	Scurry County	TX	Texas	48415
county	Shackelford County	TX	Texas	48417
county	Shelby County	TX	Texas	48419
county	Sherman County	TX	Texas	48421
county	Smith County	TX	Texas	48423
county	Somervell County	TX	Texas	48425
county	Starr County	TX	Texas	48427
county	Stephens County	TX	Texas	48429
county	Sterling County	TX	Texas	48431
county	Stonewall County	TX	Texas	48433
county	Sutton County	TX	Texas	48435
county	Swisher County	TX	Texas	48437
county	Tarrant County	TX	Texas	48439
county	Taylor County	TX	Texas	48441
county	Terrell County	TX	Texas	48443
county	Terry County	TX	Texas	48445
county	Throckmorton County	TX	Texas	48447
county	Titus County	TX	Texas	48449
county	Tom Green County	TX	Texas	48451
county	Travis County	TX	Texas	48453
county	Trinity County	TX	Texas	48455
county	Tyler County	TX	Texas	48457
county	Upshur County	TX	Texas	48459
county	Upton County	TX	Texas	48461
county	Uvalde County	TX	Texas	48463
county	Val Verde County	TX	Texas	48465
county	Van Zandt County	TX	Texas	48467
county	Victoria County	TX	Texas	48469
county	Walker County	TX	Texas	48471
county	Waller County	TX	Texas	48473
county	Ward County	TX	Texas	48475
county	Washington County	TX	Texas	48477
county	Webb County	TX	Texas	48479
county	Wharton County	TX	Texas	48481
county	Wheeler County	TX	Texas	48483
county	Wichita County	TX	Texas	48485
county	Wilbarger County	TX	Texas	48487
county	Willacy County	TX	Texas	48489
county	Williamson County	TX	Texas	48491
county	Wilson County	TX	Texas	48493
county	Winkler County	TX	Texas	48495
county	Wise County	TX	Texas	48497
county	Wood County	TX	Texas	48499
county	Yoakum County	TX	Texas	48501
county	Young County	TX	Texas	48503
county	Zapata County	TX	Texas	48505
county	Zavala County	TX	Texas	48507
county	Beaver County	UT	Utah	49001
county	Box Elder County	UT	Utah	49003
county	Cache County	UT	Utah	49005
county	Carbon County	UT	Utah	49007
county	Daggett County	UT	Utah	49009
county	Davis County	UT	Utah	49011
county	Duchesne County	UT	Utah	49013
county	Emery County	UT	Utah	49015
county	Garfield County	UT	Utah	49017
county	Grand County	UT	Utah	49019
county	Iron County	UT	Utah	49021
county	Juab County	UT	Utah	49023
county	Kane County	UT	Utah	49025
county	Millard County	UT	Utah	49027
county	Morgan County	UT	Utah	49029
county	Piute County	UT	Utah	49031
county	Rich County	UT	Utah	49033
county	Salt Lake County	UT	Utah	49035
county	San Juan County	UT	Utah	49037
county	Sanpete County	UT	Utah	49039
county	Sevier County	UT	Utah	49041
county	Summit County	UT	Utah	49043
county	Tooele County	UT	Utah	49045
county	Uintah County	UT	Utah	49047
county	Utah County	UT	Utah	49049
county	Wasatch County	UT	Utah	49051
county	Washington County	UT	Utah	49053
county	Wayne County	UT	Utah	49055
county	Weber County	UT	Utah	49057
county	Addison County	VT	Vermont	50001
county	Bennington County	VT	Vermont	50003
county	Caledonia County	VT	Vermont	50005
county	Chittenden County	VT	Vermont	50007
county	Essex County	VT	Vermont	50009
county	Franklin County	VT	Vermont	50011
county	Grand Isle County	VT	Vermont	50013
county	Lamoille County	VT	Vermont	50015
county	Orange County	VT	Vermont	50017
county	Orleans County	VT	Vermont	50019
county	Rutland County	VT	Vermont	50021
county	Washington County	VT	Vermont	50023
county	Windham County	VT	Vermont	50025
county	Windsor County	VT	Vermont	50027
county	Accomack County	VA	Virginia	51001
county	Albemarle County	VA	Virginia	51003
county	Alleghany County	VA	Virginia	51005
county	Amelia County	VA	Virginia	51007
county	Amherst County	VA	Virginia	51009
county	Appomattox County	VA	Virginia	51011
county	Arlington County	VA	Virginia	51013
county	Augusta County	VA	Virginia	51015
county	Bath County	VA	Virginia	51017
county	Bedford County	VA	Virginia	51019
county	Bland County	VA	Virginia	51021
county	Botetourt County	VA	Virginia	51023
county	Brunswick County	VA	Virginia	51025
county	Buchanan County	VA	Virginia	51027
county	Buckingham County	VA	Virginia	51029
county	Campbell County	VA	Virginia	51031
county	Caroline County	VA	Virginia	51033
county	Carroll County	VA	Virginia	51035
county	Charles City County	VA	Virginia	51036
county	Charlotte County	VA	Virginia	51037
county	Chesterfield County	VA	Virginia	51041
county	Clarke County	VA	Virginia	51043
county	Craig County	VA	Virginia	51045
county	Culpeper County	VA	Virginia	51047
county	Cumberland County	VA	Virginia	51049
county	Dickenson County	VA	Virginia	51051
county	Dinwiddie County	VA	Virginia	51053
county	Essex County	VA	Virginia	51057
county	Fairfax County	VA	Virginia	51059
county	Fauquier County	VA	Virginia	51061
county	Floyd County	VA	Virginia	51063
county	Fluvanna County	VA	Virginia	51065
county	Franklin County	VA	Virginia	51067
county	Frederick County	VA	Virginia	51069
county	Giles County	VA	Virginia	51071
county	Gloucester County	VA	Virginia	51073
county	Goochland County	VA	Virginia	51075
county	Grayson County	VA	Virginia	51077
county	Greene County	VA	Virginia	51079
county	Greensville County	VA	Virginia	51081
county	Halifax County	VA	Virginia	51083
county	Hanover County	VA	Virginia	51085
county	Henrico County	VA	Virginia	51087
county	Henry County	VA	Virginia	51089
county	Highland County	VA	Virginia	51091
county	Isle of Wight County	VA	Virginia	51093
county	James City County	VA	Virginia	51095
county	King and Queen County	VA	Virginia	51097
county	King George County	VA	Virginia	51099
county	King William County	VA	Virginia	51101
county	Lancaster County	VA	Virginia	51103
county	Lee County	VA	Virginia	51105
county	Loudoun County	VA	Virginia	51107
county	Louisa County	VA	Virginia	51109
county	Lunenburg County	VA	Virginia	51111
county	Madison County	VA	Virginia	51113
county	Mathews County	VA	Virginia	51115
county	Mecklenburg County	VA	Virginia	51117
county	Middlesex County	VA	Virginia	51119
county	Montgomery County	VA	Virginia	51121
county	Nelson County	VA	Virginia	51125
county	New Kent County	VA	Virginia	51127
county	Northampton County	VA	Virginia	51131
county	Northumberland County	VA	Virginia	51133
county	Nottoway County	VA	Virginia	51135
county	Orange County	VA	Virginia	51137
county	Page County	VA	Virginia	51139
county	Patrick County	VA	Virginia	51141
county	Pittsylvania County	VA	Virginia	51143
county	Powhatan County	VA	Virginia	51145
county	Prince Edward County	VA	Virginia	51147
county	Prince George County	VA	Virginia	51149
county	Prince William County	VA	Virginia	51153
county	Pulaski County	VA	Virginia	51155
county	Rappahannock County	VA	Virginia	51157
county	Richmond County	VA	Virginia	51159
county	Roanoke County	VA	Virginia	51161
county	Rockbridge County	VA	Virginia	51163
county	Rockingham County	VA	Virginia	51165
county	Russell County	VA	Virginia	51167
county	Scott County	VA	Virginia	51169
county	Shenandoah County	VA	Virginia	51171
county	Smyth County	VA	Virginia	51173
county	Southampton County	VA	Virginia	51175
county	Spotsylvania County	VA	Virginia	51177
county	Stafford County	VA	Virginia	51179
county	Surry County	VA	Virginia	51181
county	Sussex County	VA	Virginia	51183
county	Tazewell County	VA	Virginia	51185
county	Warren County	VA	Virginia	51187
county	Washington County	VA	Virginia	51191
county	Westmoreland County	VA	Virginia	51193
county	Wise County	VA	Virginia	51195
county	Wythe County	VA	Virginia	51197
county	York County	VA	Virginia	51199
county	Alexandria city	VA	Virginia	51510
county	Bristol city	VA	Virginia	51520
county	Buena Vista city	VA	Virginia	51530
county	Charlottesville city	VA	Virginia	51540
county	Chesapeake city	VA	Virginia	51550
county	Colonial Heights city	VA	Virginia	51570
county	Covington city	VA	Virginia	51580
county	Danville city	VA	Virginia	51590
county	Emporia city	VA	Virginia	51595
county	Fairfax city	VA	Virginia	51600
county	Falls Church city	VA	Virginia	51610
county	Franklin city	VA	Virginia	51620
county	Fredericksburg city	VA	Virginia	51630
county	Galax city	VA	Virginia	51640
county	Hampton city	VA	Virginia	51650
county	Harrisonburg city	VA	Virginia	51660
county	Hopewell city	VA	Virginia	51670
county	Lexington city	VA	Virginia	51678
county	Lynchburg city	VA	Virginia	51680
county	Manassas city	VA	Virginia	51683
county	Manassas Park city	VA	Virginia	51685
county	Martinsville city	VA	Virginia	51690
county	Newport News city	VA	Virginia	51700
county	Norfolk city	VA	Virginia	51710
county	Norton city	VA	Virginia	51720
county	Petersburg city	VA	Virginia	51730
county	Poquoson city	VA	Virginia	51735
county	Portsmouth city	VA	Virginia	51740
county	Radford city	VA	Virginia	51750
county	Richmond city	VA	Virginia	51760
county	Roanoke city	VA	Virginia	51770
county	Salem city	VA	Virginia	51775
county	Staunton city	VA	Virginia	51790
county	Suffolk city	VA	Virginia	51800
county	Virginia Beach city	VA	Virginia	51810
county	Waynesboro city	VA	Virginia	51820
county	Williamsburg city	VA	Virginia	51830
county	Winchester city	VA	Virginia	51840
county	Adams County	WA	Washington	53001
county	Asotin County	WA	Washington	53003
county	Benton County	WA	Washington	53005
county	Chelan County	WA	Washington	53007
county	Clallam County	WA	Washington	53009
county	Clark County	WA	Washington	53011
county	Columbia County	WA	Washington	53013
county	Cowlitz County	WA	Washington	53015
county	Douglas County	WA	Washington	53017
county	Ferry County	WA	Washington	53019
county	Franklin County	WA	Washington	53021
county	Garfield County	WA	Washington	53023
county	Grant County	WA	Washington	53025
county	Grays Harbor County	WA	Washington	53027
county	Island County	WA	Washington	53029
county	Jefferson County	WA	Washington	53031
county	King County	WA	Washington	53033
county	Kitsap County	WA	Washington	53035
county	Kittitas County	WA	Washington	53037
county	Klickitat County	WA	Washington	53039
county	Lewis County	WA	Washington	53041
county	Lincoln County	WA	Washington	53043
county	Mason County	WA	Washington	53045
county	Okanogan County	WA	Washington	53047
county	Pacific County	WA	Washington	53049
county	Pend Oreille County	WA	Washington	53051
county	Pierce County	WA	Washington	53053
county	San Juan County	WA	Washington	53055
county	Skagit County	WA	Washington	53057
county	Skamania County	WA	Washington	53059
county	Snohomish County	WA	Washington	53061
county	Spokane County	WA	Washington	53063
county	Stevens County	WA	Washington	53065
county	Thurston County	WA	Washington	53067
county	Wahkiakum County	WA	Washington	53069
county	Walla Walla County	WA	Washington	53071
county	Whatcom County	WA	Washington	53073
county	Whitman County	WA	Washington	53075
county	Yakima County	WA	Washington	53077
county	Barbour County	WV	West Virginia	54001
county	Berkeley County	WV	West Virginia	54003
county	Boone County	WV	West Virginia	54005
county	Braxton County	WV	West Virginia	54007
county	Brooke County	WV	West Virginia	54009
county	Cabell County	WV	West Virginia	54011
county	Calhoun County	WV	West Virginia	54013
county	Clay County	WV	West Virginia	54015
county	Doddridge County	WV	West Virginia	54017
county	Fayette County	WV	West Virginia	54019
county	Gilmer County	WV	West Virginia	54021
county	Grant County	WV	West Virginia	54023
county	Greenbrier County	WV	West Virginia	54025
county	Hampshire County	WV	West Virginia	54027
county	Hancock County	WV	West Virginia	54029
county	Hardy County	WV	West Virginia	54031
county	Harrison County	WV	West Virginia	54033
county	Jackson County	WV	West Virginia	54035
county	Jefferson County	WV	West Virginia	54037
county	Kanawha County	WV	West Virginia	54039
county	Lewis County	WV	West Virginia	54041
county	Lincoln County	WV	West Virginia	54043
county	Logan County	WV	West Virginia	54045
county	McDowell County	WV	West Virginia	54047
county	Marion County	WV	West Virginia	54049
county	Marshall County	WV	West Virginia	54051
county	Mason County	WV	West Virginia	54053
county	Mercer County	WV	West Virginia	54055
county	Mineral County	WV	West Virginia	54057
county	Mingo County	WV	West Virginia	54059
county	Monongalia County	WV	West Virginia	54061
county	Monroe County	WV	West Virginia	54063
county	Morgan County	WV	West Virginia	54065
county	Nicholas County	WV	West Virginia	54067
county	Ohio County	WV	West Virginia	54069
county	Pendleton County	WV	West Virginia	54071
county	Pleasants County	WV	West Virginia	54073
county	Pocahontas County	WV	West Virginia	54075
county	Preston County	WV	West Virginia	54077
county	Putnam County	WV	West Virginia	54079
county	Raleigh County	WV	West Virginia	54081
county	Randolph County	WV	West Virginia	54083
county	Ritchie County	WV	West Virginia	54085
county	Roane County	WV	West Virginia	54087
county	Summers County	WV	West Virginia	54089
county	Taylor County	WV	West Virginia	54091
county	Tucker County	WV	West Virginia	54093
county	Tyler County	WV	West Virginia	54095
county	Upshur County	WV	West Virginia	54097
county	Wayne County	WV	West Virginia	54099
county	Webster County	WV	West Virginia	54101
county	Wetzel County	WV	West Virginia	54103
county	Wirt County	WV	West Virginia	54105
county	Wood County	WV	West Virginia	54107
county	Wyoming County	WV	West Virginia	54109
county	Adams County	WI	Wisconsin	55001
county	Ashland County	WI	Wisconsin	55003
county	Barron County	WI	Wisconsin	55005
county	Bayfield County	WI	Wisconsin	55007
county	Brown County	WI	Wisconsin	55009
county	Buffalo County	WI	Wisconsin	55011
county	Burnett County	WI	Wisconsin	55013
county	Calumet County	WI	Wisconsin	55015
county	Chippewa County	WI	Wisconsin	55017
county	Clark County	WI	Wisconsin	55019
county	Columbia County	WI	Wisconsin	55021
county	Crawford County	WI	Wisconsin	55023
county	Dane County	WI	Wisconsin	55025
county	Dodge County	WI	Wisconsin	55027
county	Door County	WI	Wisconsin	55029
county	Douglas County	WI	Wisconsin	55031
county	Dunn County	WI	Wisconsin	55033
county	Eau Claire County	WI	Wisconsin	55035
county	Florence County	WI	Wisconsin	55037
county	Fond du Lac County	WI	Wisconsin	55039
county	Forest County	WI	Wisconsin	55041
county	Grant County	WI	Wisconsin	55043
county	Green County	WI	Wisconsin	55045
county	Green Lake County	WI	Wisconsin	55047
county	Iowa County	WI	Wisconsin	55049
county	Iron County	WI	Wisconsin	55051
county	Jackson County	WI	Wisconsin	55053
county	Jefferson County	WI	Wisconsin	55055
county	Juneau County	WI	Wisconsin	55057
county	Kenosha County	WI	Wisconsin	55059
county	Kewaunee County	WI	Wisconsin	55061
county	La Crosse County	WI	Wisconsin	55063
county	Lafayette County	WI	Wisconsin	55065
county	Langlade County	WI	Wisconsin	55067
county	Lincoln County	WI	Wisconsin	55069
county	Manitowoc County	WI	Wisconsin	55071
county	Marathon County	WI	Wisconsin	55073
county	Marinette County	WI	Wisconsin	55075
county	Marquette County	WI	Wisconsin	55077
county	Menominee County	WI	Wisconsin	55078
county	Milwaukee County	WI	Wisconsin	55079
county	Monroe County	WI	Wisconsin	55081
county	Oconto County	WI	Wisconsin	55083
county	Oneida County	WI	Wisconsin	55085
county	Outagamie County	WI	Wisconsin	55087
county	Ozaukee County	WI	Wisconsin	55089
county	Pepin County	WI	Wisconsin	55091
county	Pierce County	WI	Wisconsin	55093
county	Polk County	WI	Wisconsin	55095
county	Portage County	WI	Wisconsin	55097
county	Price County	WI	Wisconsin	55099
county	Racine County	WI	Wisconsin	55101
county	Richland County	WI	Wisconsin	55103
county	Rock County	WI	Wisconsin	55105
county	Rusk County	WI	Wisconsin	55107
county	St. Croix County	WI	Wisconsin	55109
county	Sauk County	WI	Wisconsin	55111
county	Sawyer County	WI	Wisconsin	55113
county	Shawano County	WI	Wisconsin	55115
county	Sheboygan County	WI	Wisconsin	55117
county	Taylor County	WI	Wisconsin	55119
county	Trempealeau County	WI	Wisconsin	55121
county	Vernon County	WI	Wisconsin	55123
county	Vilas County	WI	Wisconsin	55125
county	Walworth County	WI	Wisconsin	55127
county	Washburn County	WI	Wisconsin	55129
county	Washington County	WI	Wisconsin	55131
county	Waukesha County	WI	Wisconsin	55133
county	Waupaca County	WI	Wisconsin	55135
county	Waushara County	WI	Wisconsin	55137
county	Winnebago County	WI	Wisconsin	55139
county	Wood County	WI	Wisconsin	55141
county	Albany County	WY	Wyoming	56001
county	Big Horn County	WY	Wyoming	56003
county	Campbell County	WY	Wyoming	56005
county	Carbon County	WY	Wyoming	56007
county	Converse County	WY	Wyoming	56009
county	Crook County	WY	Wyoming	56011
county	Fremont County	WY	Wyoming	56013
county	Goshen County	WY	Wyoming	56015
county	Hot Springs County	WY	Wyoming	56017
county	Johnson County	WY	Wyoming	56019
county	Laramie County	WY	Wyoming	56021
county	Lincoln County	WY	Wyoming	56023
county	Natrona County	WY	Wyoming	56025
county	Niobrara County	WY	Wyoming	56027
county	Park County	WY	Wyoming	56029
county	Platte County	WY	Wyoming	56031
county	Sheridan County	WY	Wyoming	56033
county	Sublette County	WY	Wyoming	56035
county	Sweetwater County	WY	Wyoming	56037
county	Teton County	WY	Wyoming	56039
county	Uinta County	WY	Wyoming	56041
county	Washakie County	WY	Wyoming	56043
county	Weston County	WY	Wyoming	56045
city	Abbeville	AL	Alabama	
city	Adamsville	AL	Alabama	
city	Addison	AL	Alabama	
city	Akron	AL	Alabama	
city	Alabaster	AL	Alabama	
city	Albertville	AL	Alabama	
city	Alexander City	AL	Alabama	
city	Aliceville	AL	Alabama	
city	Allgood	AL	Alabama	
city	Altoona	AL	Alabama	
city	Andalusia	AL	Alabama	
city	Anderson	AL	Alabama	
city	Anniston	AL	Alabama	
city	Arab	AL	Alabama	
city	Ardmore	AL	Alabama	
city	Argo	AL	Alabama	
city	Ariton	AL	Alabama	
city	Arley	AL	Alabama	
city	Ashford	AL	Alabama	
city	Ashland	AL	Alabama	
city	Ashville	AL	Alabama	
city	Athens	AL	Alabama	
city	Atmore	AL	Alabama	
city	Attalla	AL	Alabama	
city	Auburn	AL	Alabama	
city	Autaugaville	AL	Alabama	
city	Avon	AL	Alabama	
city	Babbie	AL	Alabama	
city	Baileyton	AL	Alabama	
city	Bakerhill	AL	Alabama	
city	Banks	AL	Alabama	
city	Bay Minette	AL	Alabama	
city	Bayou La Batre	AL	Alabama	
city	Bear Creek	AL	Alabama	
city	Beatrice	AL	Alabama	
city	Beaverton	AL	Alabama	
city	Belk	AL	Alabama	
city	Benton	AL	Alabama	
city	Berlin	AL	Alabama	
city	Berry	AL	Alabama	
city	Bessemer	AL	Alabama	
city	Billingsley	AL	Alabama	
city	Birmingham	AL	Alabama	
city	Black	AL	Alabama	
city	Blountsville	AL	Alabama	
city	Blue Springs	AL	Alabama	
city	Boaz	AL	Alabama	
city	Boligee	AL	Alabama	
city	Bon Air	AL	Alabama	
city	Brantley	AL	Alabama	
city	Brent	AL	Alabama	
city	Brewton	AL	Alabama	
city	Bridgeport	AL	Alabama	
city	Brighton	AL	Alabama	
city	Brilliant	AL	Alabama	
city	Brookside	AL	Alabama	
city	Brookwood	AL	Alabama	
city	Brundidge	AL	Alabama	
city	Butler	AL	Alabama	
city	Calera	AL	Alabama	
city	Camden	AL	Alabama	
city	Camp Hill	AL	Alabama	
city	Carbon Hill	AL	Alabama	
city	Cardiff	AL	Alabama	
city	Carolina	AL	Alabama	
city	Carrollton	AL	Alabama	
city	Castleberry	AL	Alabama	
city	Cedar Bluff	AL	Alabama	
city	Center Point	AL	Alabama	
city	Centre	AL	Alabama	
city	Centreville	AL	Alabama	
city	Chatom	AL	Alabama	
city	Chelsea	AL	Alabama	
city	Cherokee	AL	Alabama	
city	Chickasaw	AL	Alabama	
city	Childersburg	AL	Alabama	
city	Citronelle	AL	Alabama	
city	Clanton	AL	Alabama	
city	Clay	AL	Alabama	
city	Clayhatchee	AL	Alabama	
city	Clayton	AL	Alabama	
city	Cleveland	AL	Alabama	
city	Clio	AL	Alabama	
city	Coaling	AL	Alabama	
city	Coffee Springs	AL	Alabama	
city	Coffeeville	AL	Alabama	
city	Coker	AL	Alabama	
city	Collinsville	AL	Alabama	
city	Colony	AL	Alabama	
city	Columbia	AL	Alabama	
city	Columbiana	AL	Alabama	
city	Coosada	AL	Alabama	
city	Cordova	AL	Alabama	
city	Cottonwood	AL	Alabama	
city	County Line	AL	Alabama	
city	Courtland	AL	Alabama	
city	Cowarts	AL	Alabama	
city	Creola	AL	Alabama	
city	Crossville	AL	Alabama	
city	Cuba	AL	Alabama	
city	Cullman	AL	Alabama	
city	Cusseta	AL	Alabama	
city	Dadeville	AL	Alabama	
city	Daleville	AL	Alabama	
city	Daphne	AL	Alabama	
city	Dauphin Island	AL	Alabama	
city	Daviston	AL	Alabama	
city	Dayton	AL	Alabama	
city	Deatsville	AL	Alabama	
city	Decatur	AL	Alabama	
city	Demopolis	AL	Alabama	
city	Detroit	AL	Alabama	
city	Dodge City	AL	Alabama	
city	Dora	AL	Alabama	
city	Dothan	AL	Alabama	
city	Double Springs	AL	Alabama	
city	Douglas	AL	Alabama	
city	Dozier	AL	Alabama	
city	Dutton	AL	Alabama	
city	East Brewton	AL	Alabama	
city	Eclectic	AL	Alabama	
city	Edwardsville	AL	Alabama	
city	Elba	AL	Alabama	
city	Elberta	AL	Alabama	
city	Eldridge	AL	Alabama	
city	Elkmont	AL	Alabama	
city	Elmore	AL	Alabama	
city	Emelle	AL	Alabama	
city	Enterprise	AL	Alabama	
city	Epes	AL	Alabama	
city	Ethelsville	AL	Alabama	
city	Eufaula	AL	Alabama	
city	Eutaw	AL	Alabama	
city	Eva	AL	Alabama	
city	Evergreen	AL	Alabama	
city	Excel	AL	Alabama	
city	Fairfield	AL	Alabama	
city	Fairhope	AL	Alabama	
city	Fairview	AL	Alabama	
city	Falkville	AL	Alabama	
city	Faunsdale	AL	Alabama	
city	Fayette	AL	Alabama	
city	Five Points	AL	Alabama	
city	Flomaton	AL	Alabama	
city	Florala	AL	Alabama	
city	Florence	AL	Alabama	
city	Foley	AL	Alabama	
city	Forkland	AL	Alabama	
city	Fort Deposit	AL	Alabama	
city	Fort Payne	AL	Alabama	
city	Franklin	AL	Alabama	
city	Frisco City	AL	Alabama	
city	Fruithurst	AL	Alabama	
city	Fulton	AL	Alabama	
city	Fultondale	AL	Alabama	
city	Fyffe	AL	Alabama	
city	Gadsden	AL	Alabama	
city	Gainesville	AL	Alabama	
city	Gantt	AL	Alabama	
city	Garden City	AL	Alabama	
city	Gardendale	AL	Alabama	
city	Gaylesville	AL	Alabama	
city	Geiger	AL	Alabama	
city	Geneva	AL	Alabama	
city	Georgiana	AL	Alabama	
city	Geraldine	AL	Alabama	
city	Gilbertown	AL	Alabama	
city	Glen Allen	AL	Alabama	
city	Glencoe	AL	Alabama	
city	Glenwood	AL	Alabama	
city	Goldville	AL	Alabama	
city	Good Hope	AL	Alabama	
city	Goodwater	AL	Alabama	
city	Gordo	AL	Alabama	
city	Gordon	AL	Alabama	
city	Gordonville	AL	Alabama	
city	Goshen	AL	Alabama	
city	Grant	AL	Alabama	
city	Graysville	AL	Alabama	
city	Greensboro	AL	Alabama	
city	Greenville	AL	Alabama	
city	Grimes	AL	Alabama	
city	Grove Hill	AL	Alabama	
city	Guin	AL	Alabama	
city	Gulf Shores	AL	Alabama	
city	Guntersville	AL	Alabama	
city	Gurley	AL	Alabama	
city	Gu-Win	AL	Alabama	
city	Hackleburg	AL	Alabama	
city	Haleburg	AL	Alabama	
city	Haleyville	AL	Alabama	
city	Hamilton	AL	Alabama	
city	Hammondville	AL	Alabama	
city	Hanceville	AL	Alabama	
city	Harpersville	AL	Alabama	
city	Hartford	AL	Alabama	
city	Hartselle	AL	Alabama	
city	Hayden	AL	Alabama	
city	Hayneville	AL	Alabama	
city	Headland	AL	Alabama	
city	Heath	AL	Alabama	
city	Heflin	AL	Alabama	
city	Helena	AL	Alabama	
city	Henagar	AL	Alabama	
city	Highland Lake	AL	Alabama	
city	Hillsboro	AL	Alabama	
city	Hobson City	AL	Alabama	
city	Hodges	AL	Alabama	
city	Hokes Bluff	AL	Alabama	
city	Holly Pond	AL	Alabama	
city	Hollywood	AL	Alabama	
city	Homewood	AL	Alabama	
city	Hoover	AL	Alabama	
city	Horn Hill	AL	Alabama	
city	Hueytown	AL	Alabama	
city	Huntsville	AL	Alabama	
city	Hurtsboro	AL	Alabama	
city	Hytop	AL	Alabama	
city	Ider	AL	Alabama	
city	Indian Springs Village	AL	Alabama	
city	Irondale	AL	Alabama	
city	Jackson	AL	Alabama	
city	Jacksons' Gap	AL	Alabama	
city	Jacksonville	AL	Alabama	
city	Jasper	AL	Alabama	
city	Jemison	AL	Alabama	
city	Kansas	AL	Alabama	
city	Kellyton	AL	Alabama	
city	Kennedy	AL	Alabama	
city	Killen	AL	Alabama	
city	Kimberly	AL	Alabama	
city	Kinsey	AL	Alabama	
city	Kinston	AL	Alabama	
city	La Fayette	AL	Alabama	
city	Lakeview	AL	Alabama	
city	Lake View	AL	Alabama	
city	Lanett	AL	Alabama	
city	Langston	AL	Alabama	
city	Leeds	AL	Alabama	
city	Leesburg	AL	Alabama	
city	Leighton	AL	Alabama	
city	Lester	AL	Alabama	
city	Level Plains	AL	Alabama	
city	Lexington	AL	Alabama	
city	Libertyville	AL	Alabama	
city	Lincoln	AL	Alabama	
city	Linden	AL	Alabama	
city	Lineville	AL	Alabama	
city	Lipscomb	AL	Alabama	
city	Lisman	AL	Alabama	
city	Littleville	AL	Alabama	
city	Livingston	AL	Alabama	
city	Loachapoka	AL	Alabama	
city	Lockhart	AL	Alabama	
city	Locust Fork	AL	Alabama	
city	Louisville	AL	Alabama	
city	Lowndesboro	AL	Alabama	
city	Loxley	AL	Alabama	
city	Luverne	AL	Alabama	
city	Lynn	AL	Alabama	
city	McIntosh	AL	Alabama	
city	McKenzie	AL	Alabama	
city	McMullen	AL	Alabama	
city	Madison	AL	Alabama	
city	Madrid	AL	Alabama	
city	Magnolia Springs	AL	Alabama	
city	Malvern	AL	Alabama	
city	Maplesville	AL	Alabama	
city	Margaret	AL	Alabama	
city	Marion	AL	Alabama	
city	Maytown	AL	Alabama	
city	Memphis	AL	Alabama	
city	Mentone	AL	Alabama	
city	Midfield	AL	Alabama	
city	Midland City	AL	Alabama	
city	Midway	AL	Alabama	
city	Millbrook	AL	Alabama	
city	Millport	AL	Alabama	
city	Millry	AL	Alabama	
city	Mobile	AL	Alabama	
city	Monroeville	AL	Alabama	
city	Montevallo	AL	Alabama	
city	Montgomery	AL	Alabama	
city	Moody	AL	Alabama	
city	Mooresville	AL	Alabama	
city	Morris	AL	Alabama	
city	Mosses	AL	Alabama	
city	Moulton	AL	Alabama	
city	Moundville	AL	Alabama	
city	Mountain Brook	AL	Alabama	
city	Mount Vernon	AL	Alabama	
city	Mulga	AL	Alabama	
city	Munford	AL	Alabama	
city	Muscle Shoals	AL	Alabama	
city	Myrtlewood	AL	Alabama	
city	Napier Field	AL	Alabama	
city	Natural Bridge	AL	Alabama	
city	Nauvoo	AL	Alabama	
city	Nectar	AL	Alabama	
city	Needham	AL	Alabama	
city	Newbern	AL	Alabama	
city	New Brockton	AL	Alabama	
city	New Hope	AL	Alabama	
city	New Site	AL	Alabama	
city	Newton	AL	Alabama	
city	Newville	AL	Alabama	
city	North Courtland	AL	Alabama	
city	North Johns	AL	Alabama	
city	Northport	AL	Alabama	
city	Notasulga	AL	Alabama	
city	Oak Grove	AL	Alabama	
city	Oak Hill	AL	Alabama	
city	Oakman	AL	Alabama	
city	Odenville	AL	Alabama	
city	Ohatchee	AL	Alabama	
city	Oneonta	AL	Alabama	
city	Onycha	AL	Alabama	
city	Opelika	AL	Alabama	
city	Opp	AL	Alabama	
city	Orange Beach	AL	Alabama	
city	Orrville	AL	Alabama	
city	Owens Cross Roads	AL	Alabama	
city	Oxford	AL	Alabama	
city	Ozark	AL	Alabama	
city	Paint Rock	AL	Alabama	
city	Parrish	AL	Alabama	
city	Pelham	AL	Alabama	
city	Pell City	AL	Alabama	
city	Pennington	AL	Alabama	
city	Perdido Beach	AL	Alabama	
city	Petrey	AL	Alabama	
city	Phenix City	AL	Alabama	
city	Phil Campbell	AL	Alabama	
city	Pickensville	AL	Alabama	
city	Piedmont	AL	Alabama	
city	Pike Road	AL	Alabama	
city	Pinckard	AL	Alabama	
city	Pine Apple	AL	Alabama	
city	Pine Hill	AL	Alabama	
city	Pine Ridge	AL	Alabama	
city	Pinson	AL	Alabama	
city	Pisgah	AL	Alabama	
city	Pleasant Grove	AL	Alabama	
city	Pleasant Groves	AL	Alabama	
city	Pollard	AL	Alabama	
city	Powell	AL	Alabama	
city	Prattville	AL	Alabama	
city	Priceville	AL	Alabama	
city	Prichard	AL	Alabama	
city	Providence	AL	Alabama	
city	Ragland	AL	Alabama	
city	Rainbow City	AL	Alabama	
city	Rainsville	AL	Alabama	
city	Ranburne	AL	Alabama	
city	Red Bay	AL	Alabama	
city	Red Level	AL	Alabama	
city	Reece City	AL	Alabama	
city	Reform	AL	Alabama	
city	Rehobeth	AL	Alabama	
city	Repton	AL	Alabama	
city	Ridgeville	AL	Alabama	
city	River Falls	AL	Alabama	
city	Riverside	AL	Alabama	
city	Riverview	AL	Alabama	
city	Roanoke	AL	Alabama	
city	Robertsdale	AL	Alabama	
city	Rockford	AL	Alabama	
city	Rogersville	AL	Alabama	
city	Rosa	AL	Alabama	
city	Russellville	AL	Alabama	
city	Rutledge	AL	Alabama	
city	St. Florian	AL	Alabama	
city	Samson	AL	Alabama	
city	Sand Rock	AL	Alabama	
city	Sanford	AL	Alabama	
city	Saraland	AL	Alabama	
city	Sardis City	AL	Alabama	
city	Satsuma	AL	Alabama	
city	Scottsboro	AL	Alabama	
city	Section	AL	Alabama	
city	Selma	AL	Alabama	
city	Semmes	AL	Alabama	
city	Sheffield	AL	Alabama	
city	Shiloh	AL	Alabama	
city	Shorter	AL	Alabama	
city	Silas	AL	Alabama	
city	Silverhill	AL	Alabama	
city	Sipsey	AL	Alabama	
city	Skyline	AL	Alabama	
city	Slocomb	AL	Alabama	
city	Smiths Station	AL	Alabama	
city	Snead	AL	Alabama	
city	Somerville	AL	Alabama	
city	Southside	AL	Alabama	
city	South Vinemont	AL	Alabama	
city	Spanish Fort	AL	Alabama	
city	Springville	AL	Alabama	
city	Steele	AL	Alabama	
city	Stevenson	AL	Alabama	
city	Sulligent	AL	Alabama	
city	Sumiton	AL	Alabama	
city	Summerdale	AL	Alabama	
city	Susan Moore	AL	Alabama	
city	Sweet Water	AL	Alabama	
city	Sylacauga	AL	Alabama	
city	Sylvania	AL	Alabama	
city	Sylvan Springs	AL	Alabama	
city	Talladega	AL	Alabama	
city	Talladega Springs	AL	Alabama	
city	Tallassee	AL	Alabama	
city	Tarrant	AL	Alabama	
city	Taylor	AL	Alabama	
city	Thomaston	AL	Alabama	
city	Thomasville	AL	Alabama	
city	Thorsby	AL	Alabama	
city	Town Creek	AL	Alabama	
city	Toxey	AL	Alabama	
city	Trafford	AL	Alabama	
city	Triana	AL	Alabama	
city	Trinity	AL	Alabama	
city	Troy	AL	Alabama	
city	Trussville	AL	Alabama	
city	Tuscaloosa	AL	Alabama	
city	Tuscumbia	AL	Alabama	
city	Tuskegee	AL	Alabama	
city	Twin	AL	Alabama	
city	Union	AL	Alabama	
city	Union Grove	AL	Alabama	
city	Union Springs	AL	Alabama	
city	Uniontown	AL	Alabama	
city	Valley	AL	Alabama	
city	Valley Grande	AL	Alabama	
city	Valley Head	AL	Alabama	
city	Vance	AL	Alabama	
city	Vernon	AL	Alabama	
city	Vestavia Hills	AL	Alabama	
city	Vina	AL	Alabama	
city	Vincent	AL	Alabama	
city	Vredenburgh	AL	Alabama	
city	Wadley	AL	Alabama	
city	Waldo	AL	Alabama	
city	Walnut Grove	AL	Alabama	
city	Warrior	AL	Alabama	
city	Waterloo	AL	Alabama	
city	Waverly	AL	Alabama	
city	Weaver	AL	Alabama	
city	Webb	AL	Alabama	
city	Wedowee	AL	Alabama	
city	West Blocton	AL	Alabama	
city	West Jefferson	AL	Alabama	
city	Westover	AL	Alabama	
city	West Point	AL	Alabama	
city	Wetumpka	AL	Alabama	
city	White Hall	AL	Alabama	
city	Wilsonville	AL	Alabama	
city	Wilton	AL	Alabama	
city	Winfield	AL	Alabama	
city	Woodland	AL	Alabama	
city	Woodstock	AL	Alabama	
city	Woodville	AL	Alabama	
city	Yellow Bluff	AL	Alabama	
city	York	AL	Alabama	
city	Adak	AK	Alaska	
city	Akhiok	AK	Alaska	
city	Akiak	AK	Alaska	
city	Akutan	AK	Alaska	
city	Alakanuk	AK	Alaska	
city	Aleknagik	AK	Alaska	
city	Allakaket	AK	Alaska	
city	Ambler	AK	Alaska	
city	Anaktuvuk Pass	AK	Alaska	
city	Anchorage	AK	Alaska	
city	Anderson	AK	Alaska	
city	Angoon	AK	Alaska	
city	Aniak	AK	Alaska	
city	Anvik	AK	Alaska	
city	Atka	AK	Alaska	
city	Atqasuk	AK	Alaska	
city	Bethel	AK	Alaska	
city	Bettles	AK	Alaska	
city	Brevig Mission	AK	Alaska	
city	Buckland	AK	Alaska	
city	Chefornak	AK	Alaska	
city	Chevak	AK	Alaska	
city	Chignik	AK	Alaska	
city	Chuathbaluk	AK	Alaska	
city	Clark's Point	AK	Alaska	
city	Coffman Cove	AK	Alaska	
city	Cold Bay	AK	Alaska	
city	Cordova	AK	Alaska	
city	Craig	AK	Alaska	
city	Deering	AK	Alaska	
city	Delta Junction	AK	Alaska	
city	Dillingham	AK	Alaska	
city	Diomede	AK	Alaska	
city	Eagle	AK	Alaska	
city	Edna Bay	AK	Alaska	
city	Eek	AK	Alaska	
city	Egegik	AK	Alaska	
city	Ekwok	AK	Alaska	
city	Elim	AK	Alaska	
city	Emmonak	AK	Alaska	
city	Fairbanks	AK	Alaska	
city	False Pass	AK	Alaska	
city	Fort Yukon	AK	Alaska	
city	Galena	AK	Alaska	
city	Gambell	AK	Alaska	
city	Golovin	AK	Alaska	
city	Goodnews Bay	AK	Alaska	
city	Grayling	AK	Alaska	
city	Gustavus	AK	Alaska	
city	Holy Cross	AK	Alaska	
city	Homer	AK	Alaska	
city	Hoonah	AK	Alaska	
city	Hooper Bay	AK	Alaska	
city	Houston	AK	Alaska	
city	Hughes	AK	Alaska	
city	Huslia	AK	Alaska	
city	Hydaburg	AK	Alaska	
city	Juneau city and	AK	Alaska	
city	Kachemak	AK	Alaska	
city	Kake	AK	Alaska	
city	Kaktovik	AK	Alaska	
city	Kaltag	AK	Alaska	
city	Kasaan	AK	Alaska	
city	Kenai	AK	Alaska	
city	Ketchikan	AK	Alaska	
city	Kiana	AK	Alaska	
city	King Cove	AK	Alaska	
city	Kivalina	AK	Alaska	
city	Klawock	AK	Alaska	
city	Kobuk	AK	Alaska	
city	Kodiak	AK	Alaska	
city	Kotlik	AK	Alaska	
city	Kotzebue	AK	Alaska	
city	Koyuk	AK	Alaska	
city	Koyukuk	AK	Alaska	
city	Kupreanof	AK	Alaska	
city	Kwethluk	AK	Alaska	
city	Larsen Bay	AK	Alaska	
city	Lower Kalskag	AK	Alaska	
city	McGrath	AK	Alaska	
city	Manokotak	AK	Alaska	
city	Marshall	AK	Alaska	
city	Mekoryuk	AK	Alaska	
city	Mountain Village	AK	Alaska	
city	Napakiak	AK	Alaska	
city	Napaskiak	AK	Alaska	
city	Nenana	AK	Alaska	
city	Newhalen	AK	Alaska	
city	New Stuyahok	AK	Alaska	
city	Nightmute	AK	Alaska	
city	Nikolai	AK	Alaska	
city	Nome	AK	Alaska	
city	Nondalton	AK	Alaska	
city	Noorvik	AK	Alaska	
city	North Pole	AK	Alaska	
city	Nuiqsut	AK	Alaska	
city	Nulato	AK	Alaska	
city	Nunam Iqua	AK	Alaska	
city	Nunapitchuk	AK	Alaska	
city	Old Harbor	AK	Alaska	
city	Ouzinkie	AK	Alaska	
city	Palmer	AK	Alaska	
city	Pelican	AK	Alaska	
city	Pilot Point	AK	Alaska	
city	Pilot Station	AK	Alaska	
city	Platinum	AK	Alaska	
city	Point Hope	AK	Alaska	
city	Port Alexander	AK	Alaska	
city	Port Heiden	AK	Alaska	
city	Port Lions	AK	Alaska	
city	Quinhagak	AK	Alaska	
city	Ruby	AK	Alaska	
city	Russian Mission	AK	Alaska	
city	St. George	AK	Alaska	
city	St. Mary's	AK	Alaska	
city	St. Michael	AK	Alaska	
city	St. Paul	AK	Alaska	
city	Sand Point	AK	Alaska	
city	Savoonga	AK	Alaska	
city	Saxman	AK	Alaska	
city	Scammon Bay	AK	Alaska	
city	Selawik	AK	Alaska	
city	Seldovia	AK	Alaska	
city	Seward	AK	Alaska	
city	Shageluk	AK	Alaska	
city	Shaktoolik	AK	Alaska	
city	Shishmaref	AK	Alaska	
city	Shungnak	AK	Alaska	
city	Sitka city and	AK	Alaska	
city	Soldotna	AK	Alaska	
city	Stebbins	AK	Alaska	
city	Tanana	AK	Alaska	
city	Teller	AK	Alaska	
city	Tenakee Springs	AK	Alaska	
city	Thorne Bay	AK	Alaska	
city	Togiak	AK	Alaska	
city	Toksook Bay	AK	Alaska	
city	Unalakleet	AK	Alaska	
city	Unalaska	AK	Alaska	
city	Upper Kalskag	AK	Alaska	
city	Utqiaġvik	AK	Alaska	
city	Valdez	AK	Alaska	
city	Wainwright	AK	Alaska	
city	Wales	AK	Alaska	
city	Wasilla	AK	Alaska	
city	Whale Pass	AK	Alaska	
city	White Mountain	AK	Alaska	
city	Whittier	AK	Alaska	
city	Wrangell city and	AK	Alaska	
city	Apache Junction	AZ	Arizona	
city	Avondale	AZ	Arizona	
city	Benson	AZ	Arizona	
city	Bisbee	AZ	Arizona	
city	Buckeye	AZ	Arizona	
city	Bullhead City	AZ	Arizona	
city	Camp Verde	AZ	Arizona	
city	Carefree	AZ	Arizona	
city	Casa Grande	AZ	Arizona	
city	Cave Creek	AZ	Arizona	
city	Chandler	AZ	Arizona	
city	Chino Valley	AZ	Arizona	
city	Clarkdale	AZ	Arizona	
city	Clifton	AZ	Arizona	
city	Colorado City	AZ	Arizona	
city	Coolidge	AZ	Arizona	
city	Cottonwood	AZ	Arizona	
city	Dewey-Humboldt	AZ	Arizona	
city	Douglas	AZ	Arizona	
city	Duncan	AZ	Arizona	
city	Eagar	AZ	Arizona	
city	El Mirage	AZ	Arizona	
city	Eloy	AZ	Arizona	
city	Flagstaff	AZ	Arizona	
city	Florence	AZ	Arizona	
city	Fountain Hills	AZ	Arizona	
city	Fredonia	AZ	Arizona	
city	Gila Bend	AZ	Arizona	
city	Gilbert	AZ	Arizona	
city	Glendale	AZ	Arizona	
city	Globe	AZ	Arizona	
city	Goodyear	AZ	Arizona	
city	Guadalupe	AZ	Arizona	
city	Hayden	AZ	Arizona	
city	Holbrook	AZ	Arizona	
city	Huachuca City	AZ	Arizona	
city	Jerome	AZ	Arizona	
city	Kearny	AZ	Arizona	
city	Kingman	AZ	Arizona	
city	Lake Havasu City	AZ	Arizona	
city	Litchfield Park	AZ	Arizona	
city	Mammoth	AZ	Arizona	
city	Marana	AZ	Arizona	
city	Maricopa	AZ	Arizona	
city	Mesa	AZ	Arizona	
city	Miami	AZ	Arizona	
city	Nogales	AZ	Arizona	
city	Oro Valley	AZ	Arizona	
city	Page	AZ	Arizona	
city	Paradise Valley	AZ	Arizona	
city	Parker	AZ	Arizona	
city	Patagonia	AZ	Arizona	
city	Payson	AZ	Arizona	
city	Peoria	AZ	Arizona	
city	Phoenix	AZ	Arizona	
city	Pima	AZ	Arizona	
city	Pinetop-Lakeside	AZ	Arizona	
city	Prescott	AZ	Arizona	
city	Prescott Valley	AZ	Arizona	
city	Quartzsite	AZ	Arizona	
city	Queen Creek	AZ	Arizona	
city	Safford	AZ	Arizona	
city	Sahuarita	AZ	Arizona	
city	St. Johns	AZ	Arizona	
city	San Luis	AZ	Arizona	
city	Scottsdale	AZ	Arizona	
city	Sedona	AZ	Arizona	
city	Show Low	AZ	Arizona	
city	Sierra Vista	AZ	Arizona	
city	Snowflake	AZ	Arizona	
city	Somerton	AZ	Arizona	
city	South Tucson	AZ	Arizona	
city	Springerville	AZ	Arizona	
city	Star Valley	AZ	Arizona	
city	Superior	AZ	Arizona	
city	Surprise	AZ	Arizona	
city	Taylor	AZ	Arizona	
city	Tempe	AZ	Arizona	
city	Thatcher	AZ	Arizona	
city	Tolleson	AZ	Arizona	
city	Tombstone	AZ	Arizona	
city	Tucson	AZ	Arizona	
city	Tusayan	AZ	Arizona	
city	Wellton	AZ	Arizona	
city	Wickenburg	AZ	Arizona	
city	Willcox	AZ	Arizona	
city	Williams	AZ	Arizona	
city	Winkelman	AZ	Arizona	
city	Winslow	AZ	Arizona	
city	Youngtown	AZ	Arizona	
city	Yuma	AZ	Arizona	
city	Adona	AR	Arkansas	
city	Alexander	AR	Arkansas	
city	Alicia	AR	Arkansas	
city	Allport	AR	Arkansas	
city	Alma	AR	Arkansas	
city	Almyra	AR	Arkansas	
city	Alpena	AR	Arkansas	
city	Altheimer	AR	Arkansas	
city	Altus	AR	Arkansas	
city	Amagon	AR	Arkansas	
city	Amity	AR	Arkansas	
city	Anthonyville	AR	Arkansas	
city	Antoine	AR	Arkansas	
city	Arkadelphia	AR	Arkansas	
city	Arkansas City	AR	Arkansas	
city	Ashdown	AR	Arkansas	
city	Ash Flat	AR	Arkansas	
city	Atkins	AR	Arkansas	
city	Aubrey	AR	Arkansas	
city	Augusta	AR	Arkansas	
city	Austin	AR	Arkansas	
city	Avoca	AR	Arkansas	
city	Bald Knob	AR	Arkansas	
city	Banks	AR	Arkansas	
city	Barling	AR	Arkansas	
city	Bassett	AR	Arkansas	
city	Batesville	AR	Arkansas	
city	Bauxite	AR	Arkansas	
city	Bay	AR	Arkansas	
city	Bearden	AR	Arkansas	
city	Beaver	AR	Arkansas	
city	Beebe	AR	Arkansas	
city	Beedeville	AR	Arkansas	
city	Bella Vista	AR	Arkansas	
city	Bellefonte	AR	Arkansas	
city	Belleville	AR	Arkansas	
city	Ben Lomond	AR	Arkansas	
city	Benton	AR	Arkansas	
city	Bentonville	AR	Arkansas	
city	Bergman	AR	Arkansas	
city	Berryville	AR	Arkansas	
city	Bigelow	AR	Arkansas	
city	Big Flat	AR	Arkansas	
city	Biggers	AR	Arkansas	
city	Birdsong	AR	Arkansas	
city	Black Oak	AR	Arkansas	
city	Black Rock	AR	Arkansas	
city	Black Springs	AR	Arkansas	
city	Blevins	AR	Arkansas	
city	Blue Eye	AR	Arkansas	
city	Blue Mountain	AR	Arkansas	
city	Bluff City	AR	Arkansas	
city	Blytheville	AR	Arkansas	
city	Bodcaw	AR	Arkansas	
city	Bonanza	AR	Arkansas	
city	Bono	AR	Arkansas	
city	Booneville	AR	Arkansas	
city	Bradford	AR	Arkansas	
city	Bradley	AR	Arkansas	
city	Branch	AR	Arkansas	
city	Briarcliff	AR	Arkansas	
city	Brinkley	AR	Arkansas	
city	Brookland	AR	Arkansas	
city	Bryant	AR	Arkansas	
city	Buckner	AR	Arkansas	
city	Bull Shoals	AR	Arkansas	
city	Burdette	AR	Arkansas	
city	Cabot	AR	Arkansas	
city	Caddo Valley	AR	Arkansas	
city	Caldwell	AR	Arkansas	
city	Cale	AR	Arkansas	
city	Calico Rock	AR	Arkansas	
city	Calion	AR	Arkansas	
city	Camden	AR	Arkansas	
city	Cammack Village	AR	Arkansas	
city	Campbell Station	AR	Arkansas	
city	Caraway	AR	Arkansas	
city	Carlisle	AR	Arkansas	
city	Carthage	AR	Arkansas	
city	Casa	AR	Arkansas	
city	Cash	AR	Arkansas	
city	Caulksville	AR	Arkansas	
city	Cave City	AR	Arkansas	
city	Cave Springs	AR	Arkansas	
city	Cedarville	AR	Arkansas	
city	Centerton	AR	Arkansas	
city	Central City	AR	Arkansas	
city	Charleston	AR	Arkansas	
city	Cherokee Village	AR	Arkansas	
city	Cherry Valley	AR	Arkansas	
city	Chester	AR	Arkansas	
city	Chidester	AR	Arkansas	
city	Clarendon	AR	Arkansas	
city	Clarkedale	AR	Arkansas	
city	Clarksville	AR	Arkansas	
city	Clinton	AR	Arkansas	
city	Coal Hill	AR	Arkansas	
city	Colt	AR	Arkansas	
city	Concord	AR	Arkansas	
city	Conway	AR	Arkansas	
city	Corinth	AR	Arkansas	
city	Corning	AR	Arkansas	
city	Cotter	AR	Arkansas	
city	Cotton Plant	AR	Arkansas	
city	Cove	AR	Arkansas	
city	Coy	AR	Arkansas	
city	Crawfordsville	AR	Arkansas	
city	Crossett	AR	Arkansas	
city	Cushman	AR	Arkansas	
city	Daisy	AR	Arkansas	
city	Damascus	AR	Arkansas	
city	Danville	AR	Arkansas	
city	Dardanelle	AR	Arkansas	
city	Datto	AR	Arkansas	
city	Decatur	AR	Arkansas	
city	Delaplaine	AR	Arkansas	
city	Delight	AR	Arkansas	
city	Dell	AR	Arkansas	
city	Denning	AR	Arkansas	
city	De Queen	AR	Arkansas	
city	Dermott	AR	Arkansas	
city	Des Arc	AR	Arkansas	
city	De Valls Bluff	AR	Arkansas	
city	DeWitt	AR	Arkansas	
city	Diamond City	AR	Arkansas	
city	Diaz	AR	Arkansas	
city	Dierks	AR	Arkansas	
city	Donaldson	AR	Arkansas	
city	Dover	AR	Arkansas	
city	Dumas	AR	Arkansas	
city	Dyer	AR	Arkansas	
city	Dyess	AR	Arkansas	
city	Earle	AR	Arkansas	
city	East Camden	AR	Arkansas	
city	Edmondson	AR	Arkansas	
city	Egypt	AR	Arkansas	
city	Elaine	AR	Arkansas	
city	El Dorado	AR	Arkansas	
city	Elkins	AR	Arkansas	
city	Elm Springs	AR	Arkansas	
city	Emerson	AR	Arkansas	
city	Emmet	AR	Arkansas	
city	England	AR	Arkansas	
city	Enola	AR	Arkansas	
city	Etowah	AR	Arkansas	
city	Eudora	AR	Arkansas	
city	Eureka Springs	AR	Arkansas	
city	Evening Shade	AR	Arkansas	
city	Everton	AR	Arkansas	
city	Fairfield Bay	AR	Arkansas	
city	Fargo	AR	Arkansas	
city	Farmington	AR	Arkansas	
city	Fayetteville	AR	Arkansas	
city	Felsenthal	AR	Arkansas	
city	Fifty-Six	AR	Arkansas	
city	Fisher	AR	Arkansas	
city	Flippin	AR	Arkansas	
city	Fordyce	AR	Arkansas	
city	Foreman	AR	Arkansas	
city	Forrest City	AR	Arkansas	
city	Fort Smith	AR	Arkansas	
city	Fouke	AR	Arkansas	
city	Fountain Hill	AR	Arkansas	
city	Fountain Lake	AR	Arkansas	
city	Fourche	AR	Arkansas	
city	Franklin	AR	Arkansas	
city	Fredonia (Biscoe)	AR	Arkansas	
city	Friendship	AR	Arkansas	
city	Fulton	AR	Arkansas	
city	Garfield	AR	Arkansas	
city	Garland	AR	Arkansas	
city	Garner	AR	Arkansas	
city	Gassville	AR	Arkansas	
city	Gateway	AR	Arkansas	
city	Gentry	AR	Arkansas	
city	Georgetown	AR	Arkansas	
city	Gilbert	AR	Arkansas	
city	Gillett	AR	Arkansas	
city	Gillham	AR	Arkansas	
city	Gilmore	AR	Arkansas	
city	Glenwood	AR	Arkansas	
city	Goshen	AR	Arkansas	
city	Gosnell	AR	Arkansas	
city	Gould	AR	Arkansas	
city	Grady	AR	Arkansas	
city	Grannis	AR	Arkansas	
city	Gravette	AR	Arkansas	
city	Greenbrier	AR	Arkansas	
city	Green Forest	AR	Arkansas	
city	Greenland	AR	Arkansas	
city	Greenway	AR	Arkansas	
city	Greenwood	AR	Arkansas	
city	Greers Ferry	AR	Arkansas	
city	Griffithville	AR	Arkansas	
city	Grubbs	AR	Arkansas	
city	Guion	AR	Arkansas	
city	Gum Springs	AR	Arkansas	
city	Gurdon	AR	Arkansas	
city	Guy	AR	Arkansas	
city	Hackett	AR	Arkansas	
city	Hamburg	AR	Arkansas	
city	Hampton	AR	Arkansas	
city	Hardy	AR	Arkansas	
city	Harrell	AR	Arkansas	
city	Harrisburg	AR	Arkansas	
city	Harrison	AR	Arkansas	
city	Hartford	AR	Arkansas	
city	Hartman	AR	Arkansas	
city	Haskell	AR	Arkansas	
city	Hatfield	AR	Arkansas	
city	Havana	AR	Arkansas	
city	Haynes	AR	Arkansas	
city	Hazen	AR	Arkansas	
city	Heber Springs	AR	Arkansas	
city	Hector	AR	Arkansas	
city	Helena-West Helena	AR	Arkansas	
city	Hermitage	AR	Arkansas	
city	Hickory Ridge	AR	Arkansas	
city	Higden	AR	Arkansas	
city	Higginson	AR	Arkansas	
city	Highfill	AR	Arkansas	
city	Highland	AR	Arkansas	
city	Hindsville	AR	Arkansas	
city	Holiday Island	AR	Arkansas	
city	Holland	AR	Arkansas	
city	Holly Grove	AR	Arkansas	
city	Hope	AR	Arkansas	
city	Horatio	AR	Arkansas	
city	Horseshoe Bend	AR	Arkansas	
city	Horseshoe Lake	AR	Arkansas	
city	Hot Springs	AR	Arkansas	
city	Houston	AR	Arkansas	
city	Hoxie	AR	Arkansas	
city	Hughes	AR	Arkansas	
city	Humnoke	AR	Arkansas	
city	Humphrey	AR	Arkansas	
city	Hunter	AR	Arkansas	
city	Huntington	AR	Arkansas	
city	Huntsville	AR	Arkansas	
city	Huttig	AR	Arkansas	
city	Imboden	AR	Arkansas	
city	Jacksonport	AR	Arkansas	
city	Jacksonville	AR	Arkansas	
city	Jasper	AR	Arkansas	
city	Jennette	AR	Arkansas	
city	Jericho	AR	Arkansas	
city	Johnson	AR	Arkansas	
city	Joiner	AR	Arkansas	
city	Jonesboro	AR	Arkansas	
city	Judsonia	AR	Arkansas	
city	Junction City	AR	Arkansas	
city	Keiser	AR	Arkansas	
city	Kensett	AR	Arkansas	
city	Keo	AR	Arkansas	
city	Kibler	AR	Arkansas	
city	Kingsland	AR	Arkansas	
city	Knobel	AR	Arkansas	
city	Knoxville	AR	Arkansas	
city	Lafe	AR	Arkansas	
city	LaGrange	AR	Arkansas	
city	Lake City	AR	Arkansas	
city	Lakeview	AR	Arkansas	
city	Lake View	AR	Arkansas	
city	Lake Village	AR	Arkansas	
city	Lamar	AR	Arkansas	
city	Lavaca	AR	Arkansas	
city	Leachville	AR	Arkansas	
city	Lead Hill	AR	Arkansas	
city	Leola	AR	Arkansas	
city	Lepanto	AR	Arkansas	
city	Leslie	AR	Arkansas	
city	Letona	AR	Arkansas	
city	Lewisville	AR	Arkansas	
city	Lexa	AR	Arkansas	
city	Lincoln	AR	Arkansas	
city	Little Flock	AR	Arkansas	
city	Little Rock	AR	Arkansas	
city	Lockesburg	AR	Arkansas	
city	London	AR	Arkansas	
city	Lonoke	AR	Arkansas	
city	Lonsdale	AR	Arkansas	
city	Louann	AR	Arkansas	
city	Lowell	AR	Arkansas	
city	Luxora	AR	Arkansas	
city	Lynn	AR	Arkansas	
city	McCaskill	AR	Arkansas	
city	McCrory	AR	Arkansas	
city	McDougal	AR	Arkansas	
city	McGehee	AR	Arkansas	
city	McNab	AR	Arkansas	
city	McNeil	AR	Arkansas	
city	McRae	AR	Arkansas	
city	Madison	AR	Arkansas	
city	Magazine	AR	Arkansas	
city	Magness	AR	Arkansas	
city	Magnolia	AR	Arkansas	
city	Malvern	AR	Arkansas	
city	Mammoth Spring	AR	Arkansas	
city	Manila	AR	Arkansas	
city	Mansfield	AR	Arkansas	
city	Marianna	AR	Arkansas	
city	Marie	AR	Arkansas	
city	Marion	AR	Arkansas	
city	Marked Tree	AR	Arkansas	
city	Marmaduke	AR	Arkansas	
city	Marshall	AR	Arkansas	
city	Marvell	AR	Arkansas	
city	Maumelle	AR	Arkansas	
city	Mayflower	AR	Arkansas	
city	Maynard	AR	Arkansas	
city	Melbourne	AR	Arkansas	
city	Mena	AR	Arkansas	
city	Menifee	AR	Arkansas	
city	Midland	AR	Arkansas	
city	Midway	AR	Arkansas	
city	Mineral Springs	AR	Arkansas	
city	Minturn	AR	Arkansas	
city	Mitchellville	AR	Arkansas	
city	Monette	AR	Arkansas	
city	Monticello	AR	Arkansas	
city	Montrose	AR	Arkansas	
city	Moorefield	AR	Arkansas	
city	Moro	AR	Arkansas	
city	Morrilton	AR	Arkansas	
city	Morrison Bluff	AR	Arkansas	
city	Mountainburg	AR	Arkansas	
city	Mountain Home	AR	Arkansas	
city	Mountain Pine	AR	Arkansas	
city	Mountain View	AR	Arkansas	
city	Mount Ida	AR	Arkansas	
city	Mount Pleasant	AR	Arkansas	
city	Mount Vernon	AR	Arkansas	
city	Mulberry	AR	Arkansas	
city	Murfreesboro	AR	Arkansas	
city	Nashville	AR	Arkansas	
city	Newark	AR	Arkansas	
city	Newport	AR	Arkansas	
city	Nimmons	AR	Arkansas	
city	Norfork	AR	Arkansas	
city	Norman	AR	Arkansas	
city	Norphlet	AR	Arkansas	
city	North Little Rock	AR	Arkansas	
city	Oak Grove	AR	Arkansas	
city	Oak Grove Heights	AR	Arkansas	
city	Oakhaven	AR	Arkansas	
city	Oden	AR	Arkansas	
city	Ogden	AR	Arkansas	
city	Oil Trough	AR	Arkansas	
city	O'Kean	AR	Arkansas	
city	Okolona	AR	Arkansas	
city	Ola	AR	Arkansas	
city	Omaha	AR	Arkansas	
city	Oppelo	AR	Arkansas	
city	Osceola	AR	Arkansas	
city	Oxford	AR	Arkansas	
city	Ozan	AR	Arkansas	
city	Ozark	AR	Arkansas	
city	Palestine	AR	Arkansas	
city	Pangburn	AR	Arkansas	
city	Paragould	AR	Arkansas	
city	Paris	AR	Arkansas	
city	Parkdale	AR	Arkansas	
city	Parkin	AR	Arkansas	
city	Patmos	AR	Arkansas	
city	Patterson	AR	Arkansas	
city	Peach Orchard	AR	Arkansas	
city	Pea Ridge	AR	Arkansas	
city	Perla	AR	Arkansas	
city	Perry	AR	Arkansas	
city	Perrytown	AR	Arkansas	
city	Perryville	AR	Arkansas	
city	Piggott	AR	Arkansas	
city	Pindall	AR	Arkansas	
city	Pine Bluff	AR	Arkansas	
city	Pineville	AR	Arkansas	
city	Plainview	AR	Arkansas	
city	Pleasant Plains	AR	Arkansas	
city	Plumerville	AR	Arkansas	
city	Pocahontas	AR	Arkansas	
city	Pollard	AR	Arkansas	
city	Portia	AR	Arkansas	
city	Portland	AR	Arkansas	
city	Pottsville	AR	Arkansas	
city	Powhatan	AR	Arkansas	
city	Poyen	AR	Arkansas	
city	Prairie Grove	AR	Arkansas	
city	Prattsville	AR	Arkansas	
city	Prescott	AR	Arkansas	
city	Pyatt	AR	Arkansas	
city	Quitman	AR	Arkansas	
city	Ratcliff	AR	Arkansas	
city	Ravenden	AR	Arkansas	
city	Ravenden Springs	AR	Arkansas	
city	Rector	AR	Arkansas	
city	Redfield	AR	Arkansas	
city	Reed	AR	Arkansas	
city	Reyno	AR	Arkansas	
city	Rison	AR	Arkansas	
city	Rockport	AR	Arkansas	
city	Roe	AR	Arkansas	
city	Rogers	AR	Arkansas	
city	Rondo	AR	Arkansas	
city	Rose Bud	AR	Arkansas	
city	Rosston	AR	Arkansas	
city	Rudy	AR	Arkansas	
city	Russell	AR	Arkansas	
city	Russellville	AR	Arkansas	
city	St. Charles	AR	Arkansas	
city	St. Francis	AR	Arkansas	
city	St. Joe	AR	Arkansas	
city	St. Paul	AR	Arkansas	
city	Salem	AR	Arkansas	
city	Salesville	AR	Arkansas	
city	Scranton	AR	Arkansas	
city	Searcy	AR	Arkansas	
city	Sedgwick	AR	Arkansas	
city	Shannon Hills	AR	Arkansas	
city	Sheridan	AR	Arkansas	
city	Sherrill	AR	Arkansas	
city	Sherwood	AR	Arkansas	
city	Shirley	AR	Arkansas	
city	Sidney	AR	Arkansas	
city	Siloam Springs	AR	Arkansas	
city	Smackover	AR	Arkansas	
city	Smithville	AR	Arkansas	
city	South Lead Hill	AR	Arkansas	
city	Southside	AR	Arkansas	
city	Sparkman	AR	Arkansas	
city	Springdale	AR	Arkansas	
city	Springtown	AR	Arkansas	
city	Stamps	AR	Arkansas	
city	Star City	AR	Arkansas	
city	Stephens	AR	Arkansas	
city	Strawberry	AR	Arkansas	
city	Strong	AR	Arkansas	
city	Stuttgart	AR	Arkansas	
city	Subiaco	AR	Arkansas	
city	Success	AR	Arkansas	
city	Sulphur Rock	AR	Arkansas	
city	Sulphur Springs	AR	Arkansas	
city	Summit	AR	Arkansas	
city	Sunset	AR	Arkansas	
city	Swifton	AR	Arkansas	
city	Taylor	AR	Arkansas	
city	Texarkana	AR	Arkansas	
city	Thornton	AR	Arkansas	
city	Tillar	AR	Arkansas	
city	Tinsman	AR	Arkansas	
city	Tollette	AR	Arkansas	
city	Tontitown	AR	Arkansas	
city	Traskwood	AR	Arkansas	
city	Trumann	AR	Arkansas	
city	Tuckerman	AR	Arkansas	
city	Tull	AR	Arkansas	
city	Tupelo	AR	Arkansas	
city	Turrell	AR	Arkansas	
city	Twin Groves	AR	Arkansas	
city	Tyronza	AR	Arkansas	
city	Ulm	AR	Arkansas	
city	Valley Springs	AR	Arkansas	
city	Van Buren	AR	Arkansas	
city	Vandervoort	AR	Arkansas	
city	Victoria	AR	Arkansas	
city	Vilonia	AR	Arkansas	
city	Viola	AR	Arkansas	
city	Wabbaseka	AR	Arkansas	
city	Waldenburg	AR	Arkansas	
city	Waldo	AR	Arkansas	
city	Waldron	AR	Arkansas	
city	Walnut Ridge	AR	Arkansas	
city	Ward	AR	Arkansas	
city	Warren	AR	Arkansas	
city	Washington	AR	Arkansas	
city	Watson	AR	Arkansas	
city	Weiner	AR	Arkansas	
city	Weldon	AR	Arkansas	
city	Western Grove	AR	Arkansas	
city	West Fork	AR	Arkansas	
city	West Memphis	AR	Arkansas	
city	West Point	AR	Arkansas	
city	Wheatley	AR	Arkansas	
city	Whelen Springs	AR	Arkansas	
city	White Hall	AR	Arkansas	
city	Wickes	AR	Arkansas	
city	Widener	AR	Arkansas	
city	Wiederkehr Village	AR	Arkansas	
city	Williford	AR	Arkansas	
city	Willisville	AR	Arkansas	
city	Wilmar	AR	Arkansas	
city	Wilmot	AR	Arkansas	
city	Wilson	AR	Arkansas	
city	Wilton	AR	Arkansas	
city	Winchester	AR	Arkansas	
city	Winslow	AR	Arkansas	
city	Winthrop	AR	Arkansas	
city	Wooster	AR	Arkansas	
city	Wrightsville	AR	Arkansas	
city	Wynne	AR	Arkansas	
city	Yellville	AR	Arkansas	
city	Zinc	AR	Arkansas	
city	Adelanto	CA	California	
city	Agoura Hills	CA	California	
city	Alameda	CA	California	
city	Albany	CA	California	
city	Alhambra	CA	California	
city	Aliso Viejo	CA	California	
city	Alturas	CA	California	
city	Amador City	CA	California	
city	American Canyon	CA	California	
city	Anaheim	CA	California	
city	Anderson	CA	California	
city	Angels	CA	California	
city	Antioch	CA	California	
city	Apple Valley	CA	California	
city	Arcadia	CA	California	
city	Arcata	CA	California	
city	Arroyo Grande	CA	California	
city	Artesia	CA	California	
city	Arvin	CA	California	
city	Atascadero	CA	California	
city	Atherton	CA	California	
city	Atwater	CA	California	
city	Auburn	CA	California	
city	Avalon	CA	California	
city	Avenal	CA	California	
city	Azusa	CA	California	
city	Bakersfield	CA	California	
city	Baldwin Park	CA	California	
city	Banning	CA	California	
city	Barstow	CA	California	
city	Beaumont	CA	California	
city	Bell	CA	California	
city	Bellflower	CA	California	
city	Bell Gardens	CA	California	
city	Belmont	CA	California	
city	Belvedere	CA	California	
city	Benicia	CA	California	
city	Berkeley	CA	California	
city	Beverly Hills	CA	California	
city	Big Bear Lake	CA	California	
city	Biggs	CA	California	
city	Bishop	CA	California	
city	Blue Lake	CA	California	
city	Blythe	CA	California	
city	Bradbury	CA	California	
city	Brawley	CA	California	
city	Brea	CA	California	
city	Brentwood	CA	California	
city	Brisbane	CA	California	
city	Buellton	CA	California	
city	Buena Park	CA	California	
city	Burbank	CA	California	
city	Burlingame	CA	California	
city	Calabasas	CA	California	
city	Calexico	CA	California	
city	California City	CA	California	
city	Calimesa	CA	California	
city	Calipatria	CA	California	
city	Calistoga	CA	California	
city	Camarillo	CA	California	
city	Campbell	CA	California	
city	Canyon Lake	CA	California	
city	Capitola	CA	California	
city	Carlsbad	CA	California	
city	Carmel-by-the-Sea	CA	California	
city	Carpinteria	CA	California	
city	Carson	CA	California	
city	Cathedral City	CA	California	
city	Ceres	CA	California	
city	Cerritos	CA	California	
city	Chico	CA	California	
city	Chino	CA	California	
city	Chino Hills	CA	California	
city	Chowchilla	CA	California	
city	Chula Vista	CA	California	
city	Citrus Heights	CA	California	
city	Claremont	CA	California	
city	Clayton	CA	California	
city	Clearlake	CA	California	
city	Cloverdale	CA	California	
city	Clovis	CA	California	
city	Coachella	CA	California	
city	Coalinga	CA	California	
city	Colfax	CA	California	
city	Colma	CA	California	
city	Colton	CA	California	
city	Colusa	CA	California	
city	Commerce	CA	California	
city	Compton	CA	California	
city	Concord	CA	California	
city	Corcoran	CA	California	
city	Corning	CA	California	
city	Corona	CA	California	
city	Coronado	CA	California	
city	Corte Madera	CA	California	
city	Costa Mesa	CA	California	
city	Cotati	CA	California	
city	Covina	CA	California	
city	Crescent City	CA	California	
city	Cudahy	CA	California	
city	Culver City	CA	California	
city	Cupertino	CA	California	
city	Cypress	CA	California	
city	Daly City	CA	California	
city	Dana Point	CA	California	
city	Danville	CA	California	
city	Davis	CA	California	
city	Delano	CA	California	
city	Del Mar	CA	California	
city	Del Rey Oaks	CA	California	
city	Desert Hot Springs	CA	California	
city	Diamond Bar	CA	California	
city	Dinuba	CA	California	
city	Dixon	CA	California	
city	Dorris	CA	California	
city	Dos Palos	CA	California	
city	Downey	CA	California	
city	Duarte	CA	California	
city	Dublin	CA	California	
city	Dunsmuir	CA	California	
city	East Palo Alto	CA	California	
city	Eastvale	CA	California	
city	El Cajon	CA	California	
city	El Centro	CA	California	
city	El Cerrito	CA	California	
city	Elk Grove	CA	California	
city	El Monte	CA	California	
city	El Paso de Robles (Paso Robles)	CA	California	
city	El Segundo	CA	California	
city	Emeryville	CA	California	
city	Encinitas	CA	California	
city	Escalon	CA	California	
city	Escondido	CA	California	
city	Etna	CA	California	
city	Eureka	CA	California	
city	Exeter	CA	California	
city	Fairfax	CA	California	
city	Fairfield	CA	California	
city	Farmersville	CA	California	
city	Ferndale	CA	California	
city	Fillmore	CA	California	
city	Firebaugh	CA	California	
city	Folsom	CA	California	
city	Fontana	CA	California	
city	Fort Bragg	CA	California	
city	Fort Jones	CA	California	
city	Fortuna	CA	California	
city	Foster City	CA	California	
city	Fountain Valley	CA	California	
city	Fowler	CA	California	
city	Fremont	CA	California	
city	Fresno	CA	California	
city	Fullerton	CA	California	
city	Galt	CA	California	
city	Gardena	CA	California	
city	Garden Grove	CA	California	
city	Gilroy	CA	California	
city	Glendale	CA	California	
city	Glendora	CA	California	
city	Goleta	CA	California	
city	Gonzales	CA	California	
city	Grand Terrace	CA	California	
city	Grass Valley	CA	California	
city	Greenfield	CA	California	
city	Gridley	CA	California	
city	Grover Beach	CA	California	
city	Guadalupe	CA	California	
city	Gustine	CA	California	
city	Half Moon Bay	CA	California	
city	Hanford	CA	California	
city	Hawaiian Gardens	CA	California	
city	Hawthorne	CA	California	
city	Hayward	CA	California	
city	Healdsburg	CA	California	
city	Hemet	CA	California	
city	Hercules	CA	California	
city	Hermosa Beach	CA	California	
city	Hesperia	CA	California	
city	Hidden Hills	CA	California	
city	Highland	CA	California	
city	Hillsborough	CA	California	
city	Hollister	CA	California	
city	Holtville	CA	California	
city	Hughson	CA	California	
city	Huntington Beach	CA	California	
city	Huntington Park	CA	California	
city	Huron	CA	California	
city	Imperial	CA	California	
city	Imperial Beach	CA	California	
city	Indian Wells	CA	California	
city	Indio	CA	California	
city	Industry	CA	California	
city	Inglewood	CA	California	
city	Ione	CA	California	
city	Irvine	CA	California	
city	Irwindale	CA	California	
city	Isleton	CA	California	
city	Jackson	CA	California	
city	Jurupa Valley	CA	California	
city	Kerman	CA	California	
city	King City	CA	California	
city	Kingsburg	CA	California	
city	La Cañada Flintridge	CA	California	
city	Lafayette	CA	California	
city	Laguna Beach	CA	California	
city	Laguna Hills	CA	California	
city	Laguna Niguel	CA	California	
city	Laguna Woods	CA	California	
city	La Habra	CA	California	
city	La Habra Heights	CA	California	
city	Lake Elsinore	CA	California	
city	Lake Forest	CA	California	
city	Lakeport	CA	California	
city	Lakewood	CA	California	
city	La Mesa	CA	California	
city	La Mirada	CA	California	
city	Lancaster	CA	California	
city	La Palma	CA	California	
city	La Puente	CA	California	
city	La Quinta	CA	California	
city	Larkspur	CA	California	
city	Lathrop	CA	California	
city	La Verne	CA	California	
city	Lawndale	CA	California	
city	Lemon Grove	CA	California	
city	Lemoore	CA	California	
city	Lincoln	CA	California	
city	Lindsay	CA	California	
city	Live Oak	CA	California	
city	Livermore	CA	California	
city	Livingston	CA	California	
city	Lodi	CA	California	
city	Loma Linda	CA	California	
city	Lomita	CA	California	
city	Lompoc	CA	California	
city	Long Beach	CA	California	
city	Loomis	CA	California	
city	Los Alamitos	CA	California	
city	Los Altos	CA	California	
city	Los Altos Hills	CA	California	
city	Los Angeles	CA	California	
city	Los Banos	CA	California	
city	Los Gatos	CA	California	
city	Loyalton	CA	California	
city	Lynwood	CA	California	
city	McFarland	CA	California	
city	Madera	CA	California	
city	Malibu	CA	California	
city	Mammoth Lakes	CA	California	
city	Manhattan Beach	CA	California	
city	Manteca	CA	California	
city	Maricopa	CA	California	
city	Marina	CA	California	
city	Martinez	CA	California	
city	Marysville	CA	California	
city	Maywood	CA	California	
city	Mendota	CA	California	
city	Menifee	CA	California	
city	Menlo Park	CA	California	
city	Merced	CA	California	
city	Millbrae	CA	California	
city	Mill Valley	CA	California	
city	Milpitas	CA	California	
city	Mission Viejo	CA	California	
city	Modesto	CA	California	
city	Monrovia	CA	California	
city	Montague	CA	California	
city	Montclair	CA	California	
city	Montebello	CA	California	
city	Monterey	CA	California	
city	Monterey Park	CA	California	
city	Monte Sereno	CA	California	
city	Moorpark	CA	California	
city	Moraga	CA	California	
city	Moreno Valley	CA	California	
city	Morgan Hill	CA	California	
city	Morro Bay	CA	California	
city	Mountain View	CA	California	
city	Mount Shasta	CA	California	
city	Murrieta	CA	California	
city	Napa	CA	California	
city	National City	CA	California	
city	Needles	CA	California	
city	Nevada City	CA	California	
city	Newark	CA	California	
city	Newman	CA	California	
city	Newport Beach	CA	California	
city	Norco	CA	California	
city	Norwalk	CA	California	
city	Novato	CA	California	
city	Oakdale	CA	California	
city	Oakland	CA	California	
city	Oakley	CA	California	
city	Oceanside	CA	California	
city	Ojai	CA	California	
city	Ontario	CA	California	
city	Orange	CA	California	
city	Orange Cove	CA	California	
city	Orinda	CA	California	
city	Orland	CA	California	
city	Oroville	CA	California	
city	Oxnard	CA	California	
city	Pacifica	CA	California	
city	Pacific Grove	CA	California	
city	Palmdale	CA	California	
city	Palm Desert	CA	California	
city	Palm Springs	CA	California	
city	Palo Alto	CA	California	
city	Palos Verdes Estates	CA	California	
city	Paradise	CA	California	
city	Paramount	CA	California	
city	Parlier	CA	California	
city	Pasadena	CA	California	
city	Patterson	CA	California	
city	Perris	CA	California	
city	Petaluma	CA	California	
city	Pico Rivera	CA	California	
city	Piedmont	CA	California	
city	Pinole	CA	California	
city	Pismo Beach	CA	California	
city	Pittsburg	CA	California	
city	Placentia	CA	California	
city	Placerville	CA	California	
city	Pleasant Hill	CA	California	
city	Pleasanton	CA	California	
city	Plymouth	CA	California	
city	Point Arena	CA	California	
city	Pomona	CA	California	
city	Porterville	CA	California	
city	Port Hueneme	CA	California	
city	Portola	CA	California	
city	Portola Valley	CA	California	
city	Poway	CA	California	
city	Rancho Cordova	CA	California	
city	Rancho Cucamonga	CA	California	
city	Rancho Mirage	CA	California	
city	Rancho Palos Verdes	CA	California	
city	Rancho Santa Margarita	CA	California	
city	Red Bluff	CA	California	
city	Redding	CA	California	
city	Redlands	CA	California	
city	Redondo Beach	CA	California	
city	Redwood City	CA	California	
city	Reedley	CA	California	
city	Rialto	CA	California	
city	Richmond	CA	California	
city	Ridgecrest	CA	California	
city	Rio Dell	CA	California	
city	Rio Vista	CA	California	
city	Ripon	CA	California	
city	Riverbank	CA	California	
city	Riverside	CA	California	
city	Rocklin	CA	California	
city	Rohnert Park	CA	California	
city	Rolling Hills	CA	California	
city	Rolling Hills Estates	CA	California	
city	Rosemead	CA	California	
city	Roseville	CA	California	
city	Ross	CA	California	
city	Sacramento	CA	California	
city	St. Helena	CA	California	
city	Salinas	CA	California	
city	San Anselmo	CA	California	
city	San Bernardino	CA	California	
city	San Bruno	CA	California	
city	San Buenaventura (Ventura)	CA	California	
city	San Carlos	CA	California	
city	San Clemente	CA	California	
city	Sand City	CA	California	
city	San Diego	CA	California	
city	San Dimas	CA	California	
city	San Fernando	CA	California	
city	San Francisco	CA	California	
city	San Gabriel	CA	California	
city	Sanger	CA	California	
city	San Jacinto	CA	California	
city	San Joaquin	CA	California	
city	San Jose	CA	California	
city	San Juan Bautista	CA	California	
city	San Juan Capistrano	CA	California	
city	San Leandro	CA	California	
city	San Luis Obispo	CA	California	
city	San Marcos	CA	California	
city	San Marino	CA	California	
city	San Mateo	CA	California	
city	San Pablo	CA	California	
city	San Rafael	CA	California	
city	San Ramon	CA	California	
city	Santa Ana	CA	California	
city	Santa Barbara	CA	California	
city	Santa Clara	CA	California	
city	Santa Clarita	CA	California	
city	Santa Cruz	CA	California	
city	Santa Fe Springs	CA	California	
city	Santa Maria	CA	California	
city	Santa Monica	CA	California	
city	Santa Paula	CA	California	
city	Santa Rosa	CA	California	
city	Santee	CA	California	
city	Saratoga	CA	California	
city	Sausalito	CA	California	
city	Scotts Valley	CA	California	
city	Seal Beach	CA	California	
city	Seaside	CA	California	
city	Sebastopol	CA	California	
city	Selma	CA	California	
city	Shafter	CA	California	
city	Shasta Lake	CA	California	
city	Sierra Madre	CA	California	
city	Signal Hill	CA	California	
city	Simi Valley	CA	California	
city	Solana Beach	CA	California	
city	Soledad	CA	California	
city	Solvang	CA	California	
city	Sonoma	CA	California	
city	Sonora	CA	California	
city	South El Monte	CA	California	
city	South Gate	CA	California	
city	South Lake Tahoe	CA	California	
city	South Pasadena	CA	California	
city	South San Francisco	CA	California	
city	Stanton	CA	California	
city	Stockton	CA	California	
city	Suisun City	CA	California	
city	Sunnyvale	CA	California	
city	Susanville	CA	California	
city	Sutter Creek	CA	California	
city	Taft	CA	California	
city	Tehachapi	CA	California	
city	Tehama	CA	California	
city	Temecula	CA	California	
city	Temple City	CA	California	
city	Thousand Oaks	CA	California	
city	Tiburon	CA	California	
city	Torrance	CA	California	
city	Tracy	CA	California	
city	Trinidad	CA	California	
city	Truckee	CA	California	
city	Tulare	CA	California	
city	Tulelake	CA	California	
city	Turlock	CA	California	
city	Tustin	CA	California	
city	Twentynine Palms	CA	California	
city	Ukiah	CA	California	
city	Union City	CA	California	
city	Upland	CA	California	
city	Vacaville	CA	California	
city	Vallejo	CA	California	
city	Vernon	CA	California	
city	Victorville	CA	California	
city	Villa Park	CA	California	
city	Visalia	CA	California	
city	Vista	CA	California	
city	Walnut	CA	California	
city	Walnut Creek	CA	California	
city	Wasco	CA	California	
city	Waterford	CA	California	
city	Watsonville	CA	California	
city	Weed	CA	California	
city	West Covina	CA	California	
city	West Hollywood	CA	California	
city	Westlake Village	CA	California	
city	Westminster	CA	California	
city	Westmorland	CA	California	
city	West Sacramento	CA	California	
city	Wheatland	CA	California	
city	Whittier	CA	California	
city	Wildomar	CA	California	
city	Williams	CA	California	
city	Willits	CA	California	
city	Willows	CA	California	
city	Windsor	CA	California	
city	Winters	CA	California	
city	Woodlake	CA	California	
city	Woodland	CA	California	
city	Woodside	CA	California	
city	Yorba Linda	CA	California	
city	Yountville	CA	California	
city	Yreka	CA	California	
city	Yuba City	CA	California	
city	Yucaipa	CA	California	
city	Yucca Valley	CA	California	
city	Aguilar	CO	Colorado	
city	Akron	CO	Colorado	
city	Alamosa	CO	Colorado	
city	Alma	CO	Colorado	
city	Antonito	CO	Colorado	
city	Arriba	CO	Colorado	
city	Arvada	CO	Colorado	
city	Aspen	CO	Colorado	
city	Ault	CO	Colorado	
city	Aurora	CO	Colorado	
city	Avon	CO	Colorado	
city	Basalt	CO	Colorado	
city	Bayfield	CO	Colorado	
city	Bennett	CO	Colorado	
city	Berthoud	CO	Colorado	
city	Bethune	CO	Colorado	
city	Black Hawk	CO	Colorado	
city	Blanca	CO	Colorado	
city	Blue River	CO	Colorado	
city	Boone	CO	Colorado	
city	Boulder	CO	Colorado	
city	Bow Mar	CO	Colorado	
city	Branson	CO	Colorado	
city	Breckenridge	CO	Colorado	
city	Brighton	CO	Colorado	
city	Brookside	CO	Colorado	
city	Broomfield	CO	Colorado	
city	Brush	CO	Colorado	
city	Buena Vista	CO	Colorado	
city	Burlington	CO	Colorado	
city	Calhan	CO	Colorado	
city	Campo	CO	Colorado	
city	Cañon City	CO	Colorado	
city	Carbonate	CO	Colorado	
city	Carbondale	CO	Colorado	
city	Castle Pines	CO	Colorado	
city	Castle Rock	CO	Colorado	
city	Cedaredge	CO	Colorado	
city	Centennial	CO	Colorado	
city	Center	CO	Colorado	
city	Central	CO	Colorado	
city	Cheraw	CO	Colorado	
city	Cherry Hills Village	CO	Colorado	
city	Cheyenne Wells	CO	Colorado	
city	City of Creede	CO	Colorado	
city	Coal Creek	CO	Colorado	
city	Cokedale	CO	Colorado	
city	Collbran	CO	Colorado	
city	Colorado Springs	CO	Colorado	
city	Columbine Valley	CO	Colorado	
city	Commerce City	CO	Colorado	
city	Cortez	CO	Colorado	
city	Craig	CO	Colorado	
city	Crawford	CO	Colorado	
city	Crested Butte	CO	Colorado	
city	Crestone	CO	Colorado	
city	Cripple Creek	CO	Colorado	
city	Crook	CO	Colorado	
city	Crowley	CO	Colorado	
city	Dacono	CO	Colorado	
city	De Beque	CO	Colorado	
city	Deer Trail	CO	Colorado	
city	Del Norte	CO	Colorado	
city	Delta	CO	Colorado	
city	Denver	CO	Colorado	
city	Dillon	CO	Colorado	
city	Dinosaur	CO	Colorado	
city	Dolores	CO	Colorado	
city	Dove Creek	CO	Colorado	
city	Durango	CO	Colorado	
city	Eads	CO	Colorado	
city	Eagle	CO	Colorado	
city	Eaton	CO	Colorado	
city	Eckley	CO	Colorado	
city	Edgewater	CO	Colorado	
city	Elizabeth	CO	Colorado	
city	Empire	CO	Colorado	
city	Englewood	CO	Colorado	
city	Erie	CO	Colorado	
city	Estes Park	CO	Colorado	
city	Evans	CO	Colorado	
city	Fairplay	CO	Colorado	
city	Federal Heights	CO	Colorado	
city	Firestone	CO	Colorado	
city	Flagler	CO	Colorado	
city	Fleming	CO	Colorado	
city	Florence	CO	Colorado	
city	Fort Collins	CO	Colorado	
city	Fort Lupton	CO	Colorado	
city	Fort Morgan	CO	Colorado	
city	Fountain	CO	Colorado	
city	Fowler	CO	Colorado	
city	Foxfield	CO	Colorado	
city	Fraser	CO	Colorado	
city	Frederick	CO	Colorado	
city	Frisco	CO	Colorado	
city	Fruita	CO	Colorado	
city	Garden City	CO	Colorado	
city	Genoa	CO	Colorado	
city	Georgetown	CO	Colorado	
city	Gilcrest	CO	Colorado	
city	Glendale	CO	Colorado	
city	Glenwood Springs	CO	Colorado	
city	Golden	CO	Colorado	
city	Granada	CO	Colorado	
city	Granby	CO	Colorado	
city	Grand Junction	CO	Colorado	
city	Grand Lake	CO	Colorado	
city	Greeley	CO	Colorado	
city	Green Mountain Falls	CO	Colorado	
city	Greenwood Village	CO	Colorado	
city	Grover	CO	Colorado	
city	Gunnison	CO	Colorado	
city	Gypsum	CO	Colorado	
city	Hartman	CO	Colorado	
city	Haswell	CO	Colorado	
city	Haxtun	CO	Colorado	
city	Hayden	CO	Colorado	
city	Hillrose	CO	Colorado	
city	Holly	CO	Colorado	
city	Holyoke	CO	Colorado	
city	Hooper	CO	Colorado	
city	Hotchkiss	CO	Colorado	
city	Hot Sulphur Springs	CO	Colorado	
city	Hudson	CO	Colorado	
city	Hugo	CO	Colorado	
city	Idaho Springs	CO	Colorado	
city	Ignacio	CO	Colorado	
city	Iliff	CO	Colorado	
city	Jamestown	CO	Colorado	
city	Johnstown	CO	Colorado	
city	Julesburg	CO	Colorado	
city	Keenesburg	CO	Colorado	
city	Kersey	CO	Colorado	
city	Kim	CO	Colorado	
city	Kiowa	CO	Colorado	
city	Kit Carson	CO	Colorado	
city	Kremmling	CO	Colorado	
city	Lafayette	CO	Colorado	
city	La Jara	CO	Colorado	
city	La Junta	CO	Colorado	
city	Lake City	CO	Colorado	
city	Lakeside	CO	Colorado	
city	Lakewood	CO	Colorado	
city	Lamar	CO	Colorado	
city	Larkspur	CO	Colorado	
city	La Salle	CO	Colorado	
city	Las Animas	CO	Colorado	
city	La Veta	CO	Colorado	
city	Leadville	CO	Colorado	
city	Limon	CO	Colorado	
city	Littleton	CO	Colorado	
city	Lochbuie	CO	Colorado	
city	Log Lane Village	CO	Colorado	
city	Lone Tree	CO	Colorado	
city	Longmont	CO	Colorado	
city	Louisville	CO	Colorado	
city	Loveland	CO	Colorado	
city	Lyons	CO	Colorado	
city	Manassa	CO	Colorado	
city	Mancos	CO	Colorado	
city	Manitou Springs	CO	Colorado	
city	Manzanola	CO	Colorado	
city	Marble	CO	Colorado	
city	Mead	CO	Colorado	
city	Meeker	CO	Colorado	
city	Merino	CO	Colorado	
city	Milliken	CO	Colorado	
city	Minturn	CO	Colorado	
city	Moffat	CO	Colorado	
city	Monte Vista	CO	Colorado	
city	Montezuma	CO	Colorado	
city	Montrose	CO	Colorado	
city	Monument	CO	Colorado	
city	Morrison	CO	Colorado	
city	Mountain View	CO	Colorado	
city	Mountain Village	CO	Colorado	
city	Mount Crested Butte	CO	Colorado	
city	Naturita	CO	Colorado	
city	Nederland	CO	Colorado	
city	New Castle	CO	Colorado	
city	Northglenn	CO	Colorado	
city	Norwood	CO	Colorado	
city	Nucla	CO	Colorado	
city	Nunn	CO	Colorado	
city	Oak Creek	CO	Colorado	
city	Olathe	CO	Colorado	
city	Olney Springs	CO	Colorado	
city	Ophir	CO	Colorado	
city	Orchard City	CO	Colorado	
city	Ordway	CO	Colorado	
city	Otis	CO	Colorado	
city	Ouray	CO	Colorado	
city	Ovid	CO	Colorado	
city	Pagosa Springs	CO	Colorado	
city	Palisade	CO	Colorado	
city	Palmer Lake	CO	Colorado	
city	Paoli	CO	Colorado	
city	Paonia	CO	Colorado	
city	Parachute	CO	Colorado	
city	Parker	CO	Colorado	
city	Peetz	CO	Colorado	
city	Pierce	CO	Colorado	
city	Pitkin	CO	Colorado	
city	Platteville	CO	Colorado	
city	Poncha Springs	CO	Colorado	
city	Pritchett	CO	Colorado	
city	Pueblo	CO	Colorado	
city	Ramah	CO	Colorado	
city	Rangely	CO	Colorado	
city	Raymer (New Raymer)	CO	Colorado	
city	Red Cliff	CO	Colorado	
city	Rico	CO	Colorado	
city	Ridgway	CO	Colorado	
city	Rifle	CO	Colorado	
city	Rockvale	CO	Colorado	
city	Rocky Ford	CO	Colorado	
city	Romeo	CO	Colorado	
city	Rye	CO	Colorado	
city	Saguache	CO	Colorado	
city	Salida	CO	Colorado	
city	Sanford	CO	Colorado	
city	San Luis	CO	Colorado	
city	Sawpit	CO	Colorado	
city	Sedgwick	CO	Colorado	
city	Seibert	CO	Colorado	
city	Severance	CO	Colorado	
city	Sheridan	CO	Colorado	
city	Sheridan Lake	CO	Colorado	
city	Silt	CO	Colorado	
city	Silver Cliff	CO	Colorado	
city	Silver Plume	CO	Colorado	
city	Silverthorne	CO	Colorado	
city	Silverton	CO	Colorado	
city	Simla	CO	Colorado	
city	Snowmass Village	CO	Colorado	
city	South Fork	CO	Colorado	
city	Springfield	CO	Colorado	
city	Starkville	CO	Colorado	
city	Steamboat Springs	CO	Colorado	
city	Sterling	CO	Colorado	
city	Stratton	CO	Colorado	
city	Sugar City	CO	Colorado	
city	Superior	CO	Colorado	
city	Swink	CO	Colorado	
city	Telluride	CO	Colorado	
city	Thornton	CO	Colorado	
city	Timnath	CO	Colorado	
city	Trinidad	CO	Colorado	
city	Two Buttes	CO	Colorado	
city	Vail	CO	Colorado	
city	Victor	CO	Colorado	
city	Vilas	CO	Colorado	
city	Vona	CO	Colorado	
city	Walden	CO	Colorado	
city	Walsenburg	CO	Colorado	
city	Walsh	CO	Colorado	
city	Ward	CO	Colorado	
city	Wellington	CO	Colorado	
city	Westcliffe	CO	Colorado	
city	Westminster	CO	Colorado	
city	Wheat Ridge	CO	Colorado	
city	Wiggins	CO	Colorado	
city	Wiley	CO	Colorado	
city	Williamsburg	CO	Colorado	
city	Windsor	CO	Colorado	
city	Winter Park	CO	Colorado	
city	Woodland Park	CO	Colorado	
city	Wray	CO	Colorado	
city	Yampa	CO	Colorado	
city	Yuma	CO	Colorado	
city	Ansonia	CT	Connecticut	
city	Bantam	CT	Connecticut	
city	Bridgeport	CT	Connecticut	
city	Bristol	CT	Connecticut	
city	Danbury	CT	Connecticut	
city	Danielson	CT	Connecticut	
city	Derby	CT	Connecticut	
city	Fenwick	CT	Connecticut	
city	Groton	CT	Connecticut	
city	Groton Long Point	CT	Connecticut	
city	Hartford	CT	Connecticut	
city	Jewett City	CT	Connecticut	
city	Litchfield	CT	Connecticut	
city	Meriden	CT	Connecticut	
city	Middletown	CT	Connecticut	
city	Naugatuck	CT	Connecticut	
city	New Britain	CT	Connecticut	
city	New Haven	CT	Connecticut	
city	New London	CT	Connecticut	
city	Newtown	CT	Connecticut	
city	Norwalk	CT	Connecticut	
city	Norwich	CT	Connecticut	
city	Shelton	CT	Connecticut	
city	Stamford	CT	Connecticut	
city	Stonington	CT	Connecticut	
city	Torrington	CT	Connecticut	
city	Waterbury	CT	Connecticut	
city	West Haven	CT	Connecticut	
city	Woodmont	CT	Connecticut	
city	Arden	DE	Delaware	
city	Ardencroft	DE	Delaware	
city	Ardentown	DE	Delaware	
city	Bellefonte	DE	Delaware	
city	Bethany Beach	DE	Delaware	
city	Bethel	DE	Delaware	
city	Blades	DE	Delaware	
city	Bowers	DE	Delaware	
city	Bridgeville	DE	Delaware	
city	Camden	DE	Delaware	
city	Cheswold	DE	Delaware	
city	Clayton	DE	Delaware	
city	Dagsboro	DE	Delaware	
city	Delaware City	DE	Delaware	
city	Delmar	DE	Delaware	
city	Dewey Beach	DE	Delaware	
city	Dover	DE	Delaware	
city	Ellendale	DE	Delaware	
city	Elsmere	DE	Delaware	
city	Farmington	DE	Delaware	
city	Felton	DE	Delaware	
city	Fenwick Island	DE	Delaware	
city	Frankford	DE	Delaware	
city	Frederica	DE	Delaware	
city	Georgetown	DE	Delaware	
city	Greenwood	DE	Delaware	
city	Harrington	DE	Delaware	
city	Hartly	DE	Delaware	
city	Henlopen Acres	DE	Delaware	
city	Houston	DE	Delaware	
city	Kenton	DE	Delaware	
city	Laurel	DE	Delaware	
city	Leipsic	DE	Delaware	
city	Lewes	DE	Delaware	
city	Little Creek	DE	Delaware	
city	Magnolia	DE	Delaware	
city	Middletown	DE	Delaware	
city	Milford	DE	Delaware	
city	Millsboro	DE	Delaware	
city	Millville	DE	Delaware	
city	Milton	DE	Delaware	
city	Newark	DE	Delaware	
city	New Castle	DE	Delaware	
city	Newport	DE	Delaware	
city	Ocean View	DE	Delaware	
city	Odessa	DE	Delaware	
city	Rehoboth Beach	DE	Delaware	
city	Seaford	DE	Delaware	
city	Selbyville	DE	Delaware	
city	Slaughter Beach	DE	Delaware	
city	Smyrna	DE	Delaware	
city	South Bethany	DE	Delaware	
city	Townsend	DE	Delaware	
city	Viola	DE	Delaware	
city	Wilmington	DE	Delaware	
city	Woodside	DE	Delaware	
city	Wyoming	DE	Delaware	
city	Alachua	FL	Florida	
city	Alford	FL	Florida	
city	Altamonte Springs	FL	Florida	
city	Altha	FL	Florida	
city	Anna Maria	FL	Florida	
city	Apalachicola	FL	Florida	
city	Apopka	FL	Florida	
city	Arcadia	FL	Florida	
city	Archer	FL	Florida	
city	Astatula	FL	Florida	
city	Atlantic Beach	FL	Florida	
city	Atlantis	FL	Florida	
city	Auburndale	FL	Florida	
city	Aventura	FL	Florida	
city	Avon Park	FL	Florida	
city	Baldwin	FL	Florida	
city	Bal Harbour	FL	Florida	
city	Bartow	FL	Florida	
city	Bascom	FL	Florida	
city	Bay Harbor Islands	FL	Florida	
city	Bay Lake	FL	Florida	
city	Bell	FL	Florida	
city	Belleair	FL	Florida	
city	Belleair Beach	FL	Florida	
city	Belleair Bluffs	FL	Florida	
city	Belleair Shore	FL	Florida	
city	Belle Glade	FL	Florida	
city	Belle Isle	FL	Florida	
city	Belleview	FL	Florida	
city	Beverly Beach	FL	Florida	
city	Biscayne Park	FL	Florida	
city	Blountstown	FL	Florida	
city	Boca Raton	FL	Florida	
city	Bonifay	FL	Florida	
city	Bonita Springs	FL	Florida	
city	Bowling Green	FL	Florida	
city	Boynton Beach	FL	Florida	
city	Bradenton	FL	Florida	
city	Bradenton Beach	FL	Florida	
city	Branford	FL	Florida	
city	Briny Breezes	FL	Florida	
city	Bristol	FL	Florida	
city	Bronson	FL	Florida	
city	Brooker	FL	Florida	
city	Brooksville	FL	Florida	
city	Bunnell	FL	Florida	
city	Bushnell	FL	Florida	
city	Callahan	FL	Florida	
city	Callaway	FL	Florida	
city	Campbellton	FL	Florida	
city	Cape Canaveral	FL	Florida	
city	Cape Coral	FL	Florida	
city	Carrabelle	FL	Florida	
city	Caryville	FL	Florida	
city	Casselberry	FL	Florida	
city	Cedar Key	FL	Florida	
city	Center Hill	FL	Florida	
city	Century	FL	Florida	
city	Chattahoochee	FL	Florida	
city	Chiefland	FL	Florida	
city	Chipley	FL	Florida	
city	Cinco Bayou	FL	Florida	
city	Clearwater	FL	Florida	
city	Clermont	FL	Florida	
city	Clewiston	FL	Florida	
city	Cloud Lake	FL	Florida	
city	Cocoa	FL	Florida	
city	Cocoa Beach	FL	Florida	
city	Coconut Creek	FL	Florida	
city	Coleman	FL	Florida	
city	Cooper City	FL	Florida	
city	Coral Gables	FL	Florida	
city	Coral Springs	FL	Florida	
city	Cottondale	FL	Florida	
city	Crescent City	FL	Florida	
city	Crestview	FL	Florida	
city	Cross City	FL	Florida	
city	Crystal River	FL	Florida	
city	Cutler Bay	FL	Florida	
city	Dade City	FL	Florida	
city	Dania Beach	FL	Florida	
city	Davenport	FL	Florida	
city	Davie	FL	Florida	
city	Daytona Beach	FL	Florida	
city	Daytona Beach Shores	FL	Florida	
city	DeBary	FL	Florida	
city	Deerfield Beach	FL	Florida	
city	DeFuniak Springs	FL	Florida	
city	DeLand	FL	Florida	
city	Delray Beach	FL	Florida	
city	Deltona	FL	Florida	
city	Destin	FL	Florida	
city	Doral	FL	Florida	
city	Dundee	FL	Florida	
city	Dunedin	FL	Florida	
city	Dunnellon	FL	Florida	
city	Eagle Lake	FL	Florida	
city	Eatonville	FL	Florida	
city	Ebro	FL	Florida	
city	Edgewater	FL	Florida	
city	Edgewood	FL	Florida	
city	El Portal	FL	Florida	
city	Estero	FL	Florida	
city	Esto	FL	Florida	
city	Eustis	FL	Florida	
city	Everglades	FL	Florida	
city	Fanning Springs	FL	Florida	
city	Fellsmere	FL	Florida	
city	Fernandina Beach	FL	Florida	
city	Flagler Beach	FL	Florida	
city	Florida City	FL	Florida	
city	Fort Lauderdale	FL	Florida	
city	Fort Meade	FL	Florida	
city	Fort Myers	FL	Florida	
city	Fort Myers Beach	FL	Florida	
city	Fort Pierce	FL	Florida	
city	Fort Walton Beach	FL	Florida	
city	Fort White	FL	Florida	
city	Freeport	FL	Florida	
city	Frostproof	FL	Florida	
city	Fruitland Park	FL	Florida	
city	Gainesville	FL	Florida	
city	Glen Ridge	FL	Florida	
city	Glen St. Mary	FL	Florida	
city	Golden Beach	FL	Florida	
city	Golf	FL	Florida	
city	Graceville	FL	Florida	
city	Grand Ridge	FL	Florida	
city	Grant-Valkaria	FL	Florida	
city	Greenacres	FL	Florida	
city	Green Cove Springs	FL	Florida	
city	Greensboro	FL	Florida	
city	Greenville	FL	Florida	
city	Greenwood	FL	Florida	
city	Gretna	FL	Florida	
city	Groveland	FL	Florida	
city	Gulf Breeze	FL	Florida	
city	Gulfport	FL	Florida	
city	Gulf Stream	FL	Florida	
city	Haines City	FL	Florida	
city	Hallandale Beach	FL	Florida	
city	Hampton	FL	Florida	
city	Havana	FL	Florida	
city	Haverhill	FL	Florida	
city	Hawthorne	FL	Florida	
city	Hialeah	FL	Florida	
city	Hialeah Gardens	FL	Florida	
city	Highland Beach	FL	Florida	
city	Highland Park	FL	Florida	
city	High Springs	FL	Florida	
city	Hillcrest Heights	FL	Florida	
city	Hilliard	FL	Florida	
city	Hillsboro Beach	FL	Florida	
city	Holly Hill	FL	Florida	
city	Hollywood	FL	Florida	
city	Holmes Beach	FL	Florida	
city	Homestead	FL	Florida	
city	Horseshoe Beach	FL	Florida	
city	Howey-in-the-Hills	FL	Florida	
city	Hypoluxo	FL	Florida	
city	Indialantic	FL	Florida	
city	Indian Creek	FL	Florida	
city	Indian Harbour Beach	FL	Florida	
city	Indian River Shores	FL	Florida	
city	Indian Rocks Beach	FL	Florida	
city	Indian Shores	FL	Florida	
city	Indiantown	FL	Florida	
city	Inglis	FL	Florida	
city	Interlachen	FL	Florida	
city	Inverness	FL	Florida	
city	Islamorada, Village of Islands	FL	Florida	
city	Jacksonville	FL	Florida	
city	Jacksonville Beach	FL	Florida	
city	Jacob City	FL	Florida	
city	Jasper	FL	Florida	
city	Jay	FL	Florida	
city	Jennings	FL	Florida	
city	Juno Beach	FL	Florida	
city	Jupiter	FL	Florida	
city	Jupiter Inlet Colony	FL	Florida	
city	Jupiter Island	FL	Florida	
city	Kenneth City	FL	Florida	
city	Key Biscayne	FL	Florida	
city	Key Colony Beach	FL	Florida	
city	Keystone Heights	FL	Florida	
city	Key West	FL	Florida	
city	Kissimmee	FL	Florida	
city	LaBelle	FL	Florida	
city	La Crosse	FL	Florida	
city	Lady Lake	FL	Florida	
city	Lake Alfred	FL	Florida	
city	Lake Buena Vista	FL	Florida	
city	Lake Butler	FL	Florida	
city	Lake City	FL	Florida	
city	Lake Clarke Shores	FL	Florida	
city	Lake Hamilton	FL	Florida	
city	Lake Helen	FL	Florida	
city	Lakeland	FL	Florida	
city	Lake Mary	FL	Florida	
city	Lake Park	FL	Florida	
city	Lake Placid	FL	Florida	
city	Lake Wales	FL	Florida	
city	Lake Worth Beach	FL	Florida	
city	Lantana	FL	Florida	
city	Largo	FL	Florida	
city	Lauderdale-by-the-Sea	FL	Florida	
city	Lauderdale Lakes	FL	Florida	
city	Lauderhill	FL	Florida	
city	Laurel Hill	FL	Florida	
city	Lawtey	FL	Florida	
city	Layton	FL	Florida	
city	Lazy Lake	FL	Florida	
city	Lee	FL	Florida	
city	Leesburg	FL	Florida	
city	Lighthouse Point	FL	Florida	
city	Live Oak	FL	Florida	
city	Longboat Key	FL	Florida	
city	Longwood	FL	Florida	
city	Loxahatchee Groves	FL	Florida	
city	Lynn Haven	FL	Florida	
city	Macclenny	FL	Florida	
city	McIntosh	FL	Florida	
city	Madeira Beach	FL	Florida	
city	Madison	FL	Florida	
city	Maitland	FL	Florida	
city	Malabar	FL	Florida	
city	Malone	FL	Florida	
city	Manalapan	FL	Florida	
city	Mangonia Park	FL	Florida	
city	Marathon	FL	Florida	
city	Marco Island	FL	Florida	
city	Margate	FL	Florida	
city	Marianna	FL	Florida	
city	Marineland	FL	Florida	
city	Mary Esther	FL	Florida	
city	Mascotte	FL	Florida	
city	Mayo	FL	Florida	
city	Medley	FL	Florida	
city	Melbourne	FL	Florida	
city	Melbourne Beach	FL	Florida	
city	Melbourne Village	FL	Florida	
city	Mexico Beach	FL	Florida	
city	Miami	FL	Florida	
city	Miami Beach	FL	Florida	
city	Miami Gardens	FL	Florida	
city	Miami Lakes	FL	Florida	
city	Miami Shores	FL	Florida	
city	Miami Springs	FL	Florida	
city	Micanopy	FL	Florida	
city	Midway	FL	Florida	
city	Milton	FL	Florida	
city	Minneola	FL	Florida	
city	Miramar	FL	Florida	
city	Monticello	FL	Florida	
city	Montverde	FL	Florida	
city	Moore Haven	FL	Florida	
city	Mount Dora	FL	Florida	
city	Mulberry	FL	Florida	
city	Naples	FL	Florida	
city	Neptune Beach	FL	Florida	
city	Newberry	FL	Florida	
city	New Port Richey	FL	Florida	
city	New Smyrna Beach	FL	Florida	
city	Niceville	FL	Florida	
city	Noma	FL	Florida	
city	North Bay Village	FL	Florida	
city	North Lauderdale	FL	Florida	
city	North Miami	FL	Florida	
city	North Miami Beach	FL	Florida	
city	North Palm Beach	FL	Florida	
city	North Port	FL	Florida	
city	North Redington Beach	FL	Florida	
city	Oak Hill	FL	Florida	
city	Oakland	FL	Florida	
city	Oakland Park	FL	Florida	
city	Ocala	FL	Florida	
city	Ocean Breeze	FL	Florida	
city	Ocean Ridge	FL	Florida	
city	Ocoee	FL	Florida	
city	Okeechobee	FL	Florida	
city	Oldsmar	FL	Florida	
city	Opa-locka	FL	Florida	
city	Orange City	FL	Florida	
city	Orange Park	FL	Florida	
city	Orchid	FL	Florida	
city	Orlando	FL	Florida	
city	Ormond Beach	FL	Florida	
city	Otter Creek	FL	Florida	
city	Oviedo	FL	Florida	
city	Pahokee	FL	Florida	
city	Palatka	FL	Florida	
city	Palm Bay	FL	Florida	
city	Palm Beach	FL	Florida	
city	Palm Beach Gardens	FL	Florida	
city	Palm Beach Shores	FL	Florida	
city	Palm Coast	FL	Florida	
city	Palmetto	FL	Florida	
city	Palmetto Bay	FL	Florida	
city	Palm Shores	FL	Florida	
city	Palm Springs	FL	Florida	
city	Panama City	FL	Florida	
city	Panama City Beach	FL	Florida	
city	Parker	FL	Florida	
city	Parkland	FL	Florida	
city	Paxton	FL	Florida	
city	Pembroke Park	FL	Florida	
city	Pembroke Pines	FL	Florida	
city	Penney Farms	FL	Florida	
city	Pensacola	FL	Florida	
city	Perry	FL	Florida	
city	Pierson	FL	Florida	
city	Pinecrest	FL	Florida	
city	Pinellas Park	FL	Florida	
city	Plantation	FL	Florida	
city	Plant City	FL	Florida	
city	Polk City	FL	Florida	
city	Pomona Park	FL	Florida	
city	Pompano Beach	FL	Florida	
city	Ponce de Leon	FL	Florida	
city	Ponce Inlet	FL	Florida	
city	Port Orange	FL	Florida	
city	Port Richey	FL	Florida	
city	Port St. Joe	FL	Florida	
city	Port St. Lucie	FL	Florida	
city	Punta Gorda	FL	Florida	
city	Quincy	FL	Florida	
city	Raiford	FL	Florida	
city	Reddick	FL	Florida	
city	Redington Beach	FL	Florida	
city	Redington Shores	FL	Florida	
city	Riviera Beach	FL	Florida	
city	Rockledge	FL	Florida	
city	Royal Palm Beach	FL	Florida	
city	Safety Harbor	FL	Florida	
city	St. Augustine	FL	Florida	
city	St. Augustine Beach	FL	Florida	
city	St. Cloud	FL	Florida	
city	St. Leo	FL	Florida	
city	St. Lucie Village	FL	Florida	
city	St. Marks	FL	Florida	
city	St. Pete Beach	FL	Florida	
city	St. Petersburg	FL	Florida	
city	San Antonio	FL	Florida	
city	Sanford	FL	Florida	
city	Sanibel	FL	Florida	
city	Sarasota	FL	Florida	
city	Satellite Beach	FL	Florida	
city	Sea Ranch Lakes	FL	Florida	
city	Sebastian	FL	Florida	
city	Sebring	FL	Florida	
city	Seminole	FL	Florida	
city	Sewall's Point	FL	Florida	
city	Shalimar	FL	Florida	
city	Sneads	FL	Florida	
city	Sopchoppy	FL	Florida	
city	South Bay	FL	Florida	
city	South Daytona	FL	Florida	
city	South Miami	FL	Florida	
city	South Palm Beach	FL	Florida	
city	South Pasadena	FL	Florida	
city	Southwest Ranches	FL	Florida	
city	Springfield	FL	Florida	
city	Starke	FL	Florida	
city	Stuart	FL	Florida	
city	Sunny Isles Beach	FL	Florida	
city	Sunrise	FL	Florida	
city	Surfside	FL	Florida	
city	Sweetwater	FL	Florida	
city	Tallahassee	FL	Florida	
city	Tamarac	FL	Florida	
city	Tampa	FL	Florida	
city	Tarpon Springs	FL	Florida	
city	Tavares	FL	Florida	
city	Temple Terrace	FL	Florida	
city	Tequesta	FL	Florida	
city	Titusville	FL	Florida	
city	Treasure Island	FL	Florida	
city	Trenton	FL	Florida	
city	Umatilla	FL	Florida	
city	Valparaiso	FL	Florida	
city	Venice	FL	Florida	
city	Vernon	FL	Florida	
city	Vero Beach	FL	Florida	
city	Virginia Gardens	FL	Florida	
city	Waldo	FL	Florida	
city	Wauchula	FL	Florida	
city	Wausau	FL	Florida	
city	Webster	FL	Florida	
city	Welaka	FL	Florida	
city	Wellington	FL	Florida	
city	Westlake	FL	Florida	
city	West Melbourne	FL	Florida	
city	West Miami	FL	Florida	
city	Weston	FL	Florida	
city	West Palm Beach	FL	Florida	
city	West Park	FL	Florida	
city	Westville	FL	Florida	
city	Wewahitchka	FL	Florida	
city	White Springs	FL	Florida	
city	Wildwood	FL	Florida	
city	Williston	FL	Florida	
city	Wilton Manors	FL	Florida	
city	Windermere	FL	Florida	
city	Winter Garden	FL	Florida	
city	Winter Haven	FL	Florida	
city	Winter Park	FL	Florida	
city	Winter Springs	FL	Florida	
city	Worthington Springs	FL	Florida	
city	Yankeetown	FL	Florida	
city	Zephyrhills	FL	Florida	
city	Zolfo Springs	FL	Florida	
city	Abbeville	GA	Georgia	
city	Acworth	GA	Georgia	
city	Adairsville	GA	Georgia	
city	Adel	GA	Georgia	
city	Adrian	GA	Georgia	
city	Ailey	GA	Georgia	
city	Alamo	GA	Georgia	
city	Alapaha	GA	Georgia	
city	Albany	GA	Georgia	
city	Aldora	GA	Georgia	
city	Allenhurst	GA	Georgia	
city	Allentown	GA	Georgia	
city	Alma	GA	Georgia	
city	Alpharetta	GA	Georgia	
city	Alston	GA	Georgia	
city	Alto	GA	Georgia	
city	Ambrose	GA	Georgia	
city	Americus	GA	Georgia	
city	Andersonville	GA	Georgia	
city	Arabi	GA	Georgia	
city	Aragon	GA	Georgia	
city	Arcade	GA	Georgia	
city	Argyle	GA	Georgia	
city	Arlington	GA	Georgia	
city	Arnoldsville	GA	Georgia	
city	Ashburn	GA	Georgia	
city	Atlanta	GA	Georgia	
city	Attapulgus	GA	Georgia	
city	Auburn	GA	Georgia	
city	Austell	GA	Georgia	
city	Avalon	GA	Georgia	
city	Avera	GA	Georgia	
city	Avondale Estates	GA	Georgia	
city	Baconton	GA	Georgia	
city	Bainbridge	GA	Georgia	
city	Baldwin	GA	Georgia	
city	Ball Ground	GA	Georgia	
city	Barnesville	GA	Georgia	
city	Bartow	GA	Georgia	
city	Barwick	GA	Georgia	
city	Baxley	GA	Georgia	
city	Bellville	GA	Georgia	
city	Berkeley Lake	GA	Georgia	
city	Berlin	GA	Georgia	
city	Bethlehem	GA	Georgia	
city	Between	GA	Georgia	
city	Bishop	GA	Georgia	
city	Blackshear	GA	Georgia	
city	Blairsville	GA	Georgia	
city	Blakely	GA	Georgia	
city	Bloomingdale	GA	Georgia	
city	Blue Ridge	GA	Georgia	
city	Bluffton	GA	Georgia	
city	Blythe	GA	Georgia	
city	Bogart	GA	Georgia	
city	Boston	GA	Georgia	
city	Bostwick	GA	Georgia	
city	Bowdon	GA	Georgia	
city	Bowersville	GA	Georgia	
city	Bowman	GA	Georgia	
city	Braselton	GA	Georgia	
city	Braswell	GA	Georgia	
city	Bremen	GA	Georgia	
city	Brinson	GA	Georgia	
city	Bronwood	GA	Georgia	
city	Brookhaven	GA	Georgia	
city	Brooklet	GA	Georgia	
city	Brooks	GA	Georgia	
city	Broxton	GA	Georgia	
city	Brunswick	GA	Georgia	
city	Buchanan	GA	Georgia	
city	Buckhead	GA	Georgia	
city	Buena Vista	GA	Georgia	
city	Buford	GA	Georgia	
city	Butler	GA	Georgia	
city	Byromville	GA	Georgia	
city	Byron	GA	Georgia	
city	Cadwell	GA	Georgia	
city	Cairo	GA	Georgia	
city	Calhoun	GA	Georgia	
city	Camak	GA	Georgia	
city	Camilla	GA	Georgia	
city	Canon	GA	Georgia	
city	Canton	GA	Georgia	
city	Carl	GA	Georgia	
city	Carlton	GA	Georgia	
city	Carnesville	GA	Georgia	
city	Carrollton	GA	Georgia	
city	Cartersville	GA	Georgia	
city	Cave Spring	GA	Georgia	
city	Cecil	GA	Georgia	
city	Cedartown	GA	Georgia	
city	Centerville	GA	Georgia	
city	Centralhatchee	GA	Georgia	
city	Chamblee	GA	Georgia	
city	Chatsworth	GA	Georgia	
city	Chattahoochee Hills	GA	Georgia	
city	Chauncey	GA	Georgia	
city	Chester	GA	Georgia	
city	Chickamauga	GA	Georgia	
city	Clarkesville	GA	Georgia	
city	Clarkston	GA	Georgia	
city	Claxton	GA	Georgia	
city	Clayton	GA	Georgia	
city	Clermont	GA	Georgia	
city	Cleveland	GA	Georgia	
city	Climax	GA	Georgia	
city	Cobbtown	GA	Georgia	
city	Cochran	GA	Georgia	
city	Cohutta	GA	Georgia	
city	Colbert	GA	Georgia	
city	College Park	GA	Georgia	
city	Collins	GA	Georgia	
city	Colquitt	GA	Georgia	
city	Columbus	GA	Georgia	
city	Comer	GA	Georgia	
city	Commerce	GA	Georgia	
city	Concord	GA	Georgia	
city	Conyers	GA	Georgia	
city	Coolidge	GA	Georgia	
city	Cordele	GA	Georgia	
city	Cornelia	GA	Georgia	
city	Covington	GA	Georgia	
city	Crawford	GA	Georgia	
city	Crawfordville	GA	Georgia	
city	Culloden	GA	Georgia	
city	Cumming	GA	Georgia	
city	Cusseta-Chattahoochee County unified government	GA	Georgia	
city	Cuthbert	GA	Georgia	
city	Dacula	GA	Georgia	
city	Dahlonega	GA	Georgia	
city	Daisy	GA	Georgia	
city	Dallas	GA	Georgia	
city	Dalton	GA	Georgia	
city	Damascus	GA	Georgia	
city	Danielsville	GA	Georgia	
city	Danville	GA	Georgia	
city	Darien	GA	Georgia	
city	Dasher	GA	Georgia	
city	Davisboro	GA	Georgia	
city	Dawson	GA	Georgia	
city	Dawsonville	GA	Georgia	
city	Dearing	GA	Georgia	
city	Decatur	GA	Georgia	
city	Deepstep	GA	Georgia	
city	Demorest	GA	Georgia	
city	Denton	GA	Georgia	
city	De Soto	GA	Georgia	
city	Dexter	GA	Georgia	
city	Dillard	GA	Georgia	
city	Doerun	GA	Georgia	
city	Donalsonville	GA	Georgia	
city	Dooling	GA	Georgia	
city	Doraville	GA	Georgia	
city	Douglas	GA	Georgia	
city	Douglasville	GA	Georgia	
city	Dublin	GA	Georgia	
city	Dudley	GA	Georgia	
city	Duluth	GA	Georgia	
city	Dunwoody	GA	Georgia	
city	Du Pont	GA	Georgia	
city	East Dublin	GA	Georgia	
city	East Ellijay	GA	Georgia	
city	Eastman	GA	Georgia	
city	East Point	GA	Georgia	
city	Eatonton	GA	Georgia	
city	Echols County consolidated government	GA	Georgia	
city	Edge Hill	GA	Georgia	
city	Edison	GA	Georgia	
city	Elberton	GA	Georgia	
city	Ellaville	GA	Georgia	
city	Ellenton	GA	Georgia	
city	Ellijay	GA	Georgia	
city	Emerson	GA	Georgia	
city	Enigma	GA	Georgia	
city	Ephesus	GA	Georgia	
city	Eton	GA	Georgia	
city	Euharlee	GA	Georgia	
city	Fairburn	GA	Georgia	
city	Fairmount	GA	Georgia	
city	Fargo	GA	Georgia	
city	Fayetteville	GA	Georgia	
city	Fitzgerald	GA	Georgia	
city	Flemington	GA	Georgia	
city	Flovilla	GA	Georgia	
city	Flowery Branch	GA	Georgia	
city	Folkston	GA	Georgia	
city	Forest Park	GA	Georgia	
city	Forsyth	GA	Georgia	
city	Fort Gaines	GA	Georgia	
city	Fort Oglethorpe	GA	Georgia	
city	Fort Valley	GA	Georgia	
city	Franklin	GA	Georgia	
city	Franklin Springs	GA	Georgia	
city	Funston	GA	Georgia	
city	Gainesville	GA	Georgia	
city	Garden City	GA	Georgia	
city	Garfield	GA	Georgia	
city	Gay	GA	Georgia	
city	Geneva	GA	Georgia	
city	Georgetown-Quitman County unified government	GA	Georgia	
city	Gibson	GA	Georgia	
city	Gillsville	GA	Georgia	
city	Girard	GA	Georgia	
city	Glennville	GA	Georgia	
city	Glenwood	GA	Georgia	
city	Good Hope	GA	Georgia	
city	Gordon	GA	Georgia	
city	Graham	GA	Georgia	
city	Grantville	GA	Georgia	
city	Gray	GA	Georgia	
city	Grayson	GA	Georgia	
city	Greensboro	GA	Georgia	
city	Greenville	GA	Georgia	
city	Griffin	GA	Georgia	
city	Grovetown	GA	Georgia	
city	Gumbranch	GA	Georgia	
city	Guyton	GA	Georgia	
city	Hagan	GA	Georgia	
city	Hahira	GA	Georgia	
city	Hamilton	GA	Georgia	
city	Hampton	GA	Georgia	
city	Hapeville	GA	Georgia	
city	Haralson	GA	Georgia	
city	Harlem	GA	Georgia	
city	Harrison	GA	Georgia	
city	Hartwell	GA	Georgia	
city	Hawkinsville	GA	Georgia	
city	Hazlehurst	GA	Georgia	
city	Helen	GA	Georgia	
city	Hephzibah	GA	Georgia	
city	Hiawassee	GA	Georgia	
city	Higgston	GA	Georgia	
city	Hiltonia	GA	Georgia	
city	Hinesville	GA	Georgia	
city	Hiram	GA	Georgia	
city	Hoboken	GA	Georgia	
city	Hogansville	GA	Georgia	
city	Holly Springs	GA	Georgia	
city	Homeland	GA	Georgia	
city	Homer	GA	Georgia	
city	Homerville	GA	Georgia	
city	Hoschton	GA	Georgia	
city	Hull	GA	Georgia	
city	Ideal	GA	Georgia	
city	Ila	GA	Georgia	
city	Iron City	GA	Georgia	
city	Irwinton	GA	Georgia	
city	Ivey	GA	Georgia	
city	Jackson	GA	Georgia	
city	Jacksonville	GA	Georgia	
city	Jakin	GA	Georgia	
city	Jasper	GA	Georgia	
city	Jefferson	GA	Georgia	
city	Jeffersonville	GA	Georgia	
city	Jenkinsburg	GA	Georgia	
city	Jersey	GA	Georgia	
city	Jesup	GA	Georgia	
city	Johns Creek	GA	Georgia	
city	Jonesboro	GA	Georgia	
city	Junction City	GA	Georgia	
city	Kennesaw	GA	Georgia	
city	Keysville	GA	Georgia	
city	Kingsland	GA	Georgia	
city	Kingston	GA	Georgia	
city	Kite	GA	Georgia	
city	LaFayette	GA	Georgia	
city	LaGrange	GA	Georgia	
city	Lake City	GA	Georgia	
city	Lakeland	GA	Georgia	
city	Lake Park	GA	Georgia	
city	Lavonia	GA	Georgia	
city	Lawrenceville	GA	Georgia	
city	Leary	GA	Georgia	
city	Leesburg	GA	Georgia	
city	Lenox	GA	Georgia	
city	Leslie	GA	Georgia	
city	Lexington	GA	Georgia	
city	Lilburn	GA	Georgia	
city	Lilly	GA	Georgia	
city	Lincolnton	GA	Georgia	
city	Lithonia	GA	Georgia	
city	Locust Grove	GA	Georgia	
city	Loganville	GA	Georgia	
city	Lone Oak	GA	Georgia	
city	Lookout Mountain	GA	Georgia	
city	Louisville	GA	Georgia	
city	Lovejoy	GA	Georgia	
city	Ludowici	GA	Georgia	
city	Lula	GA	Georgia	
city	Lumber City	GA	Georgia	
city	Lumpkin	GA	Georgia	
city	Luthersville	GA	Georgia	
city	Lyerly	GA	Georgia	
city	Lyons	GA	Georgia	
city	McCaysville	GA	Georgia	
city	McDonough	GA	Georgia	
city	McIntyre	GA	Georgia	
city	Macon-Bibb County	GA	Georgia	
city	McRae-Helena	GA	Georgia	
city	Madison	GA	Georgia	
city	Manassas	GA	Georgia	
city	Manchester	GA	Georgia	
city	Mansfield	GA	Georgia	
city	Marietta	GA	Georgia	
city	Marshallville	GA	Georgia	
city	Martin	GA	Georgia	
city	Maxeys	GA	Georgia	
city	Maysville	GA	Georgia	
city	Meansville	GA	Georgia	
city	Meigs	GA	Georgia	
city	Menlo	GA	Georgia	
city	Metter	GA	Georgia	
city	Midville	GA	Georgia	
city	Midway	GA	Georgia	
city	Milan	GA	Georgia	
city	Milledgeville	GA	Georgia	
city	Millen	GA	Georgia	
city	Milner	GA	Georgia	
city	Milton	GA	Georgia	
city	Mitchell	GA	Georgia	
city	Molena	GA	Georgia	
city	Monroe	GA	Georgia	
city	Montezuma	GA	Georgia	
city	Monticello	GA	Georgia	
city	Montrose	GA	Georgia	
city	Moreland	GA	Georgia	
city	Morgan	GA	Georgia	
city	Morganton	GA	Georgia	
city	Morrow	GA	Georgia	
city	Morven	GA	Georgia	
city	Moultrie	GA	Georgia	
city	Mountain City	GA	Georgia	
city	Mountain Park	GA	Georgia	
city	Mount Airy	GA	Georgia	
city	Mount Vernon	GA	Georgia	
city	Mount Zion	GA	Georgia	
city	Nahunta	GA	Georgia	
city	Nashville	GA	Georgia	
city	Nelson	GA	Georgia	
city	Newborn	GA	Georgia	
city	Newington	GA	Georgia	
city	Newnan	GA	Georgia	
city	Newton	GA	Georgia	
city	Nicholls	GA	Georgia	
city	Nicholson	GA	Georgia	
city	Norcross	GA	Georgia	
city	Norman Park	GA	Georgia	
city	North High Shoals	GA	Georgia	
city	Norwood	GA	Georgia	
city	Nunez	GA	Georgia	
city	Oak Park	GA	Georgia	
city	Oakwood	GA	Georgia	
city	Ochlocknee	GA	Georgia	
city	Ocilla	GA	Georgia	
city	Oconee	GA	Georgia	
city	Odum	GA	Georgia	
city	Offerman	GA	Georgia	
city	Oglethorpe	GA	Georgia	
city	Oliver	GA	Georgia	
city	Omega	GA	Georgia	
city	Orchard Hill	GA	Georgia	
city	Oxford	GA	Georgia	
city	Palmetto	GA	Georgia	
city	Parrott	GA	Georgia	
city	Patterson	GA	Georgia	
city	Pavo	GA	Georgia	
city	Peachtree City	GA	Georgia	
city	Peachtree Corners	GA	Georgia	
city	Pearson	GA	Georgia	
city	Pelham	GA	Georgia	
city	Pembroke	GA	Georgia	
city	Pendergrass	GA	Georgia	
city	Perry	GA	Georgia	
city	Pinehurst	GA	Georgia	
city	Pine Lake	GA	Georgia	
city	Pine Mountain	GA	Georgia	
city	Pineview	GA	Georgia	
city	Pitts	GA	Georgia	
city	Plains	GA	Georgia	
city	Plainville	GA	Georgia	
city	Pooler	GA	Georgia	
city	Portal	GA	Georgia	
city	Porterdale	GA	Georgia	
city	Port Wentworth	GA	Georgia	
city	Poulan	GA	Georgia	
city	Powder Springs	GA	Georgia	
city	Pulaski	GA	Georgia	
city	Quitman	GA	Georgia	
city	Ranger	GA	Georgia	
city	Ray City	GA	Georgia	
city	Rayle	GA	Georgia	
city	Rebecca	GA	Georgia	
city	Register	GA	Georgia	
city	Reidsville	GA	Georgia	
city	Remerton	GA	Georgia	
city	Rentz	GA	Georgia	
city	Resaca	GA	Georgia	
city	Rest Haven	GA	Georgia	
city	Reynolds	GA	Georgia	
city	Rhine	GA	Georgia	
city	Riceboro	GA	Georgia	
city	Richland	GA	Georgia	
city	Richmond Hill	GA	Georgia	
city	Riddleville	GA	Georgia	
city	Rincon	GA	Georgia	
city	Ringgold	GA	Georgia	
city	Riverdale	GA	Georgia	
city	Roberta	GA	Georgia	
city	Rochelle	GA	Georgia	
city	Rockmart	GA	Georgia	
city	Rocky Ford	GA	Georgia	
city	Rome	GA	Georgia	
city	Roopville	GA	Georgia	
city	Rossville	GA	Georgia	
city	Roswell	GA	Georgia	
city	Royston	GA	Georgia	
city	Rutledge	GA	Georgia	
city	St. Marys	GA	Georgia	
city	Sale City	GA	Georgia	
city	Sandersville	GA	Georgia	
city	Sandy Springs	GA	Georgia	
city	Santa Claus	GA	Georgia	
city	Sardis	GA	Georgia	
city	Sasser	GA	Georgia	
city	Savannah	GA	Georgia	
city	Scotland	GA	Georgia	
city	Screven	GA	Georgia	
city	Senoia	GA	Georgia	
city	Shady Dale	GA	Georgia	
city	Sharon	GA	Georgia	
city	Sharpsburg	GA	Georgia	
city	Shellman	GA	Georgia	
city	Shiloh	GA	Georgia	
city	Siloam	GA	Georgia	
city	Sky Valley	GA	Georgia	
city	Smithville	GA	Georgia	
city	Smyrna	GA	Georgia	
city	Snellville	GA	Georgia	
city	Social Circle	GA	Georgia	
city	Soperton	GA	Georgia	
city	South Fulton	GA	Georgia	
city	Sparks	GA	Georgia	
city	Sparta	GA	Georgia	
city	Springfield	GA	Georgia	
city	Stapleton	GA	Georgia	
city	Statesboro	GA	Georgia	
city	Statham	GA	Georgia	
city	Stillmore	GA	Georgia	
city	Stockbridge	GA	Georgia	
city	Stonecrest	GA	Georgia	
city	Stone Mountain	GA	Georgia	
city	Sugar Hill	GA	Georgia	
city	Summertown	GA	Georgia	
city	Summerville	GA	Georgia	
city	Sumner	GA	Georgia	
city	Sunny Side	GA	Georgia	
city	Surrency	GA	Georgia	
city	Suwanee	GA	Georgia	
city	Swainsboro	GA	Georgia	
city	Sycamore	GA	Georgia	
city	Sylvania	GA	Georgia	
city	Sylvester	GA	Georgia	
city	Talbotton	GA	Georgia	
city	Talking Rock	GA	Georgia	
city	Tallapoosa	GA	Georgia	
city	Tallulah Falls	GA	Georgia	
city	Talmo	GA	Georgia	
city	Tarrytown	GA	Georgia	
city	Taylorsville	GA	Georgia	
city	Temple	GA	Georgia	
city	Tennille	GA	Georgia	
city	Thomaston	GA	Georgia	
city	Thomasville	GA	Georgia	
city	Thomson	GA	Georgia	
city	Thunderbolt	GA	Georgia	
city	Tifton	GA	Georgia	
city	Tiger	GA	Georgia	
city	Tignall	GA	Georgia	
city	Toccoa	GA	Georgia	
city	Toomsboro	GA	Georgia	
city	Trenton	GA	Georgia	
city	Trion	GA	Georgia	
city	Tucker	GA	Georgia	
city	Tunnel Hill	GA	Georgia	
city	Turin	GA	Georgia	
city	Twin City	GA	Georgia	
city	Tybee Island	GA	Georgia	
city	Tyrone	GA	Georgia	
city	Ty Ty	GA	Georgia	
city	Unadilla	GA	Georgia	
city	Union City	GA	Georgia	
city	Union Point	GA	Georgia	
city	Uvalda	GA	Georgia	
city	Valdosta	GA	Georgia	
city	Varnell	GA	Georgia	
city	Vernonburg	GA	Georgia	
city	Vidalia	GA	Georgia	
city	Vidette	GA	Georgia	
city	Vienna	GA	Georgia	
city	Villa Rica	GA	Georgia	
city	Waco	GA	Georgia	
city	Wadley	GA	Georgia	
city	Waleska	GA	Georgia	
city	Walnut Grove	GA	Georgia	
city	Walthourville	GA	Georgia	
city	Warm Springs	GA	Georgia	
city	Warner Robins	GA	Georgia	
city	Warrenton	GA	Georgia	
city	Warwick	GA	Georgia	
city	Washington	GA	Georgia	
city	Watkinsville	GA	Georgia	
city	Waverly Hall	GA	Georgia	
city	Waycross	GA	Georgia	
city	Waynesboro	GA	Georgia	
city	Webster County unified government	GA	Georgia	
city	West Point	GA	Georgia	
city	Whigham	GA	Georgia	
city	White	GA	Georgia	
city	White Plains	GA	Georgia	
city	Whitesburg	GA	Georgia	
city	Willacoochee	GA	Georgia	
city	Williamson	GA	Georgia	
city	Winder	GA	Georgia	
city	Winterville	GA	Georgia	
city	Woodbine	GA	Georgia	
city	Woodbury	GA	Georgia	
city	Woodland	GA	Georgia	
city	Woodstock	GA	Georgia	
city	Woodville	GA	Georgia	
city	Woolsey	GA	Georgia	
city	Wrens	GA	Georgia	
city	Wrightsville	GA	Georgia	
city	Yatesville	GA	Georgia	
city	Young Harris	GA	Georgia	
city	Zebulon	GA	Georgia	
city	Aberdeen	ID	Idaho	
city	Acequia	ID	Idaho	
city	Albion	ID	Idaho	
city	American Falls	ID	Idaho	
city	Ammon	ID	Idaho	
city	Arco	ID	Idaho	
city	Arimo	ID	Idaho	
city	Ashton	ID	Idaho	
city	Athol	ID	Idaho	
city	Bancroft	ID	Idaho	
city	Basalt	ID	Idaho	
city	Bellevue	ID	Idaho	
city	Blackfoot	ID	Idaho	
city	Bliss	ID	Idaho	
city	Bloomington	ID	Idaho	
city	Boise City	ID	Idaho	
city	Bonners Ferry	ID	Idaho	
city	Bovill	ID	Idaho	
city	Buhl	ID	Idaho	
city	Burley	ID	Idaho	
city	Butte City	ID	Idaho	
city	Caldwell	ID	Idaho	
city	Cambridge	ID	Idaho	
city	Carey	ID	Idaho	
city	Cascade	ID	Idaho	
city	Castleford	ID	Idaho	
city	Challis	ID	Idaho	
city	Chubbuck	ID	Idaho	
city	Clark Fork	ID	Idaho	
city	Clayton	ID	Idaho	
city	Clifton	ID	Idaho	
city	Coeur d'Alene	ID	Idaho	
city	Cottonwood	ID	Idaho	
city	Council	ID	Idaho	
city	Craigmont	ID	Idaho	
city	Crouch	ID	Idaho	
city	Culdesac	ID	Idaho	
city	Dalton Gardens	ID	Idaho	
city	Dayton	ID	Idaho	
city	Deary	ID	Idaho	
city	Declo	ID	Idaho	
city	Dietrich	ID	Idaho	
city	Donnelly	ID	Idaho	
city	Dover	ID	Idaho	
city	Downey	ID	Idaho	
city	Driggs	ID	Idaho	
city	Drummond	ID	Idaho	
city	Dubois	ID	Idaho	
city	Eagle	ID	Idaho	
city	East Hope	ID	Idaho	
city	Eden	ID	Idaho	
city	Elk River	ID	Idaho	
city	Emmett	ID	Idaho	
city	Fairfield	ID	Idaho	
city	Ferdinand	ID	Idaho	
city	Fernan Lake Village	ID	Idaho	
city	Filer	ID	Idaho	
city	Firth	ID	Idaho	
city	Franklin	ID	Idaho	
city	Fruitland	ID	Idaho	
city	Garden City	ID	Idaho	
city	Genesee	ID	Idaho	
city	Georgetown	ID	Idaho	
city	Glenns Ferry	ID	Idaho	
city	Gooding	ID	Idaho	
city	Grace	ID	Idaho	
city	Grand View	ID	Idaho	
city	Grangeville	ID	Idaho	
city	Greenleaf	ID	Idaho	
city	Hagerman	ID	Idaho	
city	Hailey	ID	Idaho	
city	Hansen	ID	Idaho	
city	Harrison	ID	Idaho	
city	Hauser	ID	Idaho	
city	Hayden	ID	Idaho	
city	Hayden Lake	ID	Idaho	
city	Hazelton	ID	Idaho	
city	Heyburn	ID	Idaho	
city	Hollister	ID	Idaho	
city	Homedale	ID	Idaho	
city	Hope	ID	Idaho	
city	Horseshoe Bend	ID	Idaho	
city	Huetter	ID	Idaho	
city	Idaho City	ID	Idaho	
city	Idaho Falls	ID	Idaho	
city	Inkom	ID	Idaho	
city	Iona	ID	Idaho	
city	Irwin	ID	Idaho	
city	Island Park	ID	Idaho	
city	Jerome	ID	Idaho	
city	Juliaetta	ID	Idaho	
city	Kamiah	ID	Idaho	
city	Kellogg	ID	Idaho	
city	Kendrick	ID	Idaho	
city	Ketchum	ID	Idaho	
city	Kimberly	ID	Idaho	
city	Kooskia	ID	Idaho	
city	Kootenai	ID	Idaho	
city	Kuna	ID	Idaho	
city	Lapwai	ID	Idaho	
city	Lava Hot Springs	ID	Idaho	
city	Leadore	ID	Idaho	
city	Lewiston	ID	Idaho	
city	Lewisville	ID	Idaho	
city	McCall	ID	Idaho	
city	McCammon	ID	Idaho	
city	Mackay	ID	Idaho	
city	Malad City	ID	Idaho	
city	Malta	ID	Idaho	
city	Marsing	ID	Idaho	
city	Melba	ID	Idaho	
city	Menan	ID	Idaho	
city	Meridian	ID	Idaho	
city	Middleton	ID	Idaho	
city	Midvale	ID	Idaho	
city	Minidoka	ID	Idaho	
city	Montpelier	ID	Idaho	
city	Moore	ID	Idaho	
city	Moscow	ID	Idaho	
city	Mountain Home	ID	Idaho	
city	Moyie Springs	ID	Idaho	
city	Mud Lake	ID	Idaho	
city	Mullan	ID	Idaho	
city	Murtaugh	ID	Idaho	
city	Nampa	ID	Idaho	
city	Newdale	ID	Idaho	
city	New Meadows	ID	Idaho	
city	New Plymouth	ID	Idaho	
city	Nezperce	ID	Idaho	
city	Notus	ID	Idaho	
city	Oakley	ID	Idaho	
city	Oldtown	ID	Idaho	
city	Onaway	ID	Idaho	
city	Orofino	ID	Idaho	
city	Osburn	ID	Idaho	
city	Oxford	ID	Idaho	
city	Paris	ID	Idaho	
city	Parker	ID	Idaho	
city	Parma	ID	Idaho	
city	Paul	ID	Idaho	
city	Payette	ID	Idaho	
city	Peck	ID	Idaho	
city	Pierce	ID	Idaho	
city	Pinehurst	ID	Idaho	
city	Placerville	ID	Idaho	
city	Plummer	ID	Idaho	
city	Pocatello	ID	Idaho	
city	Ponderay	ID	Idaho	
city	Post Falls	ID	Idaho	
city	Potlatch	ID	Idaho	
city	Preston	ID	Idaho	
city	Priest River	ID	Idaho	
city	Rathdrum	ID	Idaho	
city	Reubens	ID	Idaho	
city	Rexburg	ID	Idaho	
city	Richfield	ID	Idaho	
city	Rigby	ID	Idaho	
city	Riggins	ID	Idaho	
city	Ririe	ID	Idaho	
city	Roberts	ID	Idaho	
city	Rockland	ID	Idaho	
city	Rupert	ID	Idaho	
city	St. Anthony	ID	Idaho	
city	St. Charles	ID	Idaho	
city	St. Maries	ID	Idaho	
city	Salmon	ID	Idaho	
city	Sandpoint	ID	Idaho	
city	Shelley	ID	Idaho	
city	Shoshone	ID	Idaho	
city	Smelterville	ID	Idaho	
city	Soda Springs	ID	Idaho	
city	Spencer	ID	Idaho	
city	Spirit Lake	ID	Idaho	
city	Stanley	ID	Idaho	
city	Star	ID	Idaho	
city	State Line	ID	Idaho	
city	Stites	ID	Idaho	
city	Sugar City	ID	Idaho	
city	Sun Valley	ID	Idaho	
city	Swan Valley	ID	Idaho	
city	Tensed	ID	Idaho	
city	Teton	ID	Idaho	
city	Tetonia	ID	Idaho	
city	Troy	ID	Idaho	
city	Twin Falls	ID	Idaho	
city	Ucon	ID	Idaho	
city	Victor	ID	Idaho	
city	Wallace	ID	Idaho	
city	Wardner	ID	Idaho	
city	Warm River	ID	Idaho	
city	Weippe	ID	Idaho	
city	Weiser	ID	Idaho	
city	Wendell	ID	Idaho	
city	Weston	ID	Idaho	
city	White Bird	ID	Idaho	
city	Wilder	ID	Idaho	
city	Winchester	ID	Idaho	
city	Worley	ID	Idaho	
city	Abingdon	IL	Illinois	
city	Addieville	IL	Illinois	
city	Addison	IL	Illinois	
city	Adeline	IL	Illinois	
city	Albany	IL	Illinois	
city	Albers	IL	Illinois	
city	Albion	IL	Illinois	
city	Aledo	IL	Illinois	
city	Alexis	IL	Illinois	
city	Algonquin	IL	Illinois	
city	Alhambra	IL	Illinois	
city	Allendale	IL	Illinois	
city	Allenville	IL	Illinois	
city	Allerton	IL	Illinois	
city	Alma	IL	Illinois	
city	Alpha	IL	Illinois	
city	Alsey	IL	Illinois	
city	Alsip	IL	Illinois	
city	Altamont	IL	Illinois	
city	Alton	IL	Illinois	
city	Altona	IL	Illinois	
city	Alto Pass	IL	Illinois	
city	Alvan (Alvin)	IL	Illinois	
city	Amboy	IL	Illinois	
city	Anchor	IL	Illinois	
city	Andalusia	IL	Illinois	
city	Andover	IL	Illinois	
city	Anna	IL	Illinois	
city	Annawan	IL	Illinois	
city	Antioch	IL	Illinois	
city	Apple River	IL	Illinois	
city	Arcola	IL	Illinois	
city	Arenzville	IL	Illinois	
city	Argenta	IL	Illinois	
city	Arlington	IL	Illinois	
city	Arlington Heights	IL	Illinois	
city	Armington	IL	Illinois	
city	Aroma Park	IL	Illinois	
city	Arrowsmith	IL	Illinois	
city	Arthur	IL	Illinois	
city	Ashkum	IL	Illinois	
city	Ashland	IL	Illinois	
city	Ashley	IL	Illinois	
city	Ashmore	IL	Illinois	
city	Ashton	IL	Illinois	
city	Assumption	IL	Illinois	
city	Astoria	IL	Illinois	
city	Athens	IL	Illinois	
city	Atkinson	IL	Illinois	
city	Atlanta	IL	Illinois	
city	Atwood	IL	Illinois	
city	Auburn	IL	Illinois	
city	Augusta	IL	Illinois	
city	Aurora	IL	Illinois	
city	Ava	IL	Illinois	
city	Aviston	IL	Illinois	
city	Avon	IL	Illinois	
city	Baldwin	IL	Illinois	
city	Banner	IL	Illinois	
city	Bannockburn	IL	Illinois	
city	Bardolph	IL	Illinois	
city	Barrington	IL	Illinois	
city	Barrington Hills	IL	Illinois	
city	Barry	IL	Illinois	
city	Bartelso	IL	Illinois	
city	Bartlett	IL	Illinois	
city	Bartonville	IL	Illinois	
city	Basco	IL	Illinois	
city	Batavia	IL	Illinois	
city	Batchtown	IL	Illinois	
city	Bath	IL	Illinois	
city	Baylis	IL	Illinois	
city	Bay View Gardens	IL	Illinois	
city	Beach Park	IL	Illinois	
city	Beardstown	IL	Illinois	
city	Beaverville	IL	Illinois	
city	Beckemeyer	IL	Illinois	
city	Bedford Park	IL	Illinois	
city	Beecher	IL	Illinois	
city	Beecher City	IL	Illinois	
city	Belgium	IL	Illinois	
city	Belknap	IL	Illinois	
city	Belle Prairie City	IL	Illinois	
city	Belle Rive	IL	Illinois	
city	Belleville	IL	Illinois	
city	Bellevue	IL	Illinois	
city	Bellflower	IL	Illinois	
city	Bellmont	IL	Illinois	
city	Bellwood	IL	Illinois	
city	Belvidere	IL	Illinois	
city	Bement	IL	Illinois	
city	Benld	IL	Illinois	
city	Bensenville	IL	Illinois	
city	Benson	IL	Illinois	
city	Bentley	IL	Illinois	
city	Benton	IL	Illinois	
city	Berkeley	IL	Illinois	
city	Berlin	IL	Illinois	
city	Berwyn	IL	Illinois	
city	Bethalto	IL	Illinois	
city	Bethany	IL	Illinois	
city	Biggsville	IL	Illinois	
city	Big Rock	IL	Illinois	
city	Bingham	IL	Illinois	
city	Bishop Hill	IL	Illinois	
city	Bismarck	IL	Illinois	
city	Blandinsville	IL	Illinois	
city	Bloomingdale	IL	Illinois	
city	Bloomington	IL	Illinois	
city	Blue Island	IL	Illinois	
city	Blue Mound	IL	Illinois	
city	Bluffs	IL	Illinois	
city	Bluford	IL	Illinois	
city	Bolingbrook	IL	Illinois	
city	Bondville	IL	Illinois	
city	Bone Gap	IL	Illinois	
city	Bonfield	IL	Illinois	
city	Bonnie	IL	Illinois	
city	Bourbonnais	IL	Illinois	
city	Bowen	IL	Illinois	
city	Braceville	IL	Illinois	
city	Bradford	IL	Illinois	
city	Bradley	IL	Illinois	
city	Braidwood	IL	Illinois	
city	Breese	IL	Illinois	
city	Bridgeport	IL	Illinois	
city	Bridgeview	IL	Illinois	
city	Brighton	IL	Illinois	
city	Brimfield	IL	Illinois	
city	Broadlands	IL	Illinois	
city	Broadview	IL	Illinois	
city	Broadwell	IL	Illinois	
city	Brocton	IL	Illinois	
city	Brookfield	IL	Illinois	
city	Brooklyn	IL	Illinois	
city	Brookport	IL	Illinois	
city	Broughton	IL	Illinois	
city	Browning	IL	Illinois	
city	Browns	IL	Illinois	
city	Brownstown	IL	Illinois	
city	Brussels	IL	Illinois	
city	Bryant	IL	Illinois	
city	Buckingham	IL	Illinois	
city	Buckley	IL	Illinois	
city	Buckner	IL	Illinois	
city	Buda	IL	Illinois	
city	Buffalo	IL	Illinois	
city	Buffalo Grove	IL	Illinois	
city	Bull Valley	IL	Illinois	
city	Bulpitt	IL	Illinois	
city	Buncombe	IL	Illinois	
city	Bunker Hill	IL	Illinois	
city	Burbank	IL	Illinois	
city	Bureau Junction	IL	Illinois	
city	Burlington	IL	Illinois	
city	Burnham	IL	Illinois	
city	Burnt Prairie	IL	Illinois	
city	Burr Ridge	IL	Illinois	
city	Bush	IL	Illinois	
city	Bushnell	IL	Illinois	
city	Butler	IL	Illinois	
city	Byron	IL	Illinois	
city	Cabery	IL	Illinois	
city	Cahokia Heights	IL	Illinois	
city	Cairo	IL	Illinois	
city	Caledonia	IL	Illinois	
city	Calhoun	IL	Illinois	
city	Calumet City	IL	Illinois	
city	Calumet Park	IL	Illinois	
city	Camargo	IL	Illinois	
city	Cambria	IL	Illinois	
city	Cambridge	IL	Illinois	
city	Camden	IL	Illinois	
city	Campbell Hill	IL	Illinois	
city	Camp Point	IL	Illinois	
city	Campton Hills	IL	Illinois	
city	Campus	IL	Illinois	
city	Canton	IL	Illinois	
city	Cantrall	IL	Illinois	
city	Capron	IL	Illinois	
city	Carbon Cliff	IL	Illinois	
city	Carbondale	IL	Illinois	
city	Carbon Hill	IL	Illinois	
city	Carlinville	IL	Illinois	
city	Carlock	IL	Illinois	
city	Carlyle	IL	Illinois	
city	Carmi	IL	Illinois	
city	Carol Stream	IL	Illinois	
city	Carpentersville	IL	Illinois	
city	Carrier Mills	IL	Illinois	
city	Carrollton	IL	Illinois	
city	Carterville	IL	Illinois	
city	Carthage	IL	Illinois	
city	Cary	IL	Illinois	
city	Casey	IL	Illinois	
city	Caseyville	IL	Illinois	
city	Catlin	IL	Illinois	
city	Cave-In-Rock	IL	Illinois	
city	Cedar Point	IL	Illinois	
city	Cedarville	IL	Illinois	
city	Central City	IL	Illinois	
city	Centralia	IL	Illinois	
city	Cerro Gordo	IL	Illinois	
city	Chadwick	IL	Illinois	
city	Champaign	IL	Illinois	
city	Chandlerville	IL	Illinois	
city	Channahon	IL	Illinois	
city	Chapin	IL	Illinois	
city	Charleston	IL	Illinois	
city	Chatham	IL	Illinois	
city	Chatsworth	IL	Illinois	
city	Chebanse	IL	Illinois	
city	Chenoa	IL	Illinois	
city	Cherry	IL	Illinois	
city	Cherry Valley	IL	Illinois	
city	Chester	IL	Illinois	
city	Chesterfield	IL	Illinois	
city	Chicago	IL	Illinois	
city	Chicago Heights	IL	Illinois	
city	Chicago Ridge	IL	Illinois	
city	Chillicothe	IL	Illinois	
city	Chrisman	IL	Illinois	
city	Christopher	IL	Illinois	
city	Cicero	IL	Illinois	
city	Cisco	IL	Illinois	
city	Cisne	IL	Illinois	
city	Cissna Park	IL	Illinois	
city	Claremont	IL	Illinois	
city	Clarendon Hills	IL	Illinois	
city	Clay City	IL	Illinois	
city	Clayton	IL	Illinois	
city	Cleveland	IL	Illinois	
city	Clifton	IL	Illinois	
city	Clinton	IL	Illinois	
city	Coal City	IL	Illinois	
city	Coalton	IL	Illinois	
city	Coal Valley	IL	Illinois	
city	Coatsburg	IL	Illinois	
city	Cobden	IL	Illinois	
city	Coffeen	IL	Illinois	
city	Colchester	IL	Illinois	
city	Coleta	IL	Illinois	
city	Colfax	IL	Illinois	
city	Collinsville	IL	Illinois	
city	Colona	IL	Illinois	
city	Colp	IL	Illinois	
city	Columbia	IL	Illinois	
city	Columbus	IL	Illinois	
city	Compton	IL	Illinois	
city	Concord	IL	Illinois	
city	Congerville	IL	Illinois	
city	Cooksville	IL	Illinois	
city	Cordova	IL	Illinois	
city	Cornell	IL	Illinois	
city	Cortland	IL	Illinois	
city	Coulterville	IL	Illinois	
city	Country Club Hills	IL	Illinois	
city	Countryside	IL	Illinois	
city	Cowden	IL	Illinois	
city	Crainville	IL	Illinois	
city	Creal Springs	IL	Illinois	
city	Crescent City	IL	Illinois	
city	Crest Hill	IL	Illinois	
city	Creston	IL	Illinois	
city	Crestwood	IL	Illinois	
city	Crete	IL	Illinois	
city	Creve Coeur	IL	Illinois	
city	Crossville	IL	Illinois	
city	Crystal Lake	IL	Illinois	
city	Cuba	IL	Illinois	
city	Cullom	IL	Illinois	
city	Curran	IL	Illinois	
city	Cutler	IL	Illinois	
city	Cypress	IL	Illinois	
city	Dahlgren	IL	Illinois	
city	Dakota	IL	Illinois	
city	Dallas City	IL	Illinois	
city	Dalton City	IL	Illinois	
city	Dalzell	IL	Illinois	
city	Damiansville	IL	Illinois	
city	Dana	IL	Illinois	
city	Danforth	IL	Illinois	
city	Danvers	IL	Illinois	
city	Danville	IL	Illinois	
city	Darien	IL	Illinois	
city	Davis	IL	Illinois	
city	Davis Junction	IL	Illinois	
city	Dawson	IL	Illinois	
city	Decatur	IL	Illinois	
city	Deer Creek	IL	Illinois	
city	Deerfield	IL	Illinois	
city	Deer Grove	IL	Illinois	
city	Deer Park	IL	Illinois	
city	DeKalb	IL	Illinois	
city	De Land	IL	Illinois	
city	Delavan	IL	Illinois	
city	De Pue	IL	Illinois	
city	De Soto	IL	Illinois	
city	Des Plaines	IL	Illinois	
city	Detroit	IL	Illinois	
city	De Witt	IL	Illinois	
city	Diamond	IL	Illinois	
city	Dieterich	IL	Illinois	
city	Divernon	IL	Illinois	
city	Dix	IL	Illinois	
city	Dixmoor	IL	Illinois	
city	Dixon	IL	Illinois	
city	Dolton	IL	Illinois	
city	Dongola	IL	Illinois	
city	Donnellson	IL	Illinois	
city	Donovan	IL	Illinois	
city	Dorchester	IL	Illinois	
city	Dover	IL	Illinois	
city	Dowell	IL	Illinois	
city	Downers Grove	IL	Illinois	
city	Downs	IL	Illinois	
city	Du Bois	IL	Illinois	
city	Dunfermline	IL	Illinois	
city	Dunlap	IL	Illinois	
city	Dupo	IL	Illinois	
city	Du Quoin	IL	Illinois	
city	Durand	IL	Illinois	
city	Dwight	IL	Illinois	
city	Eagarville	IL	Illinois	
city	Earlville	IL	Illinois	
city	East Alton	IL	Illinois	
city	East Brooklyn	IL	Illinois	
city	East Cape Girardeau	IL	Illinois	
city	East Carondelet	IL	Illinois	
city	East Dubuque	IL	Illinois	
city	East Dundee	IL	Illinois	
city	East Galesburg	IL	Illinois	
city	East Gillespie	IL	Illinois	
city	East Hazel Crest	IL	Illinois	
city	East Moline	IL	Illinois	
city	Easton	IL	Illinois	
city	East Peoria	IL	Illinois	
city	East St. Louis	IL	Illinois	
city	Eddyville	IL	Illinois	
city	Edgewood	IL	Illinois	
city	Edinburg	IL	Illinois	
city	Edwardsville	IL	Illinois	
city	Effingham	IL	Illinois	
city	Elburn	IL	Illinois	
city	El Dara	IL	Illinois	
city	Eldorado	IL	Illinois	
city	Eldred	IL	Illinois	
city	Elgin	IL	Illinois	
city	Elizabeth	IL	Illinois	
city	Elizabethtown	IL	Illinois	
city	Elk Grove Village	IL	Illinois	
city	Elkhart	IL	Illinois	
city	Elkville	IL	Illinois	
city	Elliott	IL	Illinois	
city	Ellis Grove	IL	Illinois	
city	Ellisville	IL	Illinois	
city	Ellsworth	IL	Illinois	
city	Elmhurst	IL	Illinois	
city	Elmwood	IL	Illinois	
city	Elmwood Park	IL	Illinois	
city	El Paso	IL	Illinois	
city	Elsah	IL	Illinois	
city	Elvaston	IL	Illinois	
city	Elwood	IL	Illinois	
city	Emden	IL	Illinois	
city	Emington	IL	Illinois	
city	Energy	IL	Illinois	
city	Enfield	IL	Illinois	
city	Equality	IL	Illinois	
city	Erie	IL	Illinois	
city	Essex	IL	Illinois	
city	Eureka	IL	Illinois	
city	Evanston	IL	Illinois	
city	Evansville	IL	Illinois	
city	Evergreen Park	IL	Illinois	
city	Ewing	IL	Illinois	
city	Exeter	IL	Illinois	
city	Fairbury	IL	Illinois	
city	Fairfield	IL	Illinois	
city	Fairmont City	IL	Illinois	
city	Fairmount	IL	Illinois	
city	Fairview	IL	Illinois	
city	Fairview Heights	IL	Illinois	
city	Farina	IL	Illinois	
city	Farmer City	IL	Illinois	
city	Farmersville	IL	Illinois	
city	Farmington	IL	Illinois	
city	Fayetteville	IL	Illinois	
city	Ferris	IL	Illinois	
city	Fidelity	IL	Illinois	
city	Fieldon	IL	Illinois	
city	Fillmore	IL	Illinois	
city	Findlay	IL	Illinois	
city	Fisher	IL	Illinois	
city	Fithian	IL	Illinois	
city	Flanagan	IL	Illinois	
city	Flat Rock	IL	Illinois	
city	Flora	IL	Illinois	
city	Florence	IL	Illinois	
city	Flossmoor	IL	Illinois	
city	Foosland	IL	Illinois	
city	Ford Heights	IL	Illinois	
city	Forest City	IL	Illinois	
city	Forest Park	IL	Illinois	
city	Forest View	IL	Illinois	
city	Forrest	IL	Illinois	
city	Forreston	IL	Illinois	
city	Forsyth	IL	Illinois	
city	Fox Lake	IL	Illinois	
city	Fox River Grove	IL	Illinois	
city	Frankfort	IL	Illinois	
city	Franklin	IL	Illinois	
city	Franklin Grove	IL	Illinois	
city	Franklin Park	IL	Illinois	
city	Freeburg	IL	Illinois	
city	Freeman Spur	IL	Illinois	
city	Freeport	IL	Illinois	
city	Fulton	IL	Illinois	
city	Fults	IL	Illinois	
city	Galatia	IL	Illinois	
city	Galena	IL	Illinois	
city	Galesburg	IL	Illinois	
city	Galva	IL	Illinois	
city	Gardner	IL	Illinois	
city	Garrett	IL	Illinois	
city	Gays	IL	Illinois	
city	Geneseo	IL	Illinois	
city	Geneva	IL	Illinois	
city	Genoa	IL	Illinois	
city	Georgetown	IL	Illinois	
city	Germantown	IL	Illinois	
city	Germantown Hills	IL	Illinois	
city	German Valley	IL	Illinois	
city	Gibson City	IL	Illinois	
city	Gifford	IL	Illinois	
city	Gilberts	IL	Illinois	
city	Gillespie	IL	Illinois	
city	Gilman	IL	Illinois	
city	Girard	IL	Illinois	
city	Gladstone	IL	Illinois	
city	Glasford	IL	Illinois	
city	Glasgow	IL	Illinois	
city	Glen Carbon	IL	Illinois	
city	Glencoe	IL	Illinois	
city	Glendale Heights	IL	Illinois	
city	Glen Ellyn	IL	Illinois	
city	Glenview	IL	Illinois	
city	Glenwood	IL	Illinois	
city	Godfrey	IL	Illinois	
city	Godley	IL	Illinois	
city	Golconda	IL	Illinois	
city	Golden	IL	Illinois	
city	Golden Gate	IL	Illinois	
city	Golf	IL	Illinois	
city	Goodfield	IL	Illinois	
city	Good Hope	IL	Illinois	
city	Goreville	IL	Illinois	
city	Gorham	IL	Illinois	
city	Grafton	IL	Illinois	
city	Grand Ridge	IL	Illinois	
city	Grand Tower	IL	Illinois	
city	Grandview	IL	Illinois	
city	Granite City	IL	Illinois	
city	Grantfork	IL	Illinois	
city	Grant Park	IL	Illinois	
city	Granville	IL	Illinois	
city	Grayslake	IL	Illinois	
city	Grayville	IL	Illinois	
city	Greenfield	IL	Illinois	
city	Green Oaks	IL	Illinois	
city	Greenup	IL	Illinois	
city	Green Valley	IL	Illinois	
city	Greenview	IL	Illinois	
city	Greenville	IL	Illinois	
city	Greenwood	IL	Illinois	
city	Gridley	IL	Illinois	
city	Griggsville	IL	Illinois	
city	Gulfport	IL	Illinois	
city	Gurnee	IL	Illinois	
city	Hainesville	IL	Illinois	
city	Hamburg	IL	Illinois	
city	Hamel	IL	Illinois	
city	Hamilton	IL	Illinois	
city	Hammond	IL	Illinois	
city	Hampshire	IL	Illinois	
city	Hampton	IL	Illinois	
city	Hanaford	IL	Illinois	
city	Hanna City	IL	Illinois	
city	Hanover	IL	Illinois	
city	Hanover Park	IL	Illinois	
city	Hardin	IL	Illinois	
city	Harmon	IL	Illinois	
city	Harrisburg	IL	Illinois	
city	Harristown	IL	Illinois	
city	Hartford	IL	Illinois	
city	Hartsburg	IL	Illinois	
city	Harvard	IL	Illinois	
city	Harvel	IL	Illinois	
city	Harvey	IL	Illinois	
city	Harwood Heights	IL	Illinois	
city	Havana	IL	Illinois	
city	Hawthorn Woods	IL	Illinois	
city	Hazel Crest	IL	Illinois	
city	Hebron	IL	Illinois	
city	Hecker	IL	Illinois	
city	Henderson	IL	Illinois	
city	Hennepin	IL	Illinois	
city	Henning	IL	Illinois	
city	Henry	IL	Illinois	
city	Herrick	IL	Illinois	
city	Herrin	IL	Illinois	
city	Herscher	IL	Illinois	
city	Hettick	IL	Illinois	
city	Heyworth	IL	Illinois	
city	Hickory Hills	IL	Illinois	
city	Hidalgo	IL	Illinois	
city	Highland	IL	Illinois	
city	Highland Park	IL	Illinois	
city	Highwood	IL	Illinois	
city	Hillcrest	IL	Illinois	
city	Hillsboro	IL	Illinois	
city	Hillsdale	IL	Illinois	
city	Hillside	IL	Illinois	
city	Hillview	IL	Illinois	
city	Hinckley	IL	Illinois	
city	Hindsboro	IL	Illinois	
city	Hinsdale	IL	Illinois	
city	Hodgkins	IL	Illinois	
city	Hoffman	IL	Illinois	
city	Hoffman Estates	IL	Illinois	
city	Holiday Hills	IL	Illinois	
city	Hollowayville	IL	Illinois	
city	Homer	IL	Illinois	
city	Homer Glen	IL	Illinois	
city	Hometown	IL	Illinois	
city	Homewood	IL	Illinois	
city	Hoopeston	IL	Illinois	
city	Hooppole	IL	Illinois	
city	Hopedale	IL	Illinois	
city	Hopewell	IL	Illinois	
city	Hopkins Park	IL	Illinois	
city	Hoyleton	IL	Illinois	
city	Hudson	IL	Illinois	
city	Huey	IL	Illinois	
city	Hull	IL	Illinois	
city	Humboldt	IL	Illinois	
city	Hume	IL	Illinois	
city	Huntley	IL	Illinois	
city	Hurst	IL	Illinois	
city	Hutsonville	IL	Illinois	
city	Illiopolis	IL	Illinois	
city	Ina	IL	Illinois	
city	Indian Creek	IL	Illinois	
city	Indian Head Park	IL	Illinois	
city	Indianola	IL	Illinois	
city	Industry	IL	Illinois	
city	Inverness	IL	Illinois	
city	Iola	IL	Illinois	
city	Ipava	IL	Illinois	
city	Iroquois	IL	Illinois	
city	Irving	IL	Illinois	
city	Irvington	IL	Illinois	
city	Irwin	IL	Illinois	
city	Island Lake	IL	Illinois	
city	Itasca	IL	Illinois	
city	Iuka	IL	Illinois	
city	Ivesdale	IL	Illinois	
city	Jacksonville	IL	Illinois	
city	Jeffersonville	IL	Illinois	
city	Jeisyville	IL	Illinois	
city	Jerome	IL	Illinois	
city	Jerseyville	IL	Illinois	
city	Jewett	IL	Illinois	
city	Johnsburg	IL	Illinois	
city	Johnsonville	IL	Illinois	
city	Johnston City	IL	Illinois	
city	Joliet	IL	Illinois	
city	Jonesboro	IL	Illinois	
city	Joppa	IL	Illinois	
city	Joy	IL	Illinois	
city	Junction	IL	Illinois	
city	Junction City	IL	Illinois	
city	Justice	IL	Illinois	
city	Kampsville	IL	Illinois	
city	Kane	IL	Illinois	
city	Kaneville	IL	Illinois	
city	Kangley	IL	Illinois	
city	Kankakee	IL	Illinois	
city	Kansas	IL	Illinois	
city	Kappa	IL	Illinois	
city	Karnak	IL	Illinois	
city	Kaskaskia	IL	Illinois	
city	Keenes	IL	Illinois	
city	Keensburg	IL	Illinois	
city	Keithsburg	IL	Illinois	
city	Kell	IL	Illinois	
city	Kempton	IL	Illinois	
city	Kenilworth	IL	Illinois	
city	Kenney	IL	Illinois	
city	Kewanee	IL	Illinois	
city	Keyesport	IL	Illinois	
city	Kilbourne	IL	Illinois	
city	Kildeer	IL	Illinois	
city	Kincaid	IL	Illinois	
city	Kinderhook	IL	Illinois	
city	Kingston	IL	Illinois	
city	Kingston Mines	IL	Illinois	
city	Kinmundy	IL	Illinois	
city	Kinsman	IL	Illinois	
city	Kirkland	IL	Illinois	
city	Kirkwood	IL	Illinois	
city	Knoxville	IL	Illinois	
city	Lacon	IL	Illinois	
city	Ladd	IL	Illinois	
city	La Fayette	IL	Illinois	
city	La Grange	IL	Illinois	
city	La Grange Park	IL	Illinois	
city	La Harpe	IL	Illinois	
city	Lake Barrington	IL	Illinois	
city	Lake Bluff	IL	Illinois	
city	Lake Forest	IL	Illinois	
city	Lake in the Hills	IL	Illinois	
city	Lake Ka-Ho	IL	Illinois	
city	Lakemoor	IL	Illinois	
city	Lake Villa	IL	Illinois	
city	Lakewood	IL	Illinois	
city	Lake Zurich	IL	Illinois	
city	La Moille	IL	Illinois	
city	Lanark	IL	Illinois	
city	Lansing	IL	Illinois	
city	La Prairie	IL	Illinois	
city	La Rose	IL	Illinois	
city	LaSalle	IL	Illinois	
city	Latham	IL	Illinois	
city	Lawrenceville	IL	Illinois	
city	Leaf River	IL	Illinois	
city	Lebanon	IL	Illinois	
city	Lee	IL	Illinois	
city	Leland	IL	Illinois	
city	Leland Grove	IL	Illinois	
city	Lemont	IL	Illinois	
city	Lena	IL	Illinois	
city	Lenzburg	IL	Illinois	
city	Leonore	IL	Illinois	
city	Lerna	IL	Illinois	
city	Le Roy	IL	Illinois	
city	Lewistown	IL	Illinois	
city	Lexington	IL	Illinois	
city	Liberty	IL	Illinois	
city	Libertyville	IL	Illinois	
city	Lily Lake	IL	Illinois	
city	Lima	IL	Illinois	
city	Limestone	IL	Illinois	
city	Lincoln	IL	Illinois	
city	Lincolnshire	IL	Illinois	
city	Lincolnwood	IL	Illinois	
city	Lindenhurst	IL	Illinois	
city	Lisbon	IL	Illinois	
city	Lisle	IL	Illinois	
city	Litchfield	IL	Illinois	
city	Littleton	IL	Illinois	
city	Little York	IL	Illinois	
city	Liverpool	IL	Illinois	
city	Livingston	IL	Illinois	
city	Loami	IL	Illinois	
city	Lockport	IL	Illinois	
city	Loda	IL	Illinois	
city	Lomax	IL	Illinois	
city	Lombard	IL	Illinois	
city	London Mills	IL	Illinois	
city	Long Creek	IL	Illinois	
city	Long Grove	IL	Illinois	
city	Long Point	IL	Illinois	
city	Longview	IL	Illinois	
city	Loraine	IL	Illinois	
city	Lostant	IL	Illinois	
city	Louisville	IL	Illinois	
city	Loves Park	IL	Illinois	
city	Lovington	IL	Illinois	
city	Ludlow	IL	Illinois	
city	Lyndon	IL	Illinois	
city	Lynnville	IL	Illinois	
city	Lynwood	IL	Illinois	
city	Lyons	IL	Illinois	
city	McClure	IL	Illinois	
city	McCook	IL	Illinois	
city	McCullom Lake	IL	Illinois	
city	Macedonia	IL	Illinois	
city	McHenry	IL	Illinois	
city	Machesney Park	IL	Illinois	
city	Mackinaw	IL	Illinois	
city	McLean	IL	Illinois	
city	McLeansboro	IL	Illinois	
city	McNabb	IL	Illinois	
city	Macomb	IL	Illinois	
city	Macon	IL	Illinois	
city	Madison	IL	Illinois	
city	Maeystown	IL	Illinois	
city	Magnolia	IL	Illinois	
city	Mahomet	IL	Illinois	
city	Makanda	IL	Illinois	
city	Malden	IL	Illinois	
city	Malta	IL	Illinois	
city	Manchester	IL	Illinois	
city	Manhattan	IL	Illinois	
city	Manito	IL	Illinois	
city	Manlius	IL	Illinois	
city	Mansfield	IL	Illinois	
city	Manteno	IL	Illinois	
city	Maple Park	IL	Illinois	
city	Mapleton	IL	Illinois	
city	Maquon	IL	Illinois	
city	Marengo	IL	Illinois	
city	Marietta	IL	Illinois	
city	Marine	IL	Illinois	
city	Marion	IL	Illinois	
city	Marissa	IL	Illinois	
city	Mark	IL	Illinois	
city	Markham	IL	Illinois	
city	Maroa	IL	Illinois	
city	Marquette Heights	IL	Illinois	
city	Marseilles	IL	Illinois	
city	Marshall	IL	Illinois	
city	Martinsville	IL	Illinois	
city	Martinton	IL	Illinois	
city	Maryville	IL	Illinois	
city	Mascoutah	IL	Illinois	
city	Mason	IL	Illinois	
city	Mason City	IL	Illinois	
city	Matherville	IL	Illinois	
city	Matteson	IL	Illinois	
city	Mattoon	IL	Illinois	
city	Maunie	IL	Illinois	
city	Maywood	IL	Illinois	
city	Mazon	IL	Illinois	
city	Mechanicsburg	IL	Illinois	
city	Media	IL	Illinois	
city	Medora	IL	Illinois	
city	Melrose Park	IL	Illinois	
city	Melvin	IL	Illinois	
city	Mendon	IL	Illinois	
city	Mendota	IL	Illinois	
city	Menominee	IL	Illinois	
city	Meredosia	IL	Illinois	
city	Merrionette Park	IL	Illinois	
city	Metamora	IL	Illinois	
city	Metcalf	IL	Illinois	
city	Metropolis	IL	Illinois	
city	Mettawa	IL	Illinois	
city	Middletown	IL	Illinois	
city	Midlothian	IL	Illinois	
city	Milan	IL	Illinois	
city	Milford	IL	Illinois	
city	Millbrook	IL	Illinois	
city	Mill Creek	IL	Illinois	
city	Milledgeville	IL	Illinois	
city	Millington	IL	Illinois	
city	Mill Shoals	IL	Illinois	
city	Millstadt	IL	Illinois	
city	Milton	IL	Illinois	
city	Mineral	IL	Illinois	
city	Minier	IL	Illinois	
city	Minonk	IL	Illinois	
city	Minooka	IL	Illinois	
city	Modesto	IL	Illinois	
city	Mokena	IL	Illinois	
city	Moline	IL	Illinois	
city	Momence	IL	Illinois	
city	Monee	IL	Illinois	
city	Monmouth	IL	Illinois	
city	Monroe Center	IL	Illinois	
city	Montgomery	IL	Illinois	
city	Monticello	IL	Illinois	
city	Montrose	IL	Illinois	
city	Morris	IL	Illinois	
city	Morrison	IL	Illinois	
city	Morrisonville	IL	Illinois	
city	Morton	IL	Illinois	
city	Morton Grove	IL	Illinois	
city	Mound City	IL	Illinois	
city	Mounds	IL	Illinois	
city	Mound Station	IL	Illinois	
city	Mount Auburn	IL	Illinois	
city	Mount Carmel	IL	Illinois	
city	Mount Carroll	IL	Illinois	
city	Mount Clare	IL	Illinois	
city	Mount Erie	IL	Illinois	
city	Mount Morris	IL	Illinois	
city	Mount Olive	IL	Illinois	
city	Mount Prospect	IL	Illinois	
city	Mount Pulaski	IL	Illinois	
city	Mount Sterling	IL	Illinois	
city	Mount Vernon	IL	Illinois	
city	Mount Zion	IL	Illinois	
city	Moweaqua	IL	Illinois	
city	Muddy	IL	Illinois	
city	Mulberry Grove	IL	Illinois	
city	Muncie	IL	Illinois	
city	Mundelein	IL	Illinois	
city	Murphysboro	IL	Illinois	
city	Murrayville	IL	Illinois	
city	Naperville	IL	Illinois	
city	Naplate	IL	Illinois	
city	Naples	IL	Illinois	
city	Nashville	IL	Illinois	
city	Nason	IL	Illinois	
city	Nauvoo	IL	Illinois	
city	Nebo	IL	Illinois	
city	Nelson	IL	Illinois	
city	Neoga	IL	Illinois	
city	Neponset	IL	Illinois	
city	Newark	IL	Illinois	
city	New Athens	IL	Illinois	
city	New Baden	IL	Illinois	
city	New Bedford	IL	Illinois	
city	New Berlin	IL	Illinois	
city	New Boston	IL	Illinois	
city	New Burnside	IL	Illinois	
city	New Canton	IL	Illinois	
city	New Douglas	IL	Illinois	
city	New Grand Chain	IL	Illinois	
city	New Haven	IL	Illinois	
city	New Holland	IL	Illinois	
city	New Lenox	IL	Illinois	
city	Newman	IL	Illinois	
city	New Milford	IL	Illinois	
city	New Minden	IL	Illinois	
city	New Salem	IL	Illinois	
city	Newton	IL	Illinois	
city	Niantic	IL	Illinois	
city	Niles	IL	Illinois	
city	Nilwood	IL	Illinois	
city	Noble	IL	Illinois	
city	Nokomis	IL	Illinois	
city	Nora	IL	Illinois	
city	Normal	IL	Illinois	
city	Norridge	IL	Illinois	
city	Norris	IL	Illinois	
city	Norris City	IL	Illinois	
city	North Aurora	IL	Illinois	
city	North Barrington	IL	Illinois	
city	Northbrook	IL	Illinois	
city	North Chicago	IL	Illinois	
city	North City	IL	Illinois	
city	Northfield	IL	Illinois	
city	North Henderson	IL	Illinois	
city	Northlake	IL	Illinois	
city	North Pekin	IL	Illinois	
city	North Riverside	IL	Illinois	
city	North Utica	IL	Illinois	
city	Norwood	IL	Illinois	
city	Oak Brook	IL	Illinois	
city	Oakbrook Terrace	IL	Illinois	
city	Oakdale	IL	Illinois	
city	Oakford	IL	Illinois	
city	Oak Forest	IL	Illinois	
city	Oak Grove	IL	Illinois	
city	Oakland	IL	Illinois	
city	Oak Lawn	IL	Illinois	
city	Oak Park	IL	Illinois	
city	Oakwood	IL	Illinois	
city	Oakwood Hills	IL	Illinois	
city	Oblong	IL	Illinois	
city	Oconee	IL	Illinois	
city	Odell	IL	Illinois	
city	Odin	IL	Illinois	
city	O'Fallon	IL	Illinois	
city	Ogden	IL	Illinois	
city	Oglesby	IL	Illinois	
city	Ohio	IL	Illinois	
city	Ohlman	IL	Illinois	
city	Okawville	IL	Illinois	
city	Old Mill Creek	IL	Illinois	
city	Old Ripley	IL	Illinois	
city	Old Shawneetown	IL	Illinois	
city	Olmsted	IL	Illinois	
city	Olney	IL	Illinois	
city	Olympia Fields	IL	Illinois	
city	Omaha	IL	Illinois	
city	Onarga	IL	Illinois	
city	Oneida	IL	Illinois	
city	Oquawka	IL	Illinois	
city	Orangeville	IL	Illinois	
city	Oreana	IL	Illinois	
city	Oregon	IL	Illinois	
city	Orient	IL	Illinois	
city	Orion	IL	Illinois	
city	Orland Hills	IL	Illinois	
city	Orland Park	IL	Illinois	
city	Oswego	IL	Illinois	
city	Ottawa	IL	Illinois	
city	Otterville	IL	Illinois	
city	Owaneco	IL	Illinois	
city	Palatine	IL	Illinois	
city	Palestine	IL	Illinois	
city	Palmer	IL	Illinois	
city	Palmyra	IL	Illinois	
city	Palos Heights	IL	Illinois	
city	Palos Hills	IL	Illinois	
city	Palos Park	IL	Illinois	
city	Pana	IL	Illinois	
city	Panama	IL	Illinois	
city	Panola	IL	Illinois	
city	Papineau	IL	Illinois	
city	Paris	IL	Illinois	
city	Park City	IL	Illinois	
city	Parkersburg	IL	Illinois	
city	Park Forest	IL	Illinois	
city	Park Ridge	IL	Illinois	
city	Patoka	IL	Illinois	
city	Pawnee	IL	Illinois	
city	Paw Paw	IL	Illinois	
city	Paxton	IL	Illinois	
city	Payson	IL	Illinois	
city	Pearl	IL	Illinois	
city	Pearl City	IL	Illinois	
city	Pecatonica	IL	Illinois	
city	Pekin	IL	Illinois	
city	Peoria	IL	Illinois	
city	Peoria Heights	IL	Illinois	
city	Peotone	IL	Illinois	
city	Percy	IL	Illinois	
city	Perry	IL	Illinois	
city	Peru	IL	Illinois	
city	Pesotum	IL	Illinois	
city	Petersburg	IL	Illinois	
city	Phillipstown	IL	Illinois	
city	Philo	IL	Illinois	
city	Phoenix	IL	Illinois	
city	Pierron	IL	Illinois	
city	Pinckneyville	IL	Illinois	
city	Pingree Grove	IL	Illinois	
city	Piper City	IL	Illinois	
city	Pittsburg	IL	Illinois	
city	Pittsfield	IL	Illinois	
city	Plainfield	IL	Illinois	
city	Plainville	IL	Illinois	
city	Plano	IL	Illinois	
city	Plattville	IL	Illinois	
city	Pleasant Hill	IL	Illinois	
city	Pleasant Plains	IL	Illinois	
city	Plymouth	IL	Illinois	
city	Pocahontas	IL	Illinois	
city	Polo	IL	Illinois	
city	Pontiac	IL	Illinois	
city	Pontoon Beach	IL	Illinois	
city	Pontoosuc	IL	Illinois	
city	Poplar Grove	IL	Illinois	
city	Port Barrington	IL	Illinois	
city	Port Byron	IL	Illinois	
city	Posen	IL	Illinois	
city	Potomac	IL	Illinois	
city	Prairie City	IL	Illinois	
city	Prairie du Rocher	IL	Illinois	
city	Prairie Grove	IL	Illinois	
city	Princeton	IL	Illinois	
city	Princeville	IL	Illinois	
city	Prophetstown	IL	Illinois	
city	Prospect Heights	IL	Illinois	
city	Pulaski	IL	Illinois	
city	Quincy	IL	Illinois	
city	Radom	IL	Illinois	
city	Raleigh	IL	Illinois	
city	Ramsey	IL	Illinois	
city	Rankin	IL	Illinois	
city	Ransom	IL	Illinois	
city	Rantoul	IL	Illinois	
city	Rapids City	IL	Illinois	
city	Raritan	IL	Illinois	
city	Raymond	IL	Illinois	
city	Red Bud	IL	Illinois	
city	Reddick	IL	Illinois	
city	Redmon	IL	Illinois	
city	Reynolds	IL	Illinois	
city	Richmond	IL	Illinois	
city	Richton Park	IL	Illinois	
city	Richview	IL	Illinois	
city	Ridge Farm	IL	Illinois	
city	Ridgway	IL	Illinois	
city	Ridott	IL	Illinois	
city	Ringwood	IL	Illinois	
city	Rio	IL	Illinois	
city	Ripley	IL	Illinois	
city	Riverdale	IL	Illinois	
city	River Forest	IL	Illinois	
city	River Grove	IL	Illinois	
city	Riverside	IL	Illinois	
city	Riverton	IL	Illinois	
city	Riverwoods	IL	Illinois	
city	Roanoke	IL	Illinois	
city	Robbins	IL	Illinois	
city	Roberts	IL	Illinois	
city	Robinson	IL	Illinois	
city	Rochelle	IL	Illinois	
city	Rochester	IL	Illinois	
city	Rockbridge	IL	Illinois	
city	Rock City	IL	Illinois	
city	Rockdale	IL	Illinois	
city	Rock Falls	IL	Illinois	
city	Rockford	IL	Illinois	
city	Rock Island	IL	Illinois	
city	Rockton	IL	Illinois	
city	Rockwood	IL	Illinois	
city	Rolling Meadows	IL	Illinois	
city	Romeoville	IL	Illinois	
city	Roodhouse	IL	Illinois	
city	Roscoe	IL	Illinois	
city	Rose Hill	IL	Illinois	
city	Roselle	IL	Illinois	
city	Rosemont	IL	Illinois	
city	Roseville	IL	Illinois	
city	Rosiclare	IL	Illinois	
city	Rossville	IL	Illinois	
city	Round Lake	IL	Illinois	
city	Round Lake Beach	IL	Illinois	
city	Round Lake Heights	IL	Illinois	
city	Round Lake Park	IL	Illinois	
city	Roxana	IL	Illinois	
city	Royal	IL	Illinois	
city	Royal Lakes	IL	Illinois	
city	Royalton	IL	Illinois	
city	Ruma	IL	Illinois	
city	Rushville	IL	Illinois	
city	Russellville	IL	Illinois	
city	Rutland	IL	Illinois	
city	Sadorus	IL	Illinois	
city	Sailor Springs	IL	Illinois	
city	St. Anne	IL	Illinois	
city	St. Augustine	IL	Illinois	
city	St. Charles	IL	Illinois	
city	St. David	IL	Illinois	
city	St. Elmo	IL	Illinois	
city	Ste. Marie	IL	Illinois	
city	St. Francisville	IL	Illinois	
city	St. Jacob	IL	Illinois	
city	St. Johns	IL	Illinois	
city	St. Joseph	IL	Illinois	
city	St. Libory	IL	Illinois	
city	St. Peter	IL	Illinois	
city	St. Rose	IL	Illinois	
city	Salem	IL	Illinois	
city	Sammons Point	IL	Illinois	
city	Sandoval	IL	Illinois	
city	Sandwich	IL	Illinois	
city	San Jose	IL	Illinois	
city	Sauget	IL	Illinois	
city	Sauk Village	IL	Illinois	
city	Saunemin	IL	Illinois	
city	Savanna	IL	Illinois	
city	Savoy	IL	Illinois	
city	Sawyerville	IL	Illinois	
city	Saybrook	IL	Illinois	
city	Scales Mound	IL	Illinois	
city	Schaumburg	IL	Illinois	
city	Schiller Park	IL	Illinois	
city	Schram City	IL	Illinois	
city	Sciota	IL	Illinois	
city	Scottville	IL	Illinois	
city	Seaton	IL	Illinois	
city	Seatonville	IL	Illinois	
city	Secor	IL	Illinois	
city	Seneca	IL	Illinois	
city	Sesser	IL	Illinois	
city	Shabbona	IL	Illinois	
city	Shannon	IL	Illinois	
city	Shawneetown	IL	Illinois	
city	Sheffield	IL	Illinois	
city	Shelbyville	IL	Illinois	
city	Sheldon	IL	Illinois	
city	Sheridan	IL	Illinois	
city	Sherman	IL	Illinois	
city	Sherrard	IL	Illinois	
city	Shiloh	IL	Illinois	
city	Shipman	IL	Illinois	
city	Shorewood	IL	Illinois	
city	Shumway	IL	Illinois	
city	Sibley	IL	Illinois	
city	Sidell	IL	Illinois	
city	Sidney	IL	Illinois	
city	Sigel	IL	Illinois	
city	Silvis	IL	Illinois	
city	Simpson	IL	Illinois	
city	Sims	IL	Illinois	
city	Skokie	IL	Illinois	
city	Sleepy Hollow	IL	Illinois	
city	Smithboro	IL	Illinois	
city	Smithfield	IL	Illinois	
city	Smithton	IL	Illinois	
city	Somonauk	IL	Illinois	
city	Sorento	IL	Illinois	
city	South Barrington	IL	Illinois	
city	South Beloit	IL	Illinois	
city	South Chicago Heights	IL	Illinois	
city	South Elgin	IL	Illinois	
city	Southern View	IL	Illinois	
city	South Holland	IL	Illinois	
city	South Jacksonville	IL	Illinois	
city	South Pekin	IL	Illinois	
city	South Roxana	IL	Illinois	
city	South Wilmington	IL	Illinois	
city	Sparland	IL	Illinois	
city	Sparta	IL	Illinois	
city	Spaulding	IL	Illinois	
city	Spillertown	IL	Illinois	
city	Spring Bay	IL	Illinois	
city	Springerton	IL	Illinois	
city	Springfield	IL	Illinois	
city	Spring Grove	IL	Illinois	
city	Spring Valley	IL	Illinois	
city	Standard	IL	Illinois	
city	Standard City	IL	Illinois	
city	Stanford	IL	Illinois	
city	Staunton	IL	Illinois	
city	Steeleville	IL	Illinois	
city	Steger	IL	Illinois	
city	Sterling	IL	Illinois	
city	Steward	IL	Illinois	
city	Stewardson	IL	Illinois	
city	Stickney	IL	Illinois	
city	Stillman Valley	IL	Illinois	
city	Stockton	IL	Illinois	
city	Stonefort	IL	Illinois	
city	Stone Park	IL	Illinois	
city	Stonington	IL	Illinois	
city	Stoy	IL	Illinois	
city	Strasburg	IL	Illinois	
city	Strawn	IL	Illinois	
city	Streamwood	IL	Illinois	
city	Streator	IL	Illinois	
city	Stronghurst	IL	Illinois	
city	Sublette	IL	Illinois	
city	Sugar Grove	IL	Illinois	
city	Sullivan	IL	Illinois	
city	Summerfield	IL	Illinois	
city	Summit	IL	Illinois	
city	Sumner	IL	Illinois	
city	Sun River Terrace	IL	Illinois	
city	Swansea	IL	Illinois	
city	Sycamore	IL	Illinois	
city	Symerton	IL	Illinois	
city	Table Grove	IL	Illinois	
city	Tallula	IL	Illinois	
city	Tamaroa	IL	Illinois	
city	Tamms	IL	Illinois	
city	Tampico	IL	Illinois	
city	Taylor Springs	IL	Illinois	
city	Taylorville	IL	Illinois	
city	Tennessee	IL	Illinois	
city	Teutopolis	IL	Illinois	
city	Thawville	IL	Illinois	
city	Thayer	IL	Illinois	
city	Thebes	IL	Illinois	
city	Third Lake	IL	Illinois	
city	Thomasboro	IL	Illinois	
city	Thompsonville	IL	Illinois	
city	Thomson	IL	Illinois	
city	Thornton	IL	Illinois	
city	Tilden	IL	Illinois	
city	Tilton	IL	Illinois	
city	Timberlane	IL	Illinois	
city	Tinley Park	IL	Illinois	
city	Tiskilwa	IL	Illinois	
city	Toledo	IL	Illinois	
city	Tolono	IL	Illinois	
city	Toluca	IL	Illinois	
city	Tonica	IL	Illinois	
city	Topeka	IL	Illinois	
city	Toulon	IL	Illinois	
city	Tovey	IL	Illinois	
city	Towanda	IL	Illinois	
city	Tower Hill	IL	Illinois	
city	Tower Lakes	IL	Illinois	
city	Tremont	IL	Illinois	
city	Trenton	IL	Illinois	
city	Trout Valley	IL	Illinois	
city	Troy	IL	Illinois	
city	Troy Grove	IL	Illinois	
city	Tuscola	IL	Illinois	
city	Ullin	IL	Illinois	
city	Union	IL	Illinois	
city	Union Hill	IL	Illinois	
city	University Park	IL	Illinois	
city	Urbana	IL	Illinois	
city	Ursa	IL	Illinois	
city	Valier	IL	Illinois	
city	Valley City	IL	Illinois	
city	Valmeyer	IL	Illinois	
city	Vandalia	IL	Illinois	
city	Varna	IL	Illinois	
city	Venedy	IL	Illinois	
city	Venice	IL	Illinois	
city	Vergennes	IL	Illinois	
city	Vermilion	IL	Illinois	
city	Vermont	IL	Illinois	
city	Vernon	IL	Illinois	
city	Vernon Hills	IL	Illinois	
city	Verona	IL	Illinois	
city	Versailles	IL	Illinois	
city	Victoria	IL	Illinois	
city	Vienna	IL	Illinois	
city	Villa Grove	IL	Illinois	
city	Villa Park	IL	Illinois	
city	Viola	IL	Illinois	
city	Virden	IL	Illinois	
city	Virgil	IL	Illinois	
city	Virginia	IL	Illinois	
city	Volo	IL	Illinois	
city	Wadsworth	IL	Illinois	
city	Waggoner	IL	Illinois	
city	Walnut	IL	Illinois	
city	Walnut Hill	IL	Illinois	
city	Walshville	IL	Illinois	
city	Waltonville	IL	Illinois	
city	Wamac	IL	Illinois	
city	Wapella	IL	Illinois	
city	Warren	IL	Illinois	
city	Warrensburg	IL	Illinois	
city	Warrenville	IL	Illinois	
city	Warsaw	IL	Illinois	
city	Washburn	IL	Illinois	
city	Washington	IL	Illinois	
city	Washington Park	IL	Illinois	
city	Wataga	IL	Illinois	
city	Waterloo	IL	Illinois	
city	Waterman	IL	Illinois	
city	Watseka	IL	Illinois	
city	Watson	IL	Illinois	
city	Wauconda	IL	Illinois	
city	Waukegan	IL	Illinois	
city	Waverly	IL	Illinois	
city	Wayne	IL	Illinois	
city	Wayne City	IL	Illinois	
city	Waynesville	IL	Illinois	
city	Weldon	IL	Illinois	
city	Wellington	IL	Illinois	
city	Wenona	IL	Illinois	
city	Wenonah	IL	Illinois	
city	West Brooklyn	IL	Illinois	
city	Westchester	IL	Illinois	
city	West Chicago	IL	Illinois	
city	West City	IL	Illinois	
city	West Dundee	IL	Illinois	
city	Western Springs	IL	Illinois	
city	Westfield	IL	Illinois	
city	West Frankfort	IL	Illinois	
city	Westmont	IL	Illinois	
city	West Peoria	IL	Illinois	
city	West Point	IL	Illinois	
city	West Salem	IL	Illinois	
city	Westville	IL	Illinois	
city	Wheaton	IL	Illinois	
city	Wheeler	IL	Illinois	
city	Wheeling	IL	Illinois	
city	White City	IL	Illinois	
city	White Hall	IL	Illinois	
city	Williamsfield	IL	Illinois	
city	Williamson	IL	Illinois	
city	Williamsville	IL	Illinois	
city	Willisville	IL	Illinois	
city	Willowbrook	IL	Illinois	
city	Willow Hill	IL	Illinois	
city	Willow Springs	IL	Illinois	
city	Wilmette	IL	Illinois	
city	Wilmington	IL	Illinois	
city	Wilsonville	IL	Illinois	
city	Winchester	IL	Illinois	
city	Windsor	IL	Illinois	
city	Winfield	IL	Illinois	
city	Winnebago	IL	Illinois	
city	Winnetka	IL	Illinois	
city	Winslow	IL	Illinois	
city	Winthrop Harbor	IL	Illinois	
city	Witt	IL	Illinois	
city	Wonder Lake	IL	Illinois	
city	Wood Dale	IL	Illinois	
city	Woodhull	IL	Illinois	
city	Woodland	IL	Illinois	
city	Woodlawn	IL	Illinois	
city	Woodridge	IL	Illinois	
city	Wood River	IL	Illinois	
city	Woodson	IL	Illinois	
city	Woodstock	IL	Illinois	
city	Worden	IL	Illinois	
city	Worth	IL	Illinois	
city	Wyanet	IL	Illinois	
city	Wyoming	IL	Illinois	
city	Xenia	IL	Illinois	
city	Yale	IL	Illinois	
city	Yates City	IL	Illinois	
city	Yorkville	IL	Illinois	
city	Zeigler	IL	Illinois	
city	Zion	IL	Illinois	
city	Advance	IN	Indiana	
city	Akron	IN	Indiana	
city	Alamo	IN	Indiana	
city	Albany	IN	Indiana	
city	Albion	IN	Indiana	
city	Alexandria	IN	Indiana	
city	Alfordsville	IN	Indiana	
city	Alton	IN	Indiana	
city	Altona	IN	Indiana	
city	Ambia	IN	Indiana	
city	Amboy	IN	Indiana	
city	Amo	IN	Indiana	
city	Anderson	IN	Indiana	
city	Andrews	IN	Indiana	
city	Angola	IN	Indiana	
city	Arcadia	IN	Indiana	
city	Argos	IN	Indiana	
city	Ashley	IN	Indiana	
city	Atlanta	IN	Indiana	
city	Attica	IN	Indiana	
city	Auburn	IN	Indiana	
city	Aurora	IN	Indiana	
city	Austin	IN	Indiana	
city	Avilla	IN	Indiana	
city	Avon	IN	Indiana	
city	Bainbridge	IN	Indiana	
city	Bargersville	IN	Indiana	
city	Batesville	IN	Indiana	
city	Battle Ground	IN	Indiana	
city	Bedford	IN	Indiana	
city	Beech Grove	IN	Indiana	
city	Berne	IN	Indiana	
city	Bethany	IN	Indiana	
city	Beverly Shores	IN	Indiana	
city	Bicknell	IN	Indiana	
city	Birdseye	IN	Indiana	
city	Bloomfield	IN	Indiana	
city	Bloomingdale	IN	Indiana	
city	Bloomington	IN	Indiana	
city	Blountsville	IN	Indiana	
city	Bluffton	IN	Indiana	
city	Boonville	IN	Indiana	
city	Borden	IN	Indiana	
city	Boston	IN	Indiana	
city	Boswell	IN	Indiana	
city	Bourbon	IN	Indiana	
city	Brazil	IN	Indiana	
city	Bremen	IN	Indiana	
city	Bristol	IN	Indiana	
city	Brook	IN	Indiana	
city	Brooklyn	IN	Indiana	
city	Brooksburg	IN	Indiana	
city	Brookston	IN	Indiana	
city	Brookville	IN	Indiana	
city	Brownsburg	IN	Indiana	
city	Brownstown	IN	Indiana	
city	Bruceville	IN	Indiana	
city	Bryant	IN	Indiana	
city	Bunker Hill	IN	Indiana	
city	Burket	IN	Indiana	
city	Burlington	IN	Indiana	
city	Burnettsville	IN	Indiana	
city	Burns Harbor	IN	Indiana	
city	Butler	IN	Indiana	
city	Cadiz	IN	Indiana	
city	Cambridge City	IN	Indiana	
city	Camden	IN	Indiana	
city	Campbellsburg	IN	Indiana	
city	Cannelburg	IN	Indiana	
city	Cannelton	IN	Indiana	
city	Carbon	IN	Indiana	
city	Carlisle	IN	Indiana	
city	Carmel	IN	Indiana	
city	Carthage	IN	Indiana	
city	Cayuga	IN	Indiana	
city	Cedar Grove	IN	Indiana	
city	Cedar Lake	IN	Indiana	
city	Center Point	IN	Indiana	
city	Centerville	IN	Indiana	
city	Chalmers	IN	Indiana	
city	Chandler	IN	Indiana	
city	Charlestown	IN	Indiana	
city	Chesterfield	IN	Indiana	
city	Chesterton	IN	Indiana	
city	Chrisney	IN	Indiana	
city	Churubusco	IN	Indiana	
city	Cicero	IN	Indiana	
city	Clarks Hill	IN	Indiana	
city	Clarksville	IN	Indiana	
city	Clay City	IN	Indiana	
city	Claypool	IN	Indiana	
city	Clayton	IN	Indiana	
city	Clear Lake	IN	Indiana	
city	Clermont	IN	Indiana	
city	Clifford	IN	Indiana	
city	Clinton	IN	Indiana	
city	Cloverdale	IN	Indiana	
city	Coatesville	IN	Indiana	
city	Colfax	IN	Indiana	
city	Columbia City	IN	Indiana	
city	Columbus	IN	Indiana	
city	Connersville	IN	Indiana	
city	Converse	IN	Indiana	
city	Corunna	IN	Indiana	
city	Corydon	IN	Indiana	
city	Country Club Heights	IN	Indiana	
city	Covington	IN	Indiana	
city	Crandall	IN	Indiana	
city	Crane	IN	Indiana	
city	Crawfordsville	IN	Indiana	
city	Cromwell	IN	Indiana	
city	Crothersville	IN	Indiana	
city	Crown Point	IN	Indiana	
city	Crows Nest	IN	Indiana	
city	Culver	IN	Indiana	
city	Cumberland	IN	Indiana	
city	Cynthiana	IN	Indiana	
city	Dale	IN	Indiana	
city	Daleville	IN	Indiana	
city	Dana	IN	Indiana	
city	Danville	IN	Indiana	
city	Darlington	IN	Indiana	
city	Darmstadt	IN	Indiana	
city	Dayton	IN	Indiana	
city	Decatur	IN	Indiana	
city	Decker	IN	Indiana	
city	Delphi	IN	Indiana	
city	DeMotte	IN	Indiana	
city	Denver	IN	Indiana	
city	Dillsboro	IN	Indiana	
city	Dublin	IN	Indiana	
city	Dugger	IN	Indiana	
city	Dune Acres	IN	Indiana	
city	Dunkirk	IN	Indiana	
city	Dunreith	IN	Indiana	
city	Dupont	IN	Indiana	
city	Dyer	IN	Indiana	
city	Earl Park	IN	Indiana	
city	East Chicago	IN	Indiana	
city	East Germantown	IN	Indiana	
city	Eaton	IN	Indiana	
city	Economy	IN	Indiana	
city	Edgewood	IN	Indiana	
city	Edinburgh	IN	Indiana	
city	Edwardsport	IN	Indiana	
city	Elberfeld	IN	Indiana	
city	Elizabeth	IN	Indiana	
city	Elizabethtown	IN	Indiana	
city	Elkhart	IN	Indiana	
city	Ellettsville	IN	Indiana	
city	Elnora	IN	Indiana	
city	Elwood	IN	Indiana	
city	English	IN	Indiana	
city	Etna Green	IN	Indiana	
city	Evansville	IN	Indiana	
city	Fairland	IN	Indiana	
city	Fairmount	IN	Indiana	
city	Fairview Park	IN	Indiana	
city	Farmersburg	IN	Indiana	
city	Farmland	IN	Indiana	
city	Ferdinand	IN	Indiana	
city	Fillmore	IN	Indiana	
city	Fishers	IN	Indiana	
city	Flora	IN	Indiana	
city	Fort Branch	IN	Indiana	
city	Fortville	IN	Indiana	
city	Fort Wayne	IN	Indiana	
city	Fountain City	IN	Indiana	
city	Fowler	IN	Indiana	
city	Fowlerton	IN	Indiana	
city	Francesville	IN	Indiana	
city	Francisco	IN	Indiana	
city	Frankfort	IN	Indiana	
city	Franklin	IN	Indiana	
city	Frankton	IN	Indiana	
city	Fremont	IN	Indiana	
city	French Lick	IN	Indiana	
city	Fulton	IN	Indiana	
city	Galveston	IN	Indiana	
city	Garrett	IN	Indiana	
city	Gary	IN	Indiana	
city	Gas City	IN	Indiana	
city	Gaston	IN	Indiana	
city	Geneva	IN	Indiana	
city	Gentryville	IN	Indiana	
city	Georgetown	IN	Indiana	
city	Glenwood	IN	Indiana	
city	Goodland	IN	Indiana	
city	Goshen	IN	Indiana	
city	Gosport	IN	Indiana	
city	Grabill	IN	Indiana	
city	Grandview	IN	Indiana	
city	Greencastle	IN	Indiana	
city	Greendale	IN	Indiana	
city	Greenfield	IN	Indiana	
city	Greensboro	IN	Indiana	
city	Greensburg	IN	Indiana	
city	Greens Fork	IN	Indiana	
city	Greentown	IN	Indiana	
city	Greenville	IN	Indiana	
city	Greenwood	IN	Indiana	
city	Griffin	IN	Indiana	
city	Griffith	IN	Indiana	
city	Hagerstown	IN	Indiana	
city	Hamilton	IN	Indiana	
city	Hamlet	IN	Indiana	
city	Hammond	IN	Indiana	
city	Hanover	IN	Indiana	
city	Harmony	IN	Indiana	
city	Hartford City	IN	Indiana	
city	Hartsville	IN	Indiana	
city	Haubstadt	IN	Indiana	
city	Hazleton	IN	Indiana	
city	Hebron	IN	Indiana	
city	Highland	IN	Indiana	
city	Hillsboro	IN	Indiana	
city	Hobart	IN	Indiana	
city	Holland	IN	Indiana	
city	Holton	IN	Indiana	
city	Homecroft	IN	Indiana	
city	Hope	IN	Indiana	
city	Hudson	IN	Indiana	
city	Huntertown	IN	Indiana	
city	Huntingburg	IN	Indiana	
city	Huntington	IN	Indiana	
city	Hymera	IN	Indiana	
city	Indian Village	IN	Indiana	
city	Ingalls	IN	Indiana	
city	Jamestown	IN	Indiana	
city	Jasonville	IN	Indiana	
city	Jasper	IN	Indiana	
city	Jeffersonville	IN	Indiana	
city	Jonesboro	IN	Indiana	
city	Jonesville	IN	Indiana	
city	Kempton	IN	Indiana	
city	Kendallville	IN	Indiana	
city	Kennard	IN	Indiana	
city	Kentland	IN	Indiana	
city	Kewanna	IN	Indiana	
city	Kingman	IN	Indiana	
city	Kingsbury	IN	Indiana	
city	Kingsford Heights	IN	Indiana	
city	Kirklin	IN	Indiana	
city	Knightstown	IN	Indiana	
city	Knightsville	IN	Indiana	
city	Knox	IN	Indiana	
city	Kokomo	IN	Indiana	
city	Kouts	IN	Indiana	
city	Laconia	IN	Indiana	
city	La Crosse	IN	Indiana	
city	Ladoga	IN	Indiana	
city	Lafayette	IN	Indiana	
city	La Fontaine	IN	Indiana	
city	Lagrange	IN	Indiana	
city	Lagro	IN	Indiana	
city	Lake Station	IN	Indiana	
city	Lakeville	IN	Indiana	
city	Lanesville	IN	Indiana	
city	La Paz	IN	Indiana	
city	Lapel	IN	Indiana	
city	La Porte	IN	Indiana	
city	Larwill	IN	Indiana	
city	Laurel	IN	Indiana	
city	Lawrence	IN	Indiana	
city	Lawrenceburg	IN	Indiana	
city	Leavenworth	IN	Indiana	
city	Lebanon	IN	Indiana	
city	Leesburg	IN	Indiana	
city	Leo-Cedarville	IN	Indiana	
city	Lewisville	IN	Indiana	
city	Liberty	IN	Indiana	
city	Ligonier	IN	Indiana	
city	Linden	IN	Indiana	
city	Linton	IN	Indiana	
city	Little York	IN	Indiana	
city	Livonia	IN	Indiana	
city	Lizton	IN	Indiana	
city	Logansport	IN	Indiana	
city	Long Beach	IN	Indiana	
city	Loogootee	IN	Indiana	
city	Losantville	IN	Indiana	
city	Lowell	IN	Indiana	
city	Lynn	IN	Indiana	
city	Lynnville	IN	Indiana	
city	Lyons	IN	Indiana	
city	McCordsville	IN	Indiana	
city	Mackey	IN	Indiana	
city	Macy	IN	Indiana	
city	Madison	IN	Indiana	
city	Marengo	IN	Indiana	
city	Marion	IN	Indiana	
city	Markle	IN	Indiana	
city	Markleville	IN	Indiana	
city	Marshall	IN	Indiana	
city	Martinsville	IN	Indiana	
city	Matthews	IN	Indiana	
city	Mauckport	IN	Indiana	
city	Mecca	IN	Indiana	
city	Medaryville	IN	Indiana	
city	Medora	IN	Indiana	
city	Mellott	IN	Indiana	
city	Mentone	IN	Indiana	
city	Meridian Hills	IN	Indiana	
city	Merom	IN	Indiana	
city	Merrillville	IN	Indiana	
city	Michiana Shores	IN	Indiana	
city	Michigan City	IN	Indiana	
city	Michigantown	IN	Indiana	
city	Middlebury	IN	Indiana	
city	Middletown	IN	Indiana	
city	Milan	IN	Indiana	
city	Milford	IN	Indiana	
city	Millersburg	IN	Indiana	
city	Millhousen	IN	Indiana	
city	Milltown	IN	Indiana	
city	Milton	IN	Indiana	
city	Mishawaka	IN	Indiana	
city	Mitchell	IN	Indiana	
city	Modoc	IN	Indiana	
city	Monon	IN	Indiana	
city	Monroe	IN	Indiana	
city	Monroe City	IN	Indiana	
city	Monroeville	IN	Indiana	
city	Monrovia	IN	Indiana	
city	Monterey	IN	Indiana	
city	Montezuma	IN	Indiana	
city	Montgomery	IN	Indiana	
city	Monticello	IN	Indiana	
city	Montpelier	IN	Indiana	
city	Mooreland	IN	Indiana	
city	Moores Hill	IN	Indiana	
city	Mooresville	IN	Indiana	
city	Morgantown	IN	Indiana	
city	Morocco	IN	Indiana	
city	Morristown	IN	Indiana	
city	Mount Auburn	IN	Indiana	
city	Mount Ayr	IN	Indiana	
city	Mount Carmel	IN	Indiana	
city	Mount Etna	IN	Indiana	
city	Mount Summit	IN	Indiana	
city	Mount Vernon	IN	Indiana	
city	Mulberry	IN	Indiana	
city	Muncie	IN	Indiana	
city	Munster	IN	Indiana	
city	Napoleon	IN	Indiana	
city	Nappanee	IN	Indiana	
city	Nashville	IN	Indiana	
city	New Albany	IN	Indiana	
city	New Amsterdam	IN	Indiana	
city	Newberry	IN	Indiana	
city	Newburgh	IN	Indiana	
city	New Carlisle	IN	Indiana	
city	New Castle	IN	Indiana	
city	New Chicago	IN	Indiana	
city	New Harmony	IN	Indiana	
city	New Haven	IN	Indiana	
city	New Market	IN	Indiana	
city	New Middletown	IN	Indiana	
city	New Palestine	IN	Indiana	
city	New Pekin	IN	Indiana	
city	New Point	IN	Indiana	
city	Newport	IN	Indiana	
city	New Richmond	IN	Indiana	
city	New Ross	IN	Indiana	
city	Newtown	IN	Indiana	
city	New Whiteland	IN	Indiana	
city	Noblesville	IN	Indiana	
city	North Crows Nest	IN	Indiana	
city	North Judson	IN	Indiana	
city	North Liberty	IN	Indiana	
city	North Manchester	IN	Indiana	
city	North Salem	IN	Indiana	
city	North Vernon	IN	Indiana	
city	North Webster	IN	Indiana	
city	Oakland City	IN	Indiana	
city	Oaktown	IN	Indiana	
city	Odon	IN	Indiana	
city	Ogden Dunes	IN	Indiana	
city	Oldenburg	IN	Indiana	
city	Onward	IN	Indiana	
city	Oolitic	IN	Indiana	
city	Orestes	IN	Indiana	
city	Orland	IN	Indiana	
city	Orleans	IN	Indiana	
city	Osceola	IN	Indiana	
city	Osgood	IN	Indiana	
city	Ossian	IN	Indiana	
city	Otterbein	IN	Indiana	
city	Owensville	IN	Indiana	
city	Oxford	IN	Indiana	
city	Palmyra	IN	Indiana	
city	Paoli	IN	Indiana	
city	Paragon	IN	Indiana	
city	Parker City	IN	Indiana	
city	Patoka	IN	Indiana	
city	Patriot	IN	Indiana	
city	Pendleton	IN	Indiana	
city	Pennville	IN	Indiana	
city	Perrysville	IN	Indiana	
city	Peru	IN	Indiana	
city	Petersburg	IN	Indiana	
city	Pierceton	IN	Indiana	
city	Pine Village	IN	Indiana	
city	Pittsboro	IN	Indiana	
city	Plainfield	IN	Indiana	
city	Plainville	IN	Indiana	
city	Plymouth	IN	Indiana	
city	Poneto	IN	Indiana	
city	Portage	IN	Indiana	
city	Porter	IN	Indiana	
city	Portland	IN	Indiana	
city	Poseyville	IN	Indiana	
city	Pottawattamie Park	IN	Indiana	
city	Prince's Lakes	IN	Indiana	
city	Princeton	IN	Indiana	
city	Redkey	IN	Indiana	
city	Remington	IN	Indiana	
city	Rensselaer	IN	Indiana	
city	Reynolds	IN	Indiana	
city	Richland	IN	Indiana	
city	Richmond	IN	Indiana	
city	Ridgeville	IN	Indiana	
city	Riley	IN	Indiana	
city	Rising Sun	IN	Indiana	
city	River Forest	IN	Indiana	
city	Roachdale	IN	Indiana	
city	Roann	IN	Indiana	
city	Roanoke	IN	Indiana	
city	Rochester	IN	Indiana	
city	Rockport	IN	Indiana	
city	Rockville	IN	Indiana	
city	Rocky Ripple	IN	Indiana	
city	Rome City	IN	Indiana	
city	Rosedale	IN	Indiana	
city	Roseland	IN	Indiana	
city	Rossville	IN	Indiana	
city	Royal Center	IN	Indiana	
city	Rushville	IN	Indiana	
city	Russellville	IN	Indiana	
city	Russiaville	IN	Indiana	
city	St. Joe	IN	Indiana	
city	St. John	IN	Indiana	
city	St. Leon	IN	Indiana	
city	St. Paul	IN	Indiana	
city	Salamonia	IN	Indiana	
city	Salem	IN	Indiana	
city	Saltillo	IN	Indiana	
city	Sandborn	IN	Indiana	
city	Santa Claus	IN	Indiana	
city	Saratoga	IN	Indiana	
city	Schererville	IN	Indiana	
city	Schneider	IN	Indiana	
city	Scottsburg	IN	Indiana	
city	Seelyville	IN	Indiana	
city	Sellersburg	IN	Indiana	
city	Selma	IN	Indiana	
city	Seymour	IN	Indiana	
city	Shadeland	IN	Indiana	
city	Shamrock Lakes	IN	Indiana	
city	Sharpsville	IN	Indiana	
city	Shelburn	IN	Indiana	
city	Shelbyville	IN	Indiana	
city	Sheridan	IN	Indiana	
city	Shipshewana	IN	Indiana	
city	Shirley	IN	Indiana	
city	Shoals	IN	Indiana	
city	Sidney	IN	Indiana	
city	Silver Lake	IN	Indiana	
city	Somerville	IN	Indiana	
city	South Bend	IN	Indiana	
city	Southport	IN	Indiana	
city	South Whitley	IN	Indiana	
city	Speedway	IN	Indiana	
city	Spencer	IN	Indiana	
city	Spiceland	IN	Indiana	
city	Spring Grove	IN	Indiana	
city	Spring Hill	IN	Indiana	
city	Spring Lake	IN	Indiana	
city	Springport	IN	Indiana	
city	Spurgeon	IN	Indiana	
city	State Line City	IN	Indiana	
city	Staunton	IN	Indiana	
city	Stilesville	IN	Indiana	
city	Stinesville	IN	Indiana	
city	Straughn	IN	Indiana	
city	Sullivan	IN	Indiana	
city	Sulphur Springs	IN	Indiana	
city	Summitville	IN	Indiana	
city	Sunman	IN	Indiana	
city	Swayzee	IN	Indiana	
city	Sweetser	IN	Indiana	
city	Switz City	IN	Indiana	
city	Syracuse	IN	Indiana	
city	Tell City	IN	Indiana	
city	Tennyson	IN	Indiana	
city	Terre Haute	IN	Indiana	
city	Thorntown	IN	Indiana	
city	Tipton	IN	Indiana	
city	Topeka	IN	Indiana	
city	Town of Pines	IN	Indiana	
city	Trafalgar	IN	Indiana	
city	Trail Creek	IN	Indiana	
city	Troy	IN	Indiana	
city	Ulen	IN	Indiana	
city	Union City	IN	Indiana	
city	Uniondale	IN	Indiana	
city	Universal	IN	Indiana	
city	Upland	IN	Indiana	
city	Utica	IN	Indiana	
city	Valparaiso	IN	Indiana	
city	Van Buren	IN	Indiana	
city	Veedersburg	IN	Indiana	
city	Vera Cruz	IN	Indiana	
city	Vernon	IN	Indiana	
city	Versailles	IN	Indiana	
city	Vevay	IN	Indiana	
city	Vincennes	IN	Indiana	
city	Wabash	IN	Indiana	
city	Wakarusa	IN	Indiana	
city	Walkerton	IN	Indiana	
city	Wallace	IN	Indiana	
city	Walton	IN	Indiana	
city	Wanatah	IN	Indiana	
city	Warren	IN	Indiana	
city	Warren Park	IN	Indiana	
city	Warsaw	IN	Indiana	
city	Washington	IN	Indiana	
city	Waterloo	IN	Indiana	
city	Waveland	IN	Indiana	
city	Waynetown	IN	Indiana	
city	West Baden Springs	IN	Indiana	
city	West College Corner	IN	Indiana	
city	Westfield	IN	Indiana	
city	West Harrison	IN	Indiana	
city	West Lafayette	IN	Indiana	
city	West Lebanon	IN	Indiana	
city	Westport	IN	Indiana	
city	West Terre Haute	IN	Indiana	
city	Westville	IN	Indiana	
city	Wheatfield	IN	Indiana	
city	Wheatland	IN	Indiana	
city	Whiteland	IN	Indiana	
city	Whitestown	IN	Indiana	
city	Whitewater	IN	Indiana	
city	Whiting	IN	Indiana	
city	Wilkinson	IN	Indiana	
city	Williams Creek	IN	Indiana	
city	Williamsport	IN	Indiana	
city	Winamac	IN	Indiana	
city	Winchester	IN	Indiana	
city	Windfall City	IN	Indiana	
city	Winfield	IN	Indiana	
city	Wingate	IN	Indiana	
city	Winona Lake	IN	Indiana	
city	Winslow	IN	Indiana	
city	Wolcott	IN	Indiana	
city	Wolcottville	IN	Indiana	
city	Woodburn	IN	Indiana	
city	Woodlawn Heights	IN	Indiana	
city	Worthington	IN	Indiana	
city	Wynnedale	IN	Indiana	
city	Yeoman	IN	Indiana	
city	Yorktown	IN	Indiana	
city	Zanesville	IN	Indiana	
city	Zionsville	IN	Indiana	
city	Ackley	IA	Iowa	
city	Ackworth	IA	Iowa	
city	Adair	IA	Iowa	
city	Adel	IA	Iowa	
city	Afton	IA	Iowa	
city	Agency	IA	Iowa	
city	Ainsworth	IA	Iowa	
city	Akron	IA	Iowa	
city	Albert City	IA	Iowa	
city	Albia	IA	Iowa	
city	Albion	IA	Iowa	
city	Alburnett	IA	Iowa	
city	Alden	IA	Iowa	
city	Alexander	IA	Iowa	
city	Algona	IA	Iowa	
city	Alleman	IA	Iowa	
city	Allerton	IA	Iowa	
city	Allison	IA	Iowa	
city	Alta	IA	Iowa	
city	Alta Vista	IA	Iowa	
city	Alton	IA	Iowa	
city	Altoona	IA	Iowa	
city	Alvord	IA	Iowa	
city	Ames	IA	Iowa	
city	Anamosa	IA	Iowa	
city	Andover	IA	Iowa	
city	Andrew	IA	Iowa	
city	Anita	IA	Iowa	
city	Ankeny	IA	Iowa	
city	Anthon	IA	Iowa	
city	Aplington	IA	Iowa	
city	Arcadia	IA	Iowa	
city	Archer	IA	Iowa	
city	Aredale	IA	Iowa	
city	Arion	IA	Iowa	
city	Arispe	IA	Iowa	
city	Arlington	IA	Iowa	
city	Armstrong	IA	Iowa	
city	Arnolds Park	IA	Iowa	
city	Arthur	IA	Iowa	
city	Asbury	IA	Iowa	
city	Ashton	IA	Iowa	
city	Aspinwall	IA	Iowa	
city	Atalissa	IA	Iowa	
city	Atkins	IA	Iowa	
city	Atlantic	IA	Iowa	
city	Auburn	IA	Iowa	
city	Audubon	IA	Iowa	
city	Aurelia	IA	Iowa	
city	Aurora	IA	Iowa	
city	Avoca	IA	Iowa	
city	Ayrshire	IA	Iowa	
city	Badger	IA	Iowa	
city	Bagley	IA	Iowa	
city	Baldwin	IA	Iowa	
city	Balltown	IA	Iowa	
city	Bancroft	IA	Iowa	
city	Bankston	IA	Iowa	
city	Barnes City	IA	Iowa	
city	Barnum	IA	Iowa	
city	Bassett	IA	Iowa	
city	Batavia	IA	Iowa	
city	Battle Creek	IA	Iowa	
city	Baxter	IA	Iowa	
city	Bayard	IA	Iowa	
city	Beacon	IA	Iowa	
city	Beaconsfield	IA	Iowa	
city	Beaman	IA	Iowa	
city	Beaver	IA	Iowa	
city	Bedford	IA	Iowa	
city	Belle Plaine	IA	Iowa	
city	Bellevue	IA	Iowa	
city	Belmond	IA	Iowa	
city	Bennett	IA	Iowa	
city	Benton	IA	Iowa	
city	Berkley	IA	Iowa	
city	Bernard	IA	Iowa	
city	Bertram	IA	Iowa	
city	Bettendorf	IA	Iowa	
city	Bevington	IA	Iowa	
city	Birmingham	IA	Iowa	
city	Blairsburg	IA	Iowa	
city	Blairstown	IA	Iowa	
city	Blakesburg	IA	Iowa	
city	Blanchard	IA	Iowa	
city	Blencoe	IA	Iowa	
city	Blockton	IA	Iowa	
city	Bloomfield	IA	Iowa	
city	Blue Grass	IA	Iowa	
city	Bode	IA	Iowa	
city	Bonaparte	IA	Iowa	
city	Bondurant	IA	Iowa	
city	Boone	IA	Iowa	
city	Bouton	IA	Iowa	
city	Boxholm	IA	Iowa	
city	Boyden	IA	Iowa	
city	Braddyville	IA	Iowa	
city	Bradgate	IA	Iowa	
city	Brandon	IA	Iowa	
city	Brayton	IA	Iowa	
city	Breda	IA	Iowa	
city	Bridgewater	IA	Iowa	
city	Brighton	IA	Iowa	
city	Bristow	IA	Iowa	
city	Britt	IA	Iowa	
city	Bronson	IA	Iowa	
city	Brooklyn	IA	Iowa	
city	Brunsville	IA	Iowa	
city	Buckeye	IA	Iowa	
city	Buck Grove	IA	Iowa	
city	Buffalo	IA	Iowa	
city	Buffalo Center	IA	Iowa	
city	Burlington	IA	Iowa	
city	Burt	IA	Iowa	
city	Bussey	IA	Iowa	
city	Calamus	IA	Iowa	
city	Callender	IA	Iowa	
city	Calmar	IA	Iowa	
city	Calumet	IA	Iowa	
city	Camanche	IA	Iowa	
city	Cambridge	IA	Iowa	
city	Cantril	IA	Iowa	
city	Carbon	IA	Iowa	
city	Carlisle	IA	Iowa	
city	Carpenter	IA	Iowa	
city	Carroll	IA	Iowa	
city	Carson	IA	Iowa	
city	Carter Lake	IA	Iowa	
city	Cascade	IA	Iowa	
city	Casey	IA	Iowa	
city	Castalia	IA	Iowa	
city	Castana	IA	Iowa	
city	Cedar Falls	IA	Iowa	
city	Cedar Rapids	IA	Iowa	
city	Center Point	IA	Iowa	
city	Centerville	IA	Iowa	
city	Central City	IA	Iowa	
city	Centralia	IA	Iowa	
city	Chariton	IA	Iowa	
city	Charles City	IA	Iowa	
city	Charlotte	IA	Iowa	
city	Charter Oak	IA	Iowa	
city	Chatsworth	IA	Iowa	
city	Chelsea	IA	Iowa	
city	Cherokee	IA	Iowa	
city	Chester	IA	Iowa	
city	Chillicothe	IA	Iowa	
city	Churdan	IA	Iowa	
city	Cincinnati	IA	Iowa	
city	Clare	IA	Iowa	
city	Clarence	IA	Iowa	
city	Clarinda	IA	Iowa	
city	Clarion	IA	Iowa	
city	Clarksville	IA	Iowa	
city	Clayton	IA	Iowa	
city	Clearfield	IA	Iowa	
city	Clear Lake	IA	Iowa	
city	Cleghorn	IA	Iowa	
city	Clemons	IA	Iowa	
city	Clermont	IA	Iowa	
city	Clinton	IA	Iowa	
city	Clio	IA	Iowa	
city	Clive	IA	Iowa	
city	Clutier	IA	Iowa	
city	Coburg	IA	Iowa	
city	Coggon	IA	Iowa	
city	Coin	IA	Iowa	
city	Colesburg	IA	Iowa	
city	Colfax	IA	Iowa	
city	College Springs	IA	Iowa	
city	Collins	IA	Iowa	
city	Colo	IA	Iowa	
city	Columbus City	IA	Iowa	
city	Columbus Junction	IA	Iowa	
city	Colwell	IA	Iowa	
city	Conesville	IA	Iowa	
city	Conrad	IA	Iowa	
city	Conway	IA	Iowa	
city	Coon Rapids	IA	Iowa	
city	Coppock	IA	Iowa	
city	Coralville	IA	Iowa	
city	Corning	IA	Iowa	
city	Correctionville	IA	Iowa	
city	Corwith	IA	Iowa	
city	Corydon	IA	Iowa	
city	Cotter	IA	Iowa	
city	Coulter	IA	Iowa	
city	Council Bluffs	IA	Iowa	
city	Craig	IA	Iowa	
city	Crawfordsville	IA	Iowa	
city	Crescent	IA	Iowa	
city	Cresco	IA	Iowa	
city	Creston	IA	Iowa	
city	Cromwell	IA	Iowa	
city	Crystal Lake	IA	Iowa	
city	Cumberland	IA	Iowa	
city	Cumming	IA	Iowa	
city	Curlew	IA	Iowa	
city	Cushing	IA	Iowa	
city	Cylinder	IA	Iowa	
city	Dakota City	IA	Iowa	
city	Dallas Center	IA	Iowa	
city	Dana	IA	Iowa	
city	Danbury	IA	Iowa	
city	Danville	IA	Iowa	
city	Davenport	IA	Iowa	
city	Davis City	IA	Iowa	
city	Dawson	IA	Iowa	
city	Dayton	IA	Iowa	
city	Decatur	IA	Iowa	
city	Decorah	IA	Iowa	
city	Dedham	IA	Iowa	
city	Deep River	IA	Iowa	
city	Defiance	IA	Iowa	
city	Delaware	IA	Iowa	
city	Delhi	IA	Iowa	
city	Delmar	IA	Iowa	
city	Deloit	IA	Iowa	
city	Delta	IA	Iowa	
city	Denison	IA	Iowa	
city	Denver	IA	Iowa	
city	Derby	IA	Iowa	
city	Des Moines	IA	Iowa	
city	De Soto	IA	Iowa	
city	DeWitt	IA	Iowa	
city	Dexter	IA	Iowa	
city	Diagonal	IA	Iowa	
city	Dickens	IA	Iowa	
city	Dike	IA	Iowa	
city	Dixon	IA	Iowa	
city	Dolliver	IA	Iowa	
city	Donahue	IA	Iowa	
city	Donnellson	IA	Iowa	
city	Doon	IA	Iowa	
city	Dougherty	IA	Iowa	
city	Dow City	IA	Iowa	
city	Dows	IA	Iowa	
city	Drakesville	IA	Iowa	
city	Dubuque	IA	Iowa	
city	Dumont	IA	Iowa	
city	Duncombe	IA	Iowa	
city	Dundee	IA	Iowa	
city	Dunkerton	IA	Iowa	
city	Dunlap	IA	Iowa	
city	Durango	IA	Iowa	
city	Durant	IA	Iowa	
city	Dyersville	IA	Iowa	
city	Dysart	IA	Iowa	
city	Eagle Grove	IA	Iowa	
city	Earlham	IA	Iowa	
city	Earling	IA	Iowa	
city	Earlville	IA	Iowa	
city	Early	IA	Iowa	
city	East Peru	IA	Iowa	
city	Eddyville	IA	Iowa	
city	Edgewood	IA	Iowa	
city	Elberon	IA	Iowa	
city	Eldon	IA	Iowa	
city	Eldora	IA	Iowa	
city	Eldridge	IA	Iowa	
city	Elgin	IA	Iowa	
city	Elkader	IA	Iowa	
city	Elkhart	IA	Iowa	
city	Elk Horn	IA	Iowa	
city	Elkport	IA	Iowa	
city	Elk Run Heights	IA	Iowa	
city	Elliott	IA	Iowa	
city	Ellston	IA	Iowa	
city	Ellsworth	IA	Iowa	
city	Elma	IA	Iowa	
city	Ely	IA	Iowa	
city	Emerson	IA	Iowa	
city	Emmetsburg	IA	Iowa	
city	Epworth	IA	Iowa	
city	Essex	IA	Iowa	
city	Estherville	IA	Iowa	
city	Evansdale	IA	Iowa	
city	Everly	IA	Iowa	
city	Exira	IA	Iowa	
city	Exline	IA	Iowa	
city	Fairbank	IA	Iowa	
city	Fairfax	IA	Iowa	
city	Fairfield	IA	Iowa	
city	Farley	IA	Iowa	
city	Farmersburg	IA	Iowa	
city	Farmington	IA	Iowa	
city	Farnhamville	IA	Iowa	
city	Farragut	IA	Iowa	
city	Fayette	IA	Iowa	
city	Fenton	IA	Iowa	
city	Ferguson	IA	Iowa	
city	Fertile	IA	Iowa	
city	Floris	IA	Iowa	
city	Floyd	IA	Iowa	
city	Fonda	IA	Iowa	
city	Fontanelle	IA	Iowa	
city	Forest City	IA	Iowa	
city	Fort Atkinson	IA	Iowa	
city	Fort Dodge	IA	Iowa	
city	Fort Madison	IA	Iowa	
city	Fostoria	IA	Iowa	
city	Franklin	IA	Iowa	
city	Fraser	IA	Iowa	
city	Fredericksburg	IA	Iowa	
city	Frederika	IA	Iowa	
city	Fredonia	IA	Iowa	
city	Fremont	IA	Iowa	
city	Fruitland	IA	Iowa	
city	Galt	IA	Iowa	
city	Galva	IA	Iowa	
city	Garber	IA	Iowa	
city	Garden Grove	IA	Iowa	
city	Garnavillo	IA	Iowa	
city	Garner	IA	Iowa	
city	Garrison	IA	Iowa	
city	Garwin	IA	Iowa	
city	Geneva	IA	Iowa	
city	George	IA	Iowa	
city	Gibson	IA	Iowa	
city	Gilbert	IA	Iowa	
city	Gilbertville	IA	Iowa	
city	Gillett Grove	IA	Iowa	
city	Gilman	IA	Iowa	
city	Gilmore City	IA	Iowa	
city	Gladbrook	IA	Iowa	
city	Glenwood	IA	Iowa	
city	Glidden	IA	Iowa	
city	Goldfield	IA	Iowa	
city	Goodell	IA	Iowa	
city	Goose Lake	IA	Iowa	
city	Gowrie	IA	Iowa	
city	Graettinger	IA	Iowa	
city	Graf	IA	Iowa	
city	Grafton	IA	Iowa	
city	Grand Junction	IA	Iowa	
city	Grand Mound	IA	Iowa	
city	Grand River	IA	Iowa	
city	Grandview	IA	Iowa	
city	Granger	IA	Iowa	
city	Grant	IA	Iowa	
city	Granville	IA	Iowa	
city	Gravity	IA	Iowa	
city	Gray	IA	Iowa	
city	Greeley	IA	Iowa	
city	Greene	IA	Iowa	
city	Greenfield	IA	Iowa	
city	Greenville	IA	Iowa	
city	Grimes	IA	Iowa	
city	Grinnell	IA	Iowa	
city	Griswold	IA	Iowa	
city	Grundy Center	IA	Iowa	
city	Gruver	IA	Iowa	
city	Guernsey	IA	Iowa	
city	Guthrie Center	IA	Iowa	
city	Guttenberg	IA	Iowa	
city	Halbur	IA	Iowa	
city	Hamburg	IA	Iowa	
city	Hamilton	IA	Iowa	
city	Hampton	IA	Iowa	
city	Hancock	IA	Iowa	
city	Hanlontown	IA	Iowa	
city	Hansell	IA	Iowa	
city	Harcourt	IA	Iowa	
city	Hardy	IA	Iowa	
city	Harlan	IA	Iowa	
city	Harper	IA	Iowa	
city	Harpers Ferry	IA	Iowa	
city	Harris	IA	Iowa	
city	Hartford	IA	Iowa	
city	Hartley	IA	Iowa	
city	Hartwick	IA	Iowa	
city	Harvey	IA	Iowa	
city	Hastings	IA	Iowa	
city	Havelock	IA	Iowa	
city	Haverhill	IA	Iowa	
city	Hawarden	IA	Iowa	
city	Hawkeye	IA	Iowa	
city	Hayesville	IA	Iowa	
city	Hazleton	IA	Iowa	
city	Hedrick	IA	Iowa	
city	Henderson	IA	Iowa	
city	Hiawatha	IA	Iowa	
city	Hills	IA	Iowa	
city	Hillsboro	IA	Iowa	
city	Hinton	IA	Iowa	
city	Holland	IA	Iowa	
city	Holstein	IA	Iowa	
city	Holy Cross	IA	Iowa	
city	Hopkinton	IA	Iowa	
city	Hornick	IA	Iowa	
city	Hospers	IA	Iowa	
city	Houghton	IA	Iowa	
city	Hubbard	IA	Iowa	
city	Hudson	IA	Iowa	
city	Hull	IA	Iowa	
city	Humboldt	IA	Iowa	
city	Humeston	IA	Iowa	
city	Huxley	IA	Iowa	
city	Ida Grove	IA	Iowa	
city	Imogene	IA	Iowa	
city	Independence	IA	Iowa	
city	Indianola	IA	Iowa	
city	Inwood	IA	Iowa	
city	Ionia	IA	Iowa	
city	Iowa City	IA	Iowa	
city	Iowa Falls	IA	Iowa	
city	Ireton	IA	Iowa	
city	Irwin	IA	Iowa	
city	Jackson Junction	IA	Iowa	
city	Jamaica	IA	Iowa	
city	Janesville	IA	Iowa	
city	Jefferson	IA	Iowa	
city	Jesup	IA	Iowa	
city	Jewell Junction	IA	Iowa	
city	Johnston	IA	Iowa	
city	Joice	IA	Iowa	
city	Jolley	IA	Iowa	
city	Kalona	IA	Iowa	
city	Kamrar	IA	Iowa	
city	Kanawha	IA	Iowa	
city	Kellerton	IA	Iowa	
city	Kelley	IA	Iowa	
city	Kellogg	IA	Iowa	
city	Kensett	IA	Iowa	
city	Keokuk	IA	Iowa	
city	Keomah Village	IA	Iowa	
city	Keosauqua	IA	Iowa	
city	Keota	IA	Iowa	
city	Keswick	IA	Iowa	
city	Keystone	IA	Iowa	
city	Kimballton	IA	Iowa	
city	Kingsley	IA	Iowa	
city	Kinross	IA	Iowa	
city	Kirkman	IA	Iowa	
city	Kirkville	IA	Iowa	
city	Kiron	IA	Iowa	
city	Klemme	IA	Iowa	
city	Knierim	IA	Iowa	
city	Knoxville	IA	Iowa	
city	Lacona	IA	Iowa	
city	Ladora	IA	Iowa	
city	Lake City	IA	Iowa	
city	Lake Mills	IA	Iowa	
city	Lake Park	IA	Iowa	
city	Lakeside	IA	Iowa	
city	Lake View	IA	Iowa	
city	Lakota	IA	Iowa	
city	Lambs Grove	IA	Iowa	
city	Lamoni	IA	Iowa	
city	Lamont	IA	Iowa	
city	La Motte	IA	Iowa	
city	Lanesboro	IA	Iowa	
city	Lansing	IA	Iowa	
city	La Porte City	IA	Iowa	
city	Larchwood	IA	Iowa	
city	Larrabee	IA	Iowa	
city	Latimer	IA	Iowa	
city	Laurel	IA	Iowa	
city	Laurens	IA	Iowa	
city	Lawler	IA	Iowa	
city	Lawton	IA	Iowa	
city	Le Claire	IA	Iowa	
city	Ledyard	IA	Iowa	
city	Le Grand	IA	Iowa	
city	Lehigh	IA	Iowa	
city	Leighton	IA	Iowa	
city	Leland	IA	Iowa	
city	Le Mars	IA	Iowa	
city	Lenox	IA	Iowa	
city	Leon	IA	Iowa	
city	Le Roy	IA	Iowa	
city	Lester	IA	Iowa	
city	Letts	IA	Iowa	
city	Lewis	IA	Iowa	
city	Libertyville	IA	Iowa	
city	Lidderdale	IA	Iowa	
city	Lime Springs	IA	Iowa	
city	Lincoln	IA	Iowa	
city	Linden	IA	Iowa	
city	Lineville	IA	Iowa	
city	Linn Grove	IA	Iowa	
city	Lisbon	IA	Iowa	
city	Liscomb	IA	Iowa	
city	Little Rock	IA	Iowa	
city	Little Sioux	IA	Iowa	
city	Livermore	IA	Iowa	
city	Lockridge	IA	Iowa	
city	Logan	IA	Iowa	
city	Lohrville	IA	Iowa	
city	Lone Rock	IA	Iowa	
city	Lone Tree	IA	Iowa	
city	Long Grove	IA	Iowa	
city	Lorimor	IA	Iowa	
city	Lost Nation	IA	Iowa	
city	Lovilia	IA	Iowa	
city	Lowden	IA	Iowa	
city	Low Moor	IA	Iowa	
city	Luana	IA	Iowa	
city	Lucas	IA	Iowa	
city	Luther	IA	Iowa	
city	Lu Verne	IA	Iowa	
city	Luxemburg	IA	Iowa	
city	Luzerne	IA	Iowa	
city	Lynnville	IA	Iowa	
city	Lytton	IA	Iowa	
city	McCallsburg	IA	Iowa	
city	McCausland	IA	Iowa	
city	McClelland	IA	Iowa	
city	Macedonia	IA	Iowa	
city	McGregor	IA	Iowa	
city	McIntire	IA	Iowa	
city	Macksburg	IA	Iowa	
city	Madrid	IA	Iowa	
city	Magnolia	IA	Iowa	
city	Maharishi Vedic City	IA	Iowa	
city	Malcom	IA	Iowa	
city	Mallard	IA	Iowa	
city	Maloy	IA	Iowa	
city	Malvern	IA	Iowa	
city	Manchester	IA	Iowa	
city	Manilla	IA	Iowa	
city	Manly	IA	Iowa	
city	Manning	IA	Iowa	
city	Manson	IA	Iowa	
city	Mapleton	IA	Iowa	
city	Maquoketa	IA	Iowa	
city	Marathon	IA	Iowa	
city	Marble Rock	IA	Iowa	
city	Marcus	IA	Iowa	
city	Marengo	IA	Iowa	
city	Marion	IA	Iowa	
city	Marne	IA	Iowa	
city	Marquette	IA	Iowa	
city	Marshalltown	IA	Iowa	
city	Martelle	IA	Iowa	
city	Martensdale	IA	Iowa	
city	Martinsburg	IA	Iowa	
city	Marysville	IA	Iowa	
city	Mason City	IA	Iowa	
city	Masonville	IA	Iowa	
city	Massena	IA	Iowa	
city	Matlock	IA	Iowa	
city	Maurice	IA	Iowa	
city	Maxwell	IA	Iowa	
city	Maynard	IA	Iowa	
city	Maysville	IA	Iowa	
city	Mechanicsville	IA	Iowa	
city	Mediapolis	IA	Iowa	
city	Melbourne	IA	Iowa	
city	Melcher-Dallas	IA	Iowa	
city	Melrose	IA	Iowa	
city	Melvin	IA	Iowa	
city	Menlo	IA	Iowa	
city	Meriden	IA	Iowa	
city	Merrill	IA	Iowa	
city	Meservey	IA	Iowa	
city	Middletown	IA	Iowa	
city	Miles	IA	Iowa	
city	Milford	IA	Iowa	
city	Millersburg	IA	Iowa	
city	Millerton	IA	Iowa	
city	Milo	IA	Iowa	
city	Milton	IA	Iowa	
city	Minburn	IA	Iowa	
city	Minden	IA	Iowa	
city	Mingo	IA	Iowa	
city	Missouri Valley	IA	Iowa	
city	Mitchell	IA	Iowa	
city	Mitchellville	IA	Iowa	
city	Modale	IA	Iowa	
city	Mondamin	IA	Iowa	
city	Monmouth	IA	Iowa	
city	Monona	IA	Iowa	
city	Monroe	IA	Iowa	
city	Montezuma	IA	Iowa	
city	Monticello	IA	Iowa	
city	Montour	IA	Iowa	
city	Montrose	IA	Iowa	
city	Moorhead	IA	Iowa	
city	Moorland	IA	Iowa	
city	Moravia	IA	Iowa	
city	Morley	IA	Iowa	
city	Morning Sun	IA	Iowa	
city	Morrison	IA	Iowa	
city	Moulton	IA	Iowa	
city	Mount Auburn	IA	Iowa	
city	Mount Ayr	IA	Iowa	
city	Mount Pleasant	IA	Iowa	
city	Mount Vernon	IA	Iowa	
city	Moville	IA	Iowa	
city	Murray	IA	Iowa	
city	Muscatine	IA	Iowa	
city	Mystic	IA	Iowa	
city	Nashua	IA	Iowa	
city	Nemaha	IA	Iowa	
city	Neola	IA	Iowa	
city	Nevada	IA	Iowa	
city	New Albin	IA	Iowa	
city	Newell	IA	Iowa	
city	Newhall	IA	Iowa	
city	New Hampton	IA	Iowa	
city	New Hartford	IA	Iowa	
city	New Liberty	IA	Iowa	
city	New London	IA	Iowa	
city	New Market	IA	Iowa	
city	New Providence	IA	Iowa	
city	New Sharon	IA	Iowa	
city	Newton	IA	Iowa	
city	New Vienna	IA	Iowa	
city	New Virginia	IA	Iowa	
city	Nichols	IA	Iowa	
city	Nodaway	IA	Iowa	
city	Nora Springs	IA	Iowa	
city	Northboro	IA	Iowa	
city	North Buena Vista	IA	Iowa	
city	North English	IA	Iowa	
city	North Liberty	IA	Iowa	
city	North Washington	IA	Iowa	
city	Northwood	IA	Iowa	
city	Norwalk	IA	Iowa	
city	Norway	IA	Iowa	
city	Numa	IA	Iowa	
city	Oakland	IA	Iowa	
city	Oakland Acres	IA	Iowa	
city	Oakville	IA	Iowa	
city	Ocheyedan	IA	Iowa	
city	Odebolt	IA	Iowa	
city	Oelwein	IA	Iowa	
city	Ogden	IA	Iowa	
city	Okoboji	IA	Iowa	
city	Olds	IA	Iowa	
city	Olin	IA	Iowa	
city	Ollie	IA	Iowa	
city	Onawa	IA	Iowa	
city	Onslow	IA	Iowa	
city	Orange City	IA	Iowa	
city	Orchard	IA	Iowa	
city	Orient	IA	Iowa	
city	Orleans	IA	Iowa	
city	Osage	IA	Iowa	
city	Osceola	IA	Iowa	
city	Oskaloosa	IA	Iowa	
city	Ossian	IA	Iowa	
city	Osterdock	IA	Iowa	
city	Otho	IA	Iowa	
city	Oto	IA	Iowa	
city	Ottosen	IA	Iowa	
city	Ottumwa	IA	Iowa	
city	Owasa	IA	Iowa	
city	Oxford	IA	Iowa	
city	Oxford Junction	IA	Iowa	
city	Oyens	IA	Iowa	
city	Pacific Junction	IA	Iowa	
city	Packwood	IA	Iowa	
city	Palmer	IA	Iowa	
city	Palo	IA	Iowa	
city	Panama	IA	Iowa	
city	Panora	IA	Iowa	
city	Panorama Park	IA	Iowa	
city	Parkersburg	IA	Iowa	
city	Parnell	IA	Iowa	
city	Paton	IA	Iowa	
city	Patterson	IA	Iowa	
city	Paullina	IA	Iowa	
city	Pella	IA	Iowa	
city	Peosta	IA	Iowa	
city	Perry	IA	Iowa	
city	Persia	IA	Iowa	
city	Peterson	IA	Iowa	
city	Pierson	IA	Iowa	
city	Pilot Mound	IA	Iowa	
city	Pisgah	IA	Iowa	
city	Plainfield	IA	Iowa	
city	Plano	IA	Iowa	
city	Pleasant Hill	IA	Iowa	
city	Pleasanton	IA	Iowa	
city	Pleasant Plain	IA	Iowa	
city	Pleasantville	IA	Iowa	
city	Plover	IA	Iowa	
city	Plymouth	IA	Iowa	
city	Pocahontas	IA	Iowa	
city	Polk City	IA	Iowa	
city	Pomeroy	IA	Iowa	
city	Popejoy	IA	Iowa	
city	Portsmouth	IA	Iowa	
city	Postville	IA	Iowa	
city	Prairieburg	IA	Iowa	
city	Prairie City	IA	Iowa	
city	Prescott	IA	Iowa	
city	Preston	IA	Iowa	
city	Primghar	IA	Iowa	
city	Princeton	IA	Iowa	
city	Promise City	IA	Iowa	
city	Protivin	IA	Iowa	
city	Pulaski	IA	Iowa	
city	Quasqueton	IA	Iowa	
city	Quimby	IA	Iowa	
city	Radcliffe	IA	Iowa	
city	Rake	IA	Iowa	
city	Ralston	IA	Iowa	
city	Randalia	IA	Iowa	
city	Randall	IA	Iowa	
city	Randolph	IA	Iowa	
city	Rathbun	IA	Iowa	
city	Raymond	IA	Iowa	
city	Readlyn	IA	Iowa	
city	Reasnor	IA	Iowa	
city	Redding	IA	Iowa	
city	Redfield	IA	Iowa	
city	Red Oak	IA	Iowa	
city	Reinbeck	IA	Iowa	
city	Rembrandt	IA	Iowa	
city	Remsen	IA	Iowa	
city	Renwick	IA	Iowa	
city	Rhodes	IA	Iowa	
city	Riceville	IA	Iowa	
city	Richland	IA	Iowa	
city	Rickardsville	IA	Iowa	
city	Ricketts	IA	Iowa	
city	Ridgeway	IA	Iowa	
city	Rinard	IA	Iowa	
city	Ringsted	IA	Iowa	
city	Rippey	IA	Iowa	
city	Riverdale	IA	Iowa	
city	Riverside	IA	Iowa	
city	Riverton	IA	Iowa	
city	Robins	IA	Iowa	
city	Rock Falls	IA	Iowa	
city	Rockford	IA	Iowa	
city	Rock Rapids	IA	Iowa	
city	Rock Valley	IA	Iowa	
city	Rockwell	IA	Iowa	
city	Rockwell City	IA	Iowa	
city	Rodman	IA	Iowa	
city	Rodney	IA	Iowa	
city	Roland	IA	Iowa	
city	Rolfe	IA	Iowa	
city	Rome	IA	Iowa	
city	Rose Hill	IA	Iowa	
city	Rossie	IA	Iowa	
city	Rowan	IA	Iowa	
city	Rowley	IA	Iowa	
city	Royal	IA	Iowa	
city	Rudd	IA	Iowa	
city	Runnells	IA	Iowa	
city	Russell	IA	Iowa	
city	Ruthven	IA	Iowa	
city	Rutland	IA	Iowa	
city	Ryan	IA	Iowa	
city	Sabula	IA	Iowa	
city	Sac City	IA	Iowa	
city	Sageville	IA	Iowa	
city	St. Ansgar	IA	Iowa	
city	St. Anthony	IA	Iowa	
city	St. Charles	IA	Iowa	
city	St. Donatus	IA	Iowa	
city	St. Lucas	IA	Iowa	
city	St. Marys	IA	Iowa	
city	St. Olaf	IA	Iowa	
city	St. Paul	IA	Iowa	
city	Salem	IA	Iowa	
city	Salix	IA	Iowa	
city	Sanborn	IA	Iowa	
city	Sandyville	IA	Iowa	
city	Scarville	IA	Iowa	
city	Schaller	IA	Iowa	
city	Schleswig	IA	Iowa	
city	Scranton	IA	Iowa	
city	Searsboro	IA	Iowa	
city	Sergeant Bluff	IA	Iowa	
city	Seymour	IA	Iowa	
city	Shambaugh	IA	Iowa	
city	Shannon City	IA	Iowa	
city	Sharpsburg	IA	Iowa	
city	Sheffield	IA	Iowa	
city	Shelby	IA	Iowa	
city	Sheldahl	IA	Iowa	
city	Sheldon	IA	Iowa	
city	Shell Rock	IA	Iowa	
city	Shellsburg	IA	Iowa	
city	Shenandoah	IA	Iowa	
city	Sherrill	IA	Iowa	
city	Shueyville	IA	Iowa	
city	Sibley	IA	Iowa	
city	Sidney	IA	Iowa	
city	Sigourney	IA	Iowa	
city	Silver City	IA	Iowa	
city	Sioux Center	IA	Iowa	
city	Sioux City	IA	Iowa	
city	Sioux Rapids	IA	Iowa	
city	Slater	IA	Iowa	
city	Sloan	IA	Iowa	
city	Smithland	IA	Iowa	
city	Soldier	IA	Iowa	
city	Solon	IA	Iowa	
city	Somers	IA	Iowa	
city	South English	IA	Iowa	
city	Spencer	IA	Iowa	
city	Spillville	IA	Iowa	
city	Spirit Lake	IA	Iowa	
city	Spragueville	IA	Iowa	
city	Springbrook	IA	Iowa	
city	Spring Hill	IA	Iowa	
city	Springville	IA	Iowa	
city	Stacyville	IA	Iowa	
city	Stanhope	IA	Iowa	
city	Stanley	IA	Iowa	
city	Stanton	IA	Iowa	
city	Stanwood	IA	Iowa	
city	State Center	IA	Iowa	
city	Steamboat Rock	IA	Iowa	
city	Stockport	IA	Iowa	
city	Stockton	IA	Iowa	
city	Storm Lake	IA	Iowa	
city	Story City	IA	Iowa	
city	Stout	IA	Iowa	
city	Stratford	IA	Iowa	
city	Strawberry Point	IA	Iowa	
city	Struble	IA	Iowa	
city	Stuart	IA	Iowa	
city	Sully	IA	Iowa	
city	Sumner	IA	Iowa	
city	Superior	IA	Iowa	
city	Sutherland	IA	Iowa	
city	Swaledale	IA	Iowa	
city	Swan	IA	Iowa	
city	Swea City	IA	Iowa	
city	Swisher	IA	Iowa	
city	Tabor	IA	Iowa	
city	Tama	IA	Iowa	
city	Templeton	IA	Iowa	
city	Tennant	IA	Iowa	
city	Terril	IA	Iowa	
city	Thayer	IA	Iowa	
city	Thompson	IA	Iowa	
city	Thor	IA	Iowa	
city	Thornburg	IA	Iowa	
city	Thornton	IA	Iowa	
city	Thurman	IA	Iowa	
city	Tiffin	IA	Iowa	
city	Tingley	IA	Iowa	
city	Tipton	IA	Iowa	
city	Titonka	IA	Iowa	
city	Toledo	IA	Iowa	
city	Toronto	IA	Iowa	
city	Traer	IA	Iowa	
city	Treynor	IA	Iowa	
city	Tripoli	IA	Iowa	
city	Truesdale	IA	Iowa	
city	Truro	IA	Iowa	
city	Turin	IA	Iowa	
city	Udell	IA	Iowa	
city	Underwood	IA	Iowa	
city	Union	IA	Iowa	
city	Unionville	IA	Iowa	
city	University Heights	IA	Iowa	
city	University Park	IA	Iowa	
city	Urbana	IA	Iowa	
city	Urbandale	IA	Iowa	
city	Ute	IA	Iowa	
city	Vail	IA	Iowa	
city	Valeria	IA	Iowa	
city	Van Horne	IA	Iowa	
city	Van Meter	IA	Iowa	
city	Van Wert	IA	Iowa	
city	Varina	IA	Iowa	
city	Ventura	IA	Iowa	
city	Victor	IA	Iowa	
city	Villisca	IA	Iowa	
city	Vincent	IA	Iowa	
city	Vining	IA	Iowa	
city	Vinton	IA	Iowa	
city	Volga	IA	Iowa	
city	Wadena	IA	Iowa	
city	Wahpeton	IA	Iowa	
city	Walcott	IA	Iowa	
city	Walford	IA	Iowa	
city	Walker	IA	Iowa	
city	Wallingford	IA	Iowa	
city	Wall Lake	IA	Iowa	
city	Walnut	IA	Iowa	
city	Wapello	IA	Iowa	
city	Washington	IA	Iowa	
city	Washta	IA	Iowa	
city	Waterloo	IA	Iowa	
city	Waterville	IA	Iowa	
city	Waucoma	IA	Iowa	
city	Waukee	IA	Iowa	
city	Waukon	IA	Iowa	
city	Waverly	IA	Iowa	
city	Wayland	IA	Iowa	
city	Webb	IA	Iowa	
city	Webster	IA	Iowa	
city	Webster City	IA	Iowa	
city	Weldon	IA	Iowa	
city	Wellman	IA	Iowa	
city	Wellsburg	IA	Iowa	
city	Welton	IA	Iowa	
city	Wesley	IA	Iowa	
city	West Bend	IA	Iowa	
city	West Branch	IA	Iowa	
city	West Burlington	IA	Iowa	
city	West Chester	IA	Iowa	
city	West Des Moines	IA	Iowa	
city	Westfield	IA	Iowa	
city	Westgate	IA	Iowa	
city	West Liberty	IA	Iowa	
city	West Okoboji	IA	Iowa	
city	Westphalia	IA	Iowa	
city	West Point	IA	Iowa	
city	Westside	IA	Iowa	
city	West Union	IA	Iowa	
city	Westwood	IA	Iowa	
city	What Cheer	IA	Iowa	
city	Wheatland	IA	Iowa	
city	Whiting	IA	Iowa	
city	Whittemore	IA	Iowa	
city	Whitten	IA	Iowa	
city	Willey	IA	Iowa	
city	Williams	IA	Iowa	
city	Williamsburg	IA	Iowa	
city	Williamson	IA	Iowa	
city	Wilton	IA	Iowa	
city	Windsor Heights	IA	Iowa	
city	Winfield	IA	Iowa	
city	Winterset	IA	Iowa	
city	Winthrop	IA	Iowa	
city	Wiota	IA	Iowa	
city	Woden	IA	Iowa	
city	Woodbine	IA	Iowa	
city	Woodburn	IA	Iowa	
city	Woodward	IA	Iowa	
city	Woolstock	IA	Iowa	
city	Worthington	IA	Iowa	
city	Wyoming	IA	Iowa	
city	Yale	IA	Iowa	
city	Yetter	IA	Iowa	
city	Yorktown	IA	Iowa	
city	Zearing	IA	Iowa	
city	Zwingle	IA	Iowa	
city	Abbyville	KS	Kansas	
city	Abilene	KS	Kansas	
city	Admire	KS	Kansas	
city	Agenda	KS	Kansas	
city	Agra	KS	Kansas	
city	Albert	KS	Kansas	
city	Alden	KS	Kansas	
city	Alexander	KS	Kansas	
city	Allen	KS	Kansas	
city	Alma	KS	Kansas	
city	Almena	KS	Kansas	
city	Altamont	KS	Kansas	
city	Alta Vista	KS	Kansas	
city	Alton	KS	Kansas	
city	Altoona	KS	Kansas	
city	Americus	KS	Kansas	
city	Andale	KS	Kansas	
city	Andover	KS	Kansas	
city	Anthony	KS	Kansas	
city	Arcadia	KS	Kansas	
city	Argonia	KS	Kansas	
city	Arkansas City	KS	Kansas	
city	Arlington	KS	Kansas	
city	Arma	KS	Kansas	
city	Ashland	KS	Kansas	
city	Assaria	KS	Kansas	
city	Atchison	KS	Kansas	
city	Athol	KS	Kansas	
city	Atlanta	KS	Kansas	
city	Attica	KS	Kansas	
city	Atwood	KS	Kansas	
city	Auburn	KS	Kansas	
city	Augusta	KS	Kansas	
city	Aurora	KS	Kansas	
city	Axtell	KS	Kansas	
city	Baldwin City	KS	Kansas	
city	Barnard	KS	Kansas	
city	Barnes	KS	Kansas	
city	Bartlett	KS	Kansas	
city	Basehor	KS	Kansas	
city	Bassett	KS	Kansas	
city	Baxter Springs	KS	Kansas	
city	Bazine	KS	Kansas	
city	Beattie	KS	Kansas	
city	Bel Aire	KS	Kansas	
city	Belle Plaine	KS	Kansas	
city	Belleville	KS	Kansas	
city	Beloit	KS	Kansas	
city	Belpre	KS	Kansas	
city	Belvue	KS	Kansas	
city	Benedict	KS	Kansas	
city	Bennington	KS	Kansas	
city	Bentley	KS	Kansas	
city	Benton	KS	Kansas	
city	Bern	KS	Kansas	
city	Beverly	KS	Kansas	
city	Bird City	KS	Kansas	
city	Bison	KS	Kansas	
city	Blue Mound	KS	Kansas	
city	Blue Rapids	KS	Kansas	
city	Bluff City	KS	Kansas	
city	Bogue	KS	Kansas	
city	Bonner Springs	KS	Kansas	
city	Brewster	KS	Kansas	
city	Bronson	KS	Kansas	
city	Brookville	KS	Kansas	
city	Brownell	KS	Kansas	
city	Bucklin	KS	Kansas	
city	Buffalo	KS	Kansas	
city	Buhler	KS	Kansas	
city	Bunker Hill	KS	Kansas	
city	Burden	KS	Kansas	
city	Burdett	KS	Kansas	
city	Burlingame	KS	Kansas	
city	Burlington	KS	Kansas	
city	Burns	KS	Kansas	
city	Burr Oak	KS	Kansas	
city	Burrton	KS	Kansas	
city	Bushong	KS	Kansas	
city	Bushton	KS	Kansas	
city	Byers	KS	Kansas	
city	Caldwell	KS	Kansas	
city	Cambridge	KS	Kansas	
city	Caney	KS	Kansas	
city	Canton	KS	Kansas	
city	Carbondale	KS	Kansas	
city	Carlton	KS	Kansas	
city	Cassoday	KS	Kansas	
city	Cawker City	KS	Kansas	
city	Cedar	KS	Kansas	
city	Cedar Point	KS	Kansas	
city	Cedar Vale	KS	Kansas	
city	Centralia	KS	Kansas	
city	Chanute	KS	Kansas	
city	Chapman	KS	Kansas	
city	Chase	KS	Kansas	
city	Chautauqua	KS	Kansas	
city	Cheney	KS	Kansas	
city	Cherokee	KS	Kansas	
city	Cherryvale	KS	Kansas	
city	Chetopa	KS	Kansas	
city	Cimarron	KS	Kansas	
city	Circleville	KS	Kansas	
city	Claflin	KS	Kansas	
city	Clay Center	KS	Kansas	
city	Clayton	KS	Kansas	
city	Clearwater	KS	Kansas	
city	Clifton	KS	Kansas	
city	Climax	KS	Kansas	
city	Clyde	KS	Kansas	
city	Coats	KS	Kansas	
city	Coffeyville	KS	Kansas	
city	Colby	KS	Kansas	
city	Coldwater	KS	Kansas	
city	Collyer	KS	Kansas	
city	Colony	KS	Kansas	
city	Columbus	KS	Kansas	
city	Colwich	KS	Kansas	
city	Concordia	KS	Kansas	
city	Conway Springs	KS	Kansas	
city	Coolidge	KS	Kansas	
city	Copeland	KS	Kansas	
city	Corning	KS	Kansas	
city	Cottonwood Falls	KS	Kansas	
city	Council Grove	KS	Kansas	
city	Courtland	KS	Kansas	
city	Coyville	KS	Kansas	
city	Cuba	KS	Kansas	
city	Cullison	KS	Kansas	
city	Culver	KS	Kansas	
city	Cunningham	KS	Kansas	
city	Damar	KS	Kansas	
city	Danville	KS	Kansas	
city	Dearing	KS	Kansas	
city	Deerfield	KS	Kansas	
city	Delia	KS	Kansas	
city	Delphos	KS	Kansas	
city	Denison	KS	Kansas	
city	Denton	KS	Kansas	
city	Derby	KS	Kansas	
city	De Soto	KS	Kansas	
city	Dexter	KS	Kansas	
city	Dighton	KS	Kansas	
city	Dodge City	KS	Kansas	
city	Dorrance	KS	Kansas	
city	Douglass	KS	Kansas	
city	Downs	KS	Kansas	
city	Dresden	KS	Kansas	
city	Dunlap	KS	Kansas	
city	Durham	KS	Kansas	
city	Dwight	KS	Kansas	
city	Earlton	KS	Kansas	
city	Eastborough	KS	Kansas	
city	Easton	KS	Kansas	
city	Edgerton	KS	Kansas	
city	Edmond	KS	Kansas	
city	Edna	KS	Kansas	
city	Edwardsville	KS	Kansas	
city	Effingham	KS	Kansas	
city	Elbing	KS	Kansas	
city	El Dorado	KS	Kansas	
city	Elgin	KS	Kansas	
city	Elk City	KS	Kansas	
city	Elk Falls	KS	Kansas	
city	Elkhart	KS	Kansas	
city	Ellinwood	KS	Kansas	
city	Ellis	KS	Kansas	
city	Ellsworth	KS	Kansas	
city	Elmdale	KS	Kansas	
city	Elsmore	KS	Kansas	
city	Elwood	KS	Kansas	
city	Emmett	KS	Kansas	
city	Emporia	KS	Kansas	
city	Englewood	KS	Kansas	
city	Ensign	KS	Kansas	
city	Enterprise	KS	Kansas	
city	Erie	KS	Kansas	
city	Esbon	KS	Kansas	
city	Eskridge	KS	Kansas	
city	Eudora	KS	Kansas	
city	Eureka	KS	Kansas	
city	Everest	KS	Kansas	
city	Fairview	KS	Kansas	
city	Fairway	KS	Kansas	
city	Fall River	KS	Kansas	
city	Florence	KS	Kansas	
city	Fontana	KS	Kansas	
city	Ford	KS	Kansas	
city	Formoso	KS	Kansas	
city	Fort Scott	KS	Kansas	
city	Fowler	KS	Kansas	
city	Frankfort	KS	Kansas	
city	Frederick	KS	Kansas	
city	Fredonia	KS	Kansas	
city	Frontenac	KS	Kansas	
city	Fulton	KS	Kansas	
city	Galatia	KS	Kansas	
city	Galena	KS	Kansas	
city	Galesburg	KS	Kansas	
city	Galva	KS	Kansas	
city	Garden City	KS	Kansas	
city	Garden Plain	KS	Kansas	
city	Gardner	KS	Kansas	
city	Garfield	KS	Kansas	
city	Garnett	KS	Kansas	
city	Gas	KS	Kansas	
city	Gaylord	KS	Kansas	
city	Gem	KS	Kansas	
city	Geneseo	KS	Kansas	
city	Geuda Springs	KS	Kansas	
city	Girard	KS	Kansas	
city	Glade	KS	Kansas	
city	Glasco	KS	Kansas	
city	Glen Elder	KS	Kansas	
city	Goddard	KS	Kansas	
city	Goessel	KS	Kansas	
city	Goff	KS	Kansas	
city	Goodland	KS	Kansas	
city	Gorham	KS	Kansas	
city	Gove City	KS	Kansas	
city	Grainfield	KS	Kansas	
city	Grandview Plaza	KS	Kansas	
city	Great Bend	KS	Kansas	
city	Greeley	KS	Kansas	
city	Green	KS	Kansas	
city	Greenleaf	KS	Kansas	
city	Greensburg	KS	Kansas	
city	Grenola	KS	Kansas	
city	Gridley	KS	Kansas	
city	Grinnell	KS	Kansas	
city	Gypsum	KS	Kansas	
city	Haddam	KS	Kansas	
city	Halstead	KS	Kansas	
city	Hamilton	KS	Kansas	
city	Hamlin	KS	Kansas	
city	Hanover	KS	Kansas	
city	Hanston	KS	Kansas	
city	Hardtner	KS	Kansas	
city	Harper	KS	Kansas	
city	Hartford	KS	Kansas	
city	Harveyville	KS	Kansas	
city	Havana	KS	Kansas	
city	Haven	KS	Kansas	
city	Havensville	KS	Kansas	
city	Haviland	KS	Kansas	
city	Hays	KS	Kansas	
city	Haysville	KS	Kansas	
city	Hazelton	KS	Kansas	
city	Hepler	KS	Kansas	
city	Herington	KS	Kansas	
city	Herndon	KS	Kansas	
city	Hesston	KS	Kansas	
city	Hiawatha	KS	Kansas	
city	Highland	KS	Kansas	
city	Hill City	KS	Kansas	
city	Hillsboro	KS	Kansas	
city	Hoisington	KS	Kansas	
city	Holcomb	KS	Kansas	
city	Hollenberg	KS	Kansas	
city	Holton	KS	Kansas	
city	Holyrood	KS	Kansas	
city	Hope	KS	Kansas	
city	Horace	KS	Kansas	
city	Horton	KS	Kansas	
city	Howard	KS	Kansas	
city	Hoxie	KS	Kansas	
city	Hoyt	KS	Kansas	
city	Hudson	KS	Kansas	
city	Hugoton	KS	Kansas	
city	Humboldt	KS	Kansas	
city	Hunnewell	KS	Kansas	
city	Hunter	KS	Kansas	
city	Huron	KS	Kansas	
city	Hutchinson	KS	Kansas	
city	Independence	KS	Kansas	
city	Ingalls	KS	Kansas	
city	Inman	KS	Kansas	
city	Iola	KS	Kansas	
city	Isabel	KS	Kansas	
city	Iuka	KS	Kansas	
city	Jamestown	KS	Kansas	
city	Jennings	KS	Kansas	
city	Jetmore	KS	Kansas	
city	Jewell	KS	Kansas	
city	Johnson City	KS	Kansas	
city	Junction City	KS	Kansas	
city	Kanopolis	KS	Kansas	
city	Kanorado	KS	Kansas	
city	Kansas City	KS	Kansas	
city	Kechi	KS	Kansas	
city	Kensington	KS	Kansas	
city	Kincaid	KS	Kansas	
city	Kingman	KS	Kansas	
city	Kinsley	KS	Kansas	
city	Kiowa	KS	Kansas	
city	Kirwin	KS	Kansas	
city	Kismet	KS	Kansas	
city	Labette	KS	Kansas	
city	La Crosse	KS	Kansas	
city	La Cygne	KS	Kansas	
city	La Harpe	KS	Kansas	
city	Lake Quivira	KS	Kansas	
city	Lakin	KS	Kansas	
city	Lancaster	KS	Kansas	
city	Lane	KS	Kansas	
city	Langdon	KS	Kansas	
city	Lansing	KS	Kansas	
city	Larned	KS	Kansas	
city	Latham	KS	Kansas	
city	Latimer	KS	Kansas	
city	Lawrence	KS	Kansas	
city	Leavenworth	KS	Kansas	
city	Leawood	KS	Kansas	
city	Lebanon	KS	Kansas	
city	Lebo	KS	Kansas	
city	Lecompton	KS	Kansas	
city	Lehigh	KS	Kansas	
city	Lenexa	KS	Kansas	
city	Lenora	KS	Kansas	
city	Leon	KS	Kansas	
city	Leona	KS	Kansas	
city	Leonardville	KS	Kansas	
city	Leoti	KS	Kansas	
city	LeRoy	KS	Kansas	
city	Lewis	KS	Kansas	
city	Liberal	KS	Kansas	
city	Liberty	KS	Kansas	
city	Liebenthal	KS	Kansas	
city	Lincoln Center	KS	Kansas	
city	Lincolnville	KS	Kansas	
city	Lindsborg	KS	Kansas	
city	Linn	KS	Kansas	
city	Linn Valley	KS	Kansas	
city	Linwood	KS	Kansas	
city	Little River	KS	Kansas	
city	Logan	KS	Kansas	
city	Lone Elm	KS	Kansas	
city	Longford	KS	Kansas	
city	Long Island	KS	Kansas	
city	Longton	KS	Kansas	
city	Lorraine	KS	Kansas	
city	Lost Springs	KS	Kansas	
city	Louisburg	KS	Kansas	
city	Louisville	KS	Kansas	
city	Lucas	KS	Kansas	
city	Luray	KS	Kansas	
city	Lyndon	KS	Kansas	
city	Lyons	KS	Kansas	
city	McCracken	KS	Kansas	
city	McCune	KS	Kansas	
city	McDonald	KS	Kansas	
city	McFarland	KS	Kansas	
city	Macksville	KS	Kansas	
city	McLouth	KS	Kansas	
city	McPherson	KS	Kansas	
city	Madison	KS	Kansas	
city	Mahaska	KS	Kansas	
city	Maize	KS	Kansas	
city	Manchester	KS	Kansas	
city	Manhattan	KS	Kansas	
city	Mankato	KS	Kansas	
city	Manter	KS	Kansas	
city	Maple Hill	KS	Kansas	
city	Mapleton	KS	Kansas	
city	Marion	KS	Kansas	
city	Marquette	KS	Kansas	
city	Marysville	KS	Kansas	
city	Matfield Green	KS	Kansas	
city	Mayetta	KS	Kansas	
city	Mayfield	KS	Kansas	
city	Meade	KS	Kansas	
city	Medicine Lodge	KS	Kansas	
city	Melvern	KS	Kansas	
city	Menlo	KS	Kansas	
city	Meriden	KS	Kansas	
city	Merriam	KS	Kansas	
city	Milan	KS	Kansas	
city	Milford	KS	Kansas	
city	Miltonvale	KS	Kansas	
city	Minneapolis	KS	Kansas	
city	Minneola	KS	Kansas	
city	Mission	KS	Kansas	
city	Mission Hills	KS	Kansas	
city	Mission Woods	KS	Kansas	
city	Moline	KS	Kansas	
city	Montezuma	KS	Kansas	
city	Moran	KS	Kansas	
city	Morganville	KS	Kansas	
city	Morland	KS	Kansas	
city	Morrill	KS	Kansas	
city	Morrowville	KS	Kansas	
city	Moscow	KS	Kansas	
city	Mound City	KS	Kansas	
city	Moundridge	KS	Kansas	
city	Mound Valley	KS	Kansas	
city	Mount Hope	KS	Kansas	
city	Mulberry	KS	Kansas	
city	Mullinville	KS	Kansas	
city	Mulvane	KS	Kansas	
city	Munden	KS	Kansas	
city	Muscotah	KS	Kansas	
city	Narka	KS	Kansas	
city	Nashville	KS	Kansas	
city	Natoma	KS	Kansas	
city	Neodesha	KS	Kansas	
city	Neosho Falls	KS	Kansas	
city	Neosho Rapids	KS	Kansas	
city	Ness City	KS	Kansas	
city	Netawaka	KS	Kansas	
city	New Albany	KS	Kansas	
city	New Cambria	KS	Kansas	
city	New Strawn	KS	Kansas	
city	Newton	KS	Kansas	
city	Nickerson	KS	Kansas	
city	Niotaze	KS	Kansas	
city	Norcatur	KS	Kansas	
city	North Newton	KS	Kansas	
city	Norton	KS	Kansas	
city	Nortonville	KS	Kansas	
city	Norwich	KS	Kansas	
city	Oak Hill	KS	Kansas	
city	Oakley	KS	Kansas	
city	Oberlin	KS	Kansas	
city	Offerle	KS	Kansas	
city	Ogden	KS	Kansas	
city	Oketo	KS	Kansas	
city	Olathe	KS	Kansas	
city	Olivet	KS	Kansas	
city	Olmitz	KS	Kansas	
city	Olpe	KS	Kansas	
city	Olsburg	KS	Kansas	
city	Onaga	KS	Kansas	
city	Oneida	KS	Kansas	
city	Osage City	KS	Kansas	
city	Osawatomie	KS	Kansas	
city	Osborne	KS	Kansas	
city	Oskaloosa	KS	Kansas	
city	Oswego	KS	Kansas	
city	Otis	KS	Kansas	
city	Ottawa	KS	Kansas	
city	Overbrook	KS	Kansas	
city	Overland Park	KS	Kansas	
city	Oxford	KS	Kansas	
city	Ozawkie	KS	Kansas	
city	Palco	KS	Kansas	
city	Palmer	KS	Kansas	
city	Paola	KS	Kansas	
city	Paradise	KS	Kansas	
city	Park	KS	Kansas	
city	Park City	KS	Kansas	
city	Parker	KS	Kansas	
city	Parkerfield	KS	Kansas	
city	Parkerville	KS	Kansas	
city	Parsons	KS	Kansas	
city	Partridge	KS	Kansas	
city	Pawnee Rock	KS	Kansas	
city	Paxico	KS	Kansas	
city	Peabody	KS	Kansas	
city	Penalosa	KS	Kansas	
city	Perry	KS	Kansas	
city	Peru	KS	Kansas	
city	Phillipsburg	KS	Kansas	
city	Pittsburg	KS	Kansas	
city	Plains	KS	Kansas	
city	Plainville	KS	Kansas	
city	Pleasanton	KS	Kansas	
city	Plevna	KS	Kansas	
city	Pomona	KS	Kansas	
city	Portis	KS	Kansas	
city	Potwin	KS	Kansas	
city	Powhattan	KS	Kansas	
city	Prairie View	KS	Kansas	
city	Prairie Village	KS	Kansas	
city	Pratt	KS	Kansas	
city	Prescott	KS	Kansas	
city	Preston	KS	Kansas	
city	Pretty Prairie	KS	Kansas	
city	Princeton	KS	Kansas	
city	Protection	KS	Kansas	
city	Quenemo	KS	Kansas	
city	Quinter	KS	Kansas	
city	Radium	KS	Kansas	
city	Ramona	KS	Kansas	
city	Randall	KS	Kansas	
city	Randolph	KS	Kansas	
city	Ransom	KS	Kansas	
city	Rantoul	KS	Kansas	
city	Raymond	KS	Kansas	
city	Reading	KS	Kansas	
city	Redfield	KS	Kansas	
city	Republic	KS	Kansas	
city	Reserve	KS	Kansas	
city	Rexford	KS	Kansas	
city	Richfield	KS	Kansas	
city	Richmond	KS	Kansas	
city	Riley	KS	Kansas	
city	Robinson	KS	Kansas	
city	Roeland Park	KS	Kansas	
city	Rolla	KS	Kansas	
city	Rose Hill	KS	Kansas	
city	Roseland	KS	Kansas	
city	Rossville	KS	Kansas	
city	Rozel	KS	Kansas	
city	Rush Center	KS	Kansas	
city	Russell	KS	Kansas	
city	Russell Springs	KS	Kansas	
city	Sabetha	KS	Kansas	
city	St. Francis	KS	Kansas	
city	St. George	KS	Kansas	
city	St. John	KS	Kansas	
city	St. Marys	KS	Kansas	
city	St. Paul	KS	Kansas	
city	Salina	KS	Kansas	
city	Satanta	KS	Kansas	
city	Savonburg	KS	Kansas	
city	Sawyer	KS	Kansas	
city	Scammon	KS	Kansas	
city	Scandia	KS	Kansas	
city	Schoenchen	KS	Kansas	
city	Scott City	KS	Kansas	
city	Scottsville	KS	Kansas	
city	Scranton	KS	Kansas	
city	Sedan	KS	Kansas	
city	Sedgwick	KS	Kansas	
city	Selden	KS	Kansas	
city	Seneca	KS	Kansas	
city	Severance	KS	Kansas	
city	Severy	KS	Kansas	
city	Seward	KS	Kansas	
city	Sharon	KS	Kansas	
city	Sharon Springs	KS	Kansas	
city	Shawnee	KS	Kansas	
city	Silver Lake	KS	Kansas	
city	Simpson	KS	Kansas	
city	Smith Center	KS	Kansas	
city	Smolan	KS	Kansas	
city	Soldier	KS	Kansas	
city	Solomon	KS	Kansas	
city	South Haven	KS	Kansas	
city	South Hutchinson	KS	Kansas	
city	Spearville	KS	Kansas	
city	Speed	KS	Kansas	
city	Spivey	KS	Kansas	
city	Spring Hill	KS	Kansas	
city	Stafford	KS	Kansas	
city	Stark	KS	Kansas	
city	Sterling	KS	Kansas	
city	Stockton	KS	Kansas	
city	Strong City	KS	Kansas	
city	Sublette	KS	Kansas	
city	Summerfield	KS	Kansas	
city	Sun City	KS	Kansas	
city	Susank	KS	Kansas	
city	Sylvan Grove	KS	Kansas	
city	Sylvia	KS	Kansas	
city	Syracuse	KS	Kansas	
city	Tampa	KS	Kansas	
city	Tescott	KS	Kansas	
city	Thayer	KS	Kansas	
city	The Highlands	KS	Kansas	
city	Timken	KS	Kansas	
city	Tipton	KS	Kansas	
city	Tonganoxie	KS	Kansas	
city	Topeka	KS	Kansas	
city	Toronto	KS	Kansas	
city	Towanda	KS	Kansas	
city	Troy	KS	Kansas	
city	Turon	KS	Kansas	
city	Tyro	KS	Kansas	
city	Udall	KS	Kansas	
city	Ulysses	KS	Kansas	
city	Uniontown	KS	Kansas	
city	Utica	KS	Kansas	
city	Valley Center	KS	Kansas	
city	Valley Falls	KS	Kansas	
city	Vermillion	KS	Kansas	
city	Victoria	KS	Kansas	
city	Vining	KS	Kansas	
city	Viola	KS	Kansas	
city	Virgil	KS	Kansas	
city	WaKeeney	KS	Kansas	
city	Wakefield	KS	Kansas	
city	Waldo	KS	Kansas	
city	Waldron	KS	Kansas	
city	Wallace	KS	Kansas	
city	Walnut	KS	Kansas	
city	Walton	KS	Kansas	
city	Wamego	KS	Kansas	
city	Washington	KS	Kansas	
city	Waterville	KS	Kansas	
city	Wathena	KS	Kansas	
city	Waverly	KS	Kansas	
city	Webber	KS	Kansas	
city	Weir	KS	Kansas	
city	Wellington	KS	Kansas	
city	Wellsville	KS	Kansas	
city	West Mineral	KS	Kansas	
city	Westmoreland	KS	Kansas	
city	Westphalia	KS	Kansas	
city	Westwood	KS	Kansas	
city	Westwood Hills	KS	Kansas	
city	Wetmore	KS	Kansas	
city	Wheaton	KS	Kansas	
city	White City	KS	Kansas	
city	White Cloud	KS	Kansas	
city	Whitewater	KS	Kansas	
city	Whiting	KS	Kansas	
city	Wichita	KS	Kansas	
city	Willard	KS	Kansas	
city	Williamsburg	KS	Kansas	
city	Willis	KS	Kansas	
city	Willowbrook	KS	Kansas	
city	Wilmore	KS	Kansas	
city	Wilsey	KS	Kansas	
city	Wilson	KS	Kansas	
city	Winchester	KS	Kansas	
city	Windom	KS	Kansas	
city	Winfield	KS	Kansas	
city	Winona	KS	Kansas	
city	Woodbine	KS	Kansas	
city	Woodston	KS	Kansas	
city	Yates Center	KS	Kansas	
city	Zenda	KS	Kansas	
city	Zurich	KS	Kansas	
city	Adairville	KY	Kentucky	
city	Albany	KY	Kentucky	
city	Alexandria	KY	Kentucky	
city	Allen	KY	Kentucky	
city	Anchorage	KY	Kentucky	
city	Arlington	KY	Kentucky	
city	Ashland	KY	Kentucky	
city	Auburn	KY	Kentucky	
city	Audubon Park	KY	Kentucky	
city	Augusta	KY	Kentucky	
city	Bancroft	KY	Kentucky	
city	Barbourmeade	KY	Kentucky	
city	Barbourville	KY	Kentucky	
city	Bardstown	KY	Kentucky	
city	Bardwell	KY	Kentucky	
city	Barlow	KY	Kentucky	
city	Beattyville	KY	Kentucky	
city	Beaver Dam	KY	Kentucky	
city	Bedford	KY	Kentucky	
city	Beechwood Village	KY	Kentucky	
city	Bellefonte	KY	Kentucky	
city	Bellemeade	KY	Kentucky	
city	Bellevue	KY	Kentucky	
city	Bellewood	KY	Kentucky	
city	Benham	KY	Kentucky	
city	Benton	KY	Kentucky	
city	Berea	KY	Kentucky	
city	Berry	KY	Kentucky	
city	Blaine	KY	Kentucky	
city	Blandville	KY	Kentucky	
city	Bloomfield	KY	Kentucky	
city	Blue Ridge Manor	KY	Kentucky	
city	Bonnieville	KY	Kentucky	
city	Booneville	KY	Kentucky	
city	Bowling Green	KY	Kentucky	
city	Bradfordsville	KY	Kentucky	
city	Brandenburg	KY	Kentucky	
city	Bremen	KY	Kentucky	
city	Briarwood	KY	Kentucky	
city	Brodhead	KY	Kentucky	
city	Broeck Pointe	KY	Kentucky	
city	Bromley	KY	Kentucky	
city	Brooksville	KY	Kentucky	
city	Brownsboro Farm	KY	Kentucky	
city	Brownsboro Village	KY	Kentucky	
city	Brownsville	KY	Kentucky	
city	Buckhorn	KY	Kentucky	
city	Burgin	KY	Kentucky	
city	Burkesville	KY	Kentucky	
city	Burnside	KY	Kentucky	
city	Butler	KY	Kentucky	
city	Cadiz	KY	Kentucky	
city	Calhoun	KY	Kentucky	
city	California	KY	Kentucky	
city	Calvert City	KY	Kentucky	
city	Camargo	KY	Kentucky	
city	Cambridge	KY	Kentucky	
city	Campbellsburg	KY	Kentucky	
city	Campbellsville	KY	Kentucky	
city	Campton	KY	Kentucky	
city	Caneyville	KY	Kentucky	
city	Carlisle	KY	Kentucky	
city	Carrollton	KY	Kentucky	
city	Carrsville	KY	Kentucky	
city	Catlettsburg	KY	Kentucky	
city	Cave City	KY	Kentucky	
city	Centertown	KY	Kentucky	
city	Central City	KY	Kentucky	
city	Clarkson	KY	Kentucky	
city	Clay	KY	Kentucky	
city	Clay City	KY	Kentucky	
city	Clinton	KY	Kentucky	
city	Cloverport	KY	Kentucky	
city	Coal Run Village	KY	Kentucky	
city	Cold Spring	KY	Kentucky	
city	Coldstream	KY	Kentucky	
city	Columbia	KY	Kentucky	
city	Columbus	KY	Kentucky	
city	Concord	KY	Kentucky	
city	Corbin	KY	Kentucky	
city	Corinth	KY	Kentucky	
city	Corydon	KY	Kentucky	
city	Covington	KY	Kentucky	
city	Crab Orchard	KY	Kentucky	
city	Creekside	KY	Kentucky	
city	Crescent Springs	KY	Kentucky	
city	Crestview	KY	Kentucky	
city	Crestview Hills	KY	Kentucky	
city	Crestwood	KY	Kentucky	
city	Crittenden	KY	Kentucky	
city	Crofton	KY	Kentucky	
city	Crossgate	KY	Kentucky	
city	Cumberland	KY	Kentucky	
city	Cynthiana	KY	Kentucky	
city	Danville	KY	Kentucky	
city	Dawson Springs	KY	Kentucky	
city	Dayton	KY	Kentucky	
city	Dixon	KY	Kentucky	
city	Douglass Hills	KY	Kentucky	
city	Dover	KY	Kentucky	
city	Drakesboro	KY	Kentucky	
city	Druid Hills	KY	Kentucky	
city	Dry Ridge	KY	Kentucky	
city	Earlington	KY	Kentucky	
city	Eddyville	KY	Kentucky	
city	Edgewood	KY	Kentucky	
city	Edmonton	KY	Kentucky	
city	Ekron	KY	Kentucky	
city	Elizabethtown	KY	Kentucky	
city	Elkhorn City	KY	Kentucky	
city	Elkton	KY	Kentucky	
city	Elsmere	KY	Kentucky	
city	Eminence	KY	Kentucky	
city	Erlanger	KY	Kentucky	
city	Eubank	KY	Kentucky	
city	Evarts	KY	Kentucky	
city	Ewing	KY	Kentucky	
city	Fairfield	KY	Kentucky	
city	Fairview	KY	Kentucky	
city	Falmouth	KY	Kentucky	
city	Ferguson	KY	Kentucky	
city	Fincastle	KY	Kentucky	
city	Flatwoods	KY	Kentucky	
city	Fleming-Neon	KY	Kentucky	
city	Flemingsburg	KY	Kentucky	
city	Florence	KY	Kentucky	
city	Fordsville	KY	Kentucky	
city	Forest Hills	KY	Kentucky	
city	Fort Mitchell	KY	Kentucky	
city	Fort Thomas	KY	Kentucky	
city	Fort Wright	KY	Kentucky	
city	Fountain Run	KY	Kentucky	
city	Fox Chase	KY	Kentucky	
city	Frankfort	KY	Kentucky	
city	Franklin	KY	Kentucky	
city	Fredonia	KY	Kentucky	
city	Frenchburg	KY	Kentucky	
city	Fulton	KY	Kentucky	
city	Gamaliel	KY	Kentucky	
city	Georgetown	KY	Kentucky	
city	Germantown	KY	Kentucky	
city	Ghent	KY	Kentucky	
city	Glasgow	KY	Kentucky	
city	Glencoe	KY	Kentucky	
city	Glenview	KY	Kentucky	
city	Glenview Hills	KY	Kentucky	
city	Glenview Manor	KY	Kentucky	
city	Goose Creek	KY	Kentucky	
city	Goshen	KY	Kentucky	
city	Grand Rivers	KY	Kentucky	
city	Gratz	KY	Kentucky	
city	Graymoor-Devondale	KY	Kentucky	
city	Grayson	KY	Kentucky	
city	Greensburg	KY	Kentucky	
city	Green Spring	KY	Kentucky	
city	Greenup	KY	Kentucky	
city	Greenville	KY	Kentucky	
city	Guthrie	KY	Kentucky	
city	Hanson	KY	Kentucky	
city	Hardin	KY	Kentucky	
city	Hardinsburg	KY	Kentucky	
city	Harlan	KY	Kentucky	
city	Harrodsburg	KY	Kentucky	
city	Hartford	KY	Kentucky	
city	Hawesville	KY	Kentucky	
city	Hazard	KY	Kentucky	
city	Hazel	KY	Kentucky	
city	Hebron Estates	KY	Kentucky	
city	Henderson	KY	Kentucky	
city	Heritage Creek	KY	Kentucky	
city	Hickman	KY	Kentucky	
city	Hickory Hill	KY	Kentucky	
city	Highland Heights	KY	Kentucky	
city	Hills and Dales	KY	Kentucky	
city	Hillview	KY	Kentucky	
city	Hindman	KY	Kentucky	
city	Hodgenville	KY	Kentucky	
city	Hollow Creek	KY	Kentucky	
city	Hollyvilla	KY	Kentucky	
city	Hopkinsville	KY	Kentucky	
city	Horse Cave	KY	Kentucky	
city	Houston Acres	KY	Kentucky	
city	Hunters Hollow	KY	Kentucky	
city	Hurstbourne	KY	Kentucky	
city	Hurstbourne Acres	KY	Kentucky	
city	Hustonville	KY	Kentucky	
city	Hyden	KY	Kentucky	
city	Independence	KY	Kentucky	
city	Indian Hills	KY	Kentucky	
city	Inez	KY	Kentucky	
city	Irvine	KY	Kentucky	
city	Irvington	KY	Kentucky	
city	Island	KY	Kentucky	
city	Jackson	KY	Kentucky	
city	Jamestown	KY	Kentucky	
city	Jeffersontown	KY	Kentucky	
city	Jeffersonville	KY	Kentucky	
city	Jenkins	KY	Kentucky	
city	Junction City	KY	Kentucky	
city	Keene	KY	Kentucky	
city	Kenton Vale	KY	Kentucky	
city	Kevil	KY	Kentucky	
city	Kingsley	KY	Kentucky	
city	Kuttawa	KY	Kentucky	
city	La Center	KY	Kentucky	
city	LaFayette	KY	Kentucky	
city	La Grange	KY	Kentucky	
city	Lakeside Park	KY	Kentucky	
city	Lakeview Heights	KY	Kentucky	
city	Lancaster	KY	Kentucky	
city	Langdon Place	KY	Kentucky	
city	Lawrenceburg	KY	Kentucky	
city	Lebanon	KY	Kentucky	
city	Lebanon Junction	KY	Kentucky	
city	Leitchfield	KY	Kentucky	
city	Lewisburg	KY	Kentucky	
city	Lewisport	KY	Kentucky	
city	Lexington-Fayette urban county	KY	Kentucky	
city	Liberty	KY	Kentucky	
city	Lincolnshire	KY	Kentucky	
city	Livermore	KY	Kentucky	
city	Livingston	KY	Kentucky	
city	London	KY	Kentucky	
city	Loretto	KY	Kentucky	
city	Louisa	KY	Kentucky	
city	Loyall	KY	Kentucky	
city	Ludlow	KY	Kentucky	
city	Lynch	KY	Kentucky	
city	Lyndon	KY	Kentucky	
city	Lynnview	KY	Kentucky	
city	McHenry	KY	Kentucky	
city	McKee	KY	Kentucky	
city	Mackville	KY	Kentucky	
city	Madisonville	KY	Kentucky	
city	Manchester	KY	Kentucky	
city	Manor Creek	KY	Kentucky	
city	Marion	KY	Kentucky	
city	Martin	KY	Kentucky	
city	Maryhill Estates	KY	Kentucky	
city	Mayfield	KY	Kentucky	
city	Maysville	KY	Kentucky	
city	Meadowbrook Farm	KY	Kentucky	
city	Meadow Vale	KY	Kentucky	
city	Meadowview Estates	KY	Kentucky	
city	Melbourne	KY	Kentucky	
city	Mentor	KY	Kentucky	
city	Middlesborough	KY	Kentucky	
city	Middletown	KY	Kentucky	
city	Midway	KY	Kentucky	
city	Millersburg	KY	Kentucky	
city	Milton	KY	Kentucky	
city	Mockingbird Valley	KY	Kentucky	
city	Monterey	KY	Kentucky	
city	Monticello	KY	Kentucky	
city	Moorland	KY	Kentucky	
city	Morehead	KY	Kentucky	
city	Morganfield	KY	Kentucky	
city	Morgantown	KY	Kentucky	
city	Mortons Gap	KY	Kentucky	
city	Mount Olivet	KY	Kentucky	
city	Mount Sterling	KY	Kentucky	
city	Mount Vernon	KY	Kentucky	
city	Mount Washington	KY	Kentucky	
city	Muldraugh	KY	Kentucky	
city	Munfordville	KY	Kentucky	
city	Murray	KY	Kentucky	
city	Murray Hill	KY	Kentucky	
city	Nebo	KY	Kentucky	
city	New Castle	KY	Kentucky	
city	New Haven	KY	Kentucky	
city	Newport	KY	Kentucky	
city	Nicholasville	KY	Kentucky	
city	Norbourne Estates	KY	Kentucky	
city	Northfield	KY	Kentucky	
city	North Middletown	KY	Kentucky	
city	Nortonville	KY	Kentucky	
city	Norwood	KY	Kentucky	
city	Oak Grove	KY	Kentucky	
city	Oakland	KY	Kentucky	
city	Old Brownsboro Place	KY	Kentucky	
city	Olive Hill	KY	Kentucky	
city	Orchard Grass Hills	KY	Kentucky	
city	Owensboro	KY	Kentucky	
city	Owenton	KY	Kentucky	
city	Owingsville	KY	Kentucky	
city	Paducah	KY	Kentucky	
city	Paintsville	KY	Kentucky	
city	Paris	KY	Kentucky	
city	Park City	KY	Kentucky	
city	Park Hills	KY	Kentucky	
city	Parkway Village	KY	Kentucky	
city	Pembroke	KY	Kentucky	
city	Perryville	KY	Kentucky	
city	Pewee Valley	KY	Kentucky	
city	Pikeville	KY	Kentucky	
city	Pineville	KY	Kentucky	
city	Pioneer Village	KY	Kentucky	
city	Pippa Passes	KY	Kentucky	
city	Plantation	KY	Kentucky	
city	Pleasureville	KY	Kentucky	
city	Plum Springs	KY	Kentucky	
city	Poplar Hills	KY	Kentucky	
city	Powderly	KY	Kentucky	
city	Prestonsburg	KY	Kentucky	
city	Prestonville	KY	Kentucky	
city	Princeton	KY	Kentucky	
city	Prospect	KY	Kentucky	
city	Providence	KY	Kentucky	
city	Raceland	KY	Kentucky	
city	Radcliff	KY	Kentucky	
city	Ravenna	KY	Kentucky	
city	Raywick	KY	Kentucky	
city	Richlawn	KY	Kentucky	
city	Richmond	KY	Kentucky	
city	River Bluff	KY	Kentucky	
city	Riverwood	KY	Kentucky	
city	Robards	KY	Kentucky	
city	Rochester	KY	Kentucky	
city	Rockport	KY	Kentucky	
city	Rolling Fields	KY	Kentucky	
city	Rolling Hills	KY	Kentucky	
city	Russell	KY	Kentucky	
city	Russell Springs	KY	Kentucky	
city	Russellville	KY	Kentucky	
city	Ryland Heights	KY	Kentucky	
city	Sacramento	KY	Kentucky	
city	Sadieville	KY	Kentucky	
city	St. Charles	KY	Kentucky	
city	St. Mary	KY	Kentucky	
city	St. Matthews	KY	Kentucky	
city	St. Regis Park	KY	Kentucky	
city	Salem	KY	Kentucky	
city	Salt Lick	KY	Kentucky	
city	Salyersville	KY	Kentucky	
city	Sanders	KY	Kentucky	
city	Sandy Hook	KY	Kentucky	
city	Sardis	KY	Kentucky	
city	Science Hill	KY	Kentucky	
city	Scottsville	KY	Kentucky	
city	Sebree	KY	Kentucky	
city	Seneca Gardens	KY	Kentucky	
city	Sharpsburg	KY	Kentucky	
city	Shelbyville	KY	Kentucky	
city	Shepherdsville	KY	Kentucky	
city	Shively	KY	Kentucky	
city	Silver Grove	KY	Kentucky	
city	Simpsonville	KY	Kentucky	
city	Slaughters	KY	Kentucky	
city	Smithfield	KY	Kentucky	
city	Smithland	KY	Kentucky	
city	Smiths Grove	KY	Kentucky	
city	Somerset	KY	Kentucky	
city	Sonora	KY	Kentucky	
city	South Carrollton	KY	Kentucky	
city	Southgate	KY	Kentucky	
city	South Park View	KY	Kentucky	
city	South Shore	KY	Kentucky	
city	Sparta	KY	Kentucky	
city	Springfield	KY	Kentucky	
city	Spring Mill	KY	Kentucky	
city	Spring Valley	KY	Kentucky	
city	Stamping Ground	KY	Kentucky	
city	Stanford	KY	Kentucky	
city	Stanton	KY	Kentucky	
city	Strathmoor Manor	KY	Kentucky	
city	Strathmoor Village	KY	Kentucky	
city	Sturgis	KY	Kentucky	
city	Sycamore	KY	Kentucky	
city	Taylor Mill	KY	Kentucky	
city	Taylorsville	KY	Kentucky	
city	Ten Broeck	KY	Kentucky	
city	Thornhill	KY	Kentucky	
city	Tompkinsville	KY	Kentucky	
city	Trenton	KY	Kentucky	
city	Union	KY	Kentucky	
city	Uniontown	KY	Kentucky	
city	Upton	KY	Kentucky	
city	Vanceburg	KY	Kentucky	
city	Versailles	KY	Kentucky	
city	Vicco	KY	Kentucky	
city	Villa Hills	KY	Kentucky	
city	Vine Grove	KY	Kentucky	
city	Walton	KY	Kentucky	
city	Warfield	KY	Kentucky	
city	Warsaw	KY	Kentucky	
city	Watterson Park	KY	Kentucky	
city	Waverly	KY	Kentucky	
city	Wayland	KY	Kentucky	
city	Wellington	KY	Kentucky	
city	West Buechel	KY	Kentucky	
city	West Liberty	KY	Kentucky	
city	West Point	KY	Kentucky	
city	Westwood	KY	Kentucky	
city	Wheatcroft	KY	Kentucky	
city	Wheelwright	KY	Kentucky	
city	White Plains	KY	Kentucky	
city	Whitesburg	KY	Kentucky	
city	Whitesville	KY	Kentucky	
city	Wickliffe	KY	Kentucky	
city	Wilder	KY	Kentucky	
city	Wildwood	KY	Kentucky	
city	Williamsburg	KY	Kentucky	
city	Williamstown	KY	Kentucky	
city	Willisburg	KY	Kentucky	
city	Wilmore	KY	Kentucky	
city	Winchester	KY	Kentucky	
city	Windy Hills	KY	Kentucky	
city	Wingo	KY	Kentucky	
city	Woodburn	KY	Kentucky	
city	Woodbury	KY	Kentucky	
city	Woodland Hills	KY	Kentucky	
city	Woodlawn	KY	Kentucky	
city	Woodlawn Park	KY	Kentucky	
city	Worthington	KY	Kentucky	
city	Worthington Hills	KY	Kentucky	
city	Worthville	KY	Kentucky	
city	Wurtland	KY	Kentucky	
city	Abbeville	LA	Louisiana	
city	Abita Springs	LA	Louisiana	
city	Addis	LA	Louisiana	
city	Albany	LA	Louisiana	
city	Alexandria	LA	Louisiana	
city	Amite City	LA	Louisiana	
city	Anacoco	LA	Louisiana	
city	Angie	LA	Louisiana	
city	Arcadia	LA	Louisiana	
city	Arnaudville	LA	Louisiana	
city	Ashland	LA	Louisiana	
city	Athens	LA	Louisiana	
city	Atlanta	LA	Louisiana	
city	Baker	LA	Louisiana	
city	Baldwin	LA	Louisiana	
city	Ball	LA	Louisiana	
city	Basile	LA	Louisiana	
city	Baskin	LA	Louisiana	
city	Bastrop	LA	Louisiana	
city	Belcher	LA	Louisiana	
city	Benton	LA	Louisiana	
city	Bernice	LA	Louisiana	
city	Berwick	LA	Louisiana	
city	Bienville	LA	Louisiana	
city	Blanchard	LA	Louisiana	
city	Bogalusa	LA	Louisiana	
city	Bonita	LA	Louisiana	
city	Bossier City	LA	Louisiana	
city	Boyce	LA	Louisiana	
city	Breaux Bridge	LA	Louisiana	
city	Broussard	LA	Louisiana	
city	Brusly	LA	Louisiana	
city	Bryceland	LA	Louisiana	
city	Bunkie	LA	Louisiana	
city	Calvin	LA	Louisiana	
city	Campti	LA	Louisiana	
city	Cankton	LA	Louisiana	
city	Carencro	LA	Louisiana	
city	Castor	LA	Louisiana	
city	Central	LA	Louisiana	
city	Chataignier	LA	Louisiana	
city	Chatham	LA	Louisiana	
city	Cheneyville	LA	Louisiana	
city	Choudrant	LA	Louisiana	
city	Church Point	LA	Louisiana	
city	Clarence	LA	Louisiana	
city	Clarks	LA	Louisiana	
city	Clayton	LA	Louisiana	
city	Clinton	LA	Louisiana	
city	Colfax	LA	Louisiana	
city	Collinston	LA	Louisiana	
city	Columbia	LA	Louisiana	
city	Converse	LA	Louisiana	
city	Cottonport	LA	Louisiana	
city	Cotton Valley	LA	Louisiana	
city	Coushatta	LA	Louisiana	
city	Covington	LA	Louisiana	
city	Creola	LA	Louisiana	
city	Crowley	LA	Louisiana	
city	Cullen	LA	Louisiana	
city	Delcambre	LA	Louisiana	
city	Delhi	LA	Louisiana	
city	Delta	LA	Louisiana	
city	Denham Springs	LA	Louisiana	
city	DeQuincy	LA	Louisiana	
city	DeRidder	LA	Louisiana	
city	Dixie Inn	LA	Louisiana	
city	Dodson	LA	Louisiana	
city	Donaldsonville	LA	Louisiana	
city	Downsville	LA	Louisiana	
city	Doyline	LA	Louisiana	
city	Dry Prong	LA	Louisiana	
city	Dubach	LA	Louisiana	
city	Dubberly	LA	Louisiana	
city	Duson	LA	Louisiana	
city	East Hodge	LA	Louisiana	
city	Edgefield	LA	Louisiana	
city	Elizabeth	LA	Louisiana	
city	Elton	LA	Louisiana	
city	Epps	LA	Louisiana	
city	Erath	LA	Louisiana	
city	Eros	LA	Louisiana	
city	Estherwood	LA	Louisiana	
city	Eunice	LA	Louisiana	
city	Evergreen	LA	Louisiana	
city	Farmerville	LA	Louisiana	
city	Fenton	LA	Louisiana	
city	Ferriday	LA	Louisiana	
city	Fisher	LA	Louisiana	
city	Florien	LA	Louisiana	
city	Folsom	LA	Louisiana	
city	Fordoche	LA	Louisiana	
city	Forest	LA	Louisiana	
city	Forest Hill	LA	Louisiana	
city	Franklin	LA	Louisiana	
city	Franklinton	LA	Louisiana	
city	French Settlement	LA	Louisiana	
city	Georgetown	LA	Louisiana	
city	Gibsland	LA	Louisiana	
city	Gilbert	LA	Louisiana	
city	Gilliam	LA	Louisiana	
city	Glenmora	LA	Louisiana	
city	Golden Meadow	LA	Louisiana	
city	Goldonna	LA	Louisiana	
city	Gonzales	LA	Louisiana	
city	Grambling	LA	Louisiana	
city	Gramercy	LA	Louisiana	
city	Grand Cane	LA	Louisiana	
city	Grand Coteau	LA	Louisiana	
city	Grand Isle	LA	Louisiana	
city	Grayson	LA	Louisiana	
city	Greensburg	LA	Louisiana	
city	Greenwood	LA	Louisiana	
city	Gretna	LA	Louisiana	
city	Grosse Tete	LA	Louisiana	
city	Gueydan	LA	Louisiana	
city	Hall Summit	LA	Louisiana	
city	Hammond	LA	Louisiana	
city	Harahan	LA	Louisiana	
city	Harrisonburg	LA	Louisiana	
city	Haughton	LA	Louisiana	
city	Haynesville	LA	Louisiana	
city	Heflin	LA	Louisiana	
city	Henderson	LA	Louisiana	
city	Hessmer	LA	Louisiana	
city	Hodge	LA	Louisiana	
city	Homer	LA	Louisiana	
city	Hornbeck	LA	Louisiana	
city	Hosston	LA	Louisiana	
city	Ida	LA	Louisiana	
city	Independence	LA	Louisiana	
city	Iota	LA	Louisiana	
city	Iowa	LA	Louisiana	
city	Jackson	LA	Louisiana	
city	Jamestown	LA	Louisiana	
city	Jeanerette	LA	Louisiana	
city	Jean Lafitte	LA	Louisiana	
city	Jena	LA	Louisiana	
city	Jennings	LA	Louisiana	
city	Jonesboro	LA	Louisiana	
city	Jonesville	LA	Louisiana	
city	Junction City	LA	Louisiana	
city	Kaplan	LA	Louisiana	
city	Keachi	LA	Louisiana	
city	Kenner	LA	Louisiana	
city	Kentwood	LA	Louisiana	
city	Kilbourne	LA	Louisiana	
city	Killian	LA	Louisiana	
city	Kinder	LA	Louisiana	
city	Krotz Springs	LA	Louisiana	
city	Lake Arthur	LA	Louisiana	
city	Lake Charles	LA	Louisiana	
city	Lake Providence	LA	Louisiana	
city	Lecompte	LA	Louisiana	
city	Leesville	LA	Louisiana	
city	Leonville	LA	Louisiana	
city	Lillie	LA	Louisiana	
city	Lisbon	LA	Louisiana	
city	Livingston	LA	Louisiana	
city	Livonia	LA	Louisiana	
city	Lockport	LA	Louisiana	
city	Logansport	LA	Louisiana	
city	Longstreet	LA	Louisiana	
city	Loreauville	LA	Louisiana	
city	Lucky	LA	Louisiana	
city	Lutcher	LA	Louisiana	
city	McNary	LA	Louisiana	
city	Madisonville	LA	Louisiana	
city	Mamou	LA	Louisiana	
city	Mandeville	LA	Louisiana	
city	Mangham	LA	Louisiana	
city	Mansfield	LA	Louisiana	
city	Mansura	LA	Louisiana	
city	Many	LA	Louisiana	
city	Maringouin	LA	Louisiana	
city	Marion	LA	Louisiana	
city	Marksville	LA	Louisiana	
city	Martin	LA	Louisiana	
city	Maurice	LA	Louisiana	
city	Melville	LA	Louisiana	
city	Mermentau	LA	Louisiana	
city	Mer Rouge	LA	Louisiana	
city	Merryville	LA	Louisiana	
city	Minden	LA	Louisiana	
city	Monroe	LA	Louisiana	
city	Montgomery	LA	Louisiana	
city	Montpelier	LA	Louisiana	
city	Mooringsport	LA	Louisiana	
city	Moreauville	LA	Louisiana	
city	Morgan City	LA	Louisiana	
city	Morganza	LA	Louisiana	
city	Morse	LA	Louisiana	
city	Mound	LA	Louisiana	
city	Mount Lebanon	LA	Louisiana	
city	Napoleonville	LA	Louisiana	
city	Natchez	LA	Louisiana	
city	Natchitoches	LA	Louisiana	
city	Newellton	LA	Louisiana	
city	New Iberia	LA	Louisiana	
city	New Llano	LA	Louisiana	
city	New Orleans	LA	Louisiana	
city	New Roads	LA	Louisiana	
city	Noble	LA	Louisiana	
city	North Hodge	LA	Louisiana	
city	Norwood	LA	Louisiana	
city	Oakdale	LA	Louisiana	
city	Oak Grove	LA	Louisiana	
city	Oak Ridge	LA	Louisiana	
city	Oberlin	LA	Louisiana	
city	Oil City	LA	Louisiana	
city	Olla	LA	Louisiana	
city	Opelousas	LA	Louisiana	
city	Palmetto	LA	Louisiana	
city	Parks	LA	Louisiana	
city	Patterson	LA	Louisiana	
city	Pearl River	LA	Louisiana	
city	Pine Prairie	LA	Louisiana	
city	Pineville	LA	Louisiana	
city	Pioneer	LA	Louisiana	
city	Plain Dealing	LA	Louisiana	
city	Plaquemine	LA	Louisiana	
city	Plaucheville	LA	Louisiana	
city	Pleasant Hill	LA	Louisiana	
city	Pollock	LA	Louisiana	
city	Ponchatoula	LA	Louisiana	
city	Port Allen	LA	Louisiana	
city	Port Barre	LA	Louisiana	
city	Port Vincent	LA	Louisiana	
city	Powhatan	LA	Louisiana	
city	Provencal	LA	Louisiana	
city	Quitman	LA	Louisiana	
city	Rayne	LA	Louisiana	
city	Rayville	LA	Louisiana	
city	Reeves	LA	Louisiana	
city	Richmond	LA	Louisiana	
city	Richwood	LA	Louisiana	
city	Ridgecrest	LA	Louisiana	
city	Ringgold	LA	Louisiana	
city	Robeline	LA	Louisiana	
city	Rodessa	LA	Louisiana	
city	Rosedale	LA	Louisiana	
city	Roseland	LA	Louisiana	
city	Rosepine	LA	Louisiana	
city	Ruston	LA	Louisiana	
city	St. Francisville	LA	Louisiana	
city	St. Gabriel	LA	Louisiana	
city	St. Joseph	LA	Louisiana	
city	St. Martinville	LA	Louisiana	
city	Saline	LA	Louisiana	
city	Sarepta	LA	Louisiana	
city	Scott	LA	Louisiana	
city	Shongaloo	LA	Louisiana	
city	Shreveport	LA	Louisiana	
city	Sibley	LA	Louisiana	
city	Sicily Island	LA	Louisiana	
city	Sikes	LA	Louisiana	
city	Simmesport	LA	Louisiana	
city	Simpson	LA	Louisiana	
city	Simsboro	LA	Louisiana	
city	Slaughter	LA	Louisiana	
city	Slidell	LA	Louisiana	
city	Sorrento	LA	Louisiana	
city	South Mansfield	LA	Louisiana	
city	Spearsville	LA	Louisiana	
city	Springfield	LA	Louisiana	
city	Springhill	LA	Louisiana	
city	Stanley	LA	Louisiana	
city	Sterlington	LA	Louisiana	
city	Stonewall	LA	Louisiana	
city	Sulphur	LA	Louisiana	
city	Sun	LA	Louisiana	
city	Sunset	LA	Louisiana	
city	Tallulah	LA	Louisiana	
city	Tangipahoa	LA	Louisiana	
city	Thibodaux	LA	Louisiana	
city	Tickfaw	LA	Louisiana	
city	Tullos	LA	Louisiana	
city	Turkey Creek	LA	Louisiana	
city	Urania	LA	Louisiana	
city	Varnado	LA	Louisiana	
city	Vidalia	LA	Louisiana	
city	Vienna	LA	Louisiana	
city	Ville Platte	LA	Louisiana	
city	Vinton	LA	Louisiana	
city	Vivian	LA	Louisiana	
city	Walker	LA	Louisiana	
city	Washington	LA	Louisiana	
city	Waterproof	LA	Louisiana	
city	Welsh	LA	Louisiana	
city	Westlake	LA	Louisiana	
city	West Monroe	LA	Louisiana	
city	Westwego	LA	Louisiana	
city	White Castle	LA	Louisiana	
city	Wilson	LA	Louisiana	
city	Winnfield	LA	Louisiana	
city	Winnsboro	LA	Louisiana	
city	Wisner	LA	Louisiana	
city	Woodworth	LA	Louisiana	
city	Youngsville	LA	Louisiana	
city	Zachary	LA	Louisiana	
city	Zwolle	LA	Louisiana	
city	Auburn	ME	Maine	
city	Augusta	ME	Maine	
city	Bangor	ME	Maine	
city	Bath	ME	Maine	
city	Belfast	ME	Maine	
city	Biddeford	ME	Maine	
city	Brewer	ME	Maine	
city	Calais	ME	Maine	
city	Caribou	ME	Maine	
city	Eastport	ME	Maine	
city	Ellsworth	ME	Maine	
city	Gardiner	ME	Maine	
city	Hallowell	ME	Maine	
city	Lewiston	ME	Maine	
city	Old Town	ME	Maine	
city	Portland	ME	Maine	
city	Presque Isle	ME	Maine	
city	Rockland	ME	Maine	
city	Saco	ME	Maine	
city	Sanford	ME	Maine	
city	South Portland	ME	Maine	
city	Waterville	ME	Maine	
city	Westbrook	ME	Maine	
city	Aberdeen	MD	Maryland	
city	Accident	MD	Maryland	
city	Annapolis	MD	Maryland	
city	Baltimore	MD	Maryland	
city	Barclay	MD	Maryland	
city	Barnesville	MD	Maryland	
city	Barton	MD	Maryland	
city	Bel Air	MD	Maryland	
city	Berlin	MD	Maryland	
city	Berwyn Heights	MD	Maryland	
city	Betterton	MD	Maryland	
city	Bladensburg	MD	Maryland	
city	Boonsboro	MD	Maryland	
city	Bowie	MD	Maryland	
city	Brentwood	MD	Maryland	
city	Brookeville	MD	Maryland	
city	Brookview	MD	Maryland	
city	Brunswick	MD	Maryland	
city	Burkittsville	MD	Maryland	
city	Cambridge	MD	Maryland	
city	Capitol Heights	MD	Maryland	
city	Cecilton	MD	Maryland	
city	Centreville	MD	Maryland	
city	Charlestown	MD	Maryland	
city	Chesapeake Beach	MD	Maryland	
city	Chesapeake City	MD	Maryland	
city	Chestertown	MD	Maryland	
city	Cheverly	MD	Maryland	
city	Chevy Chase	MD	Maryland	
city	Chevy Chase Section Five	MD	Maryland	
city	Chevy Chase Section Three	MD	Maryland	
city	Chevy Chase View	MD	Maryland	
city	Chevy Chase Village	MD	Maryland	
city	Church Creek	MD	Maryland	
city	Church Hill	MD	Maryland	
city	Clear Spring	MD	Maryland	
city	College Park	MD	Maryland	
city	Colmar Manor	MD	Maryland	
city	Cottage City	MD	Maryland	
city	Crisfield	MD	Maryland	
city	Cumberland	MD	Maryland	
city	Deer Park	MD	Maryland	
city	Delmar	MD	Maryland	
city	Denton	MD	Maryland	
city	District Heights	MD	Maryland	
city	Eagle Harbor	MD	Maryland	
city	East New Market	MD	Maryland	
city	Easton	MD	Maryland	
city	Edmonston	MD	Maryland	
city	Eldorado	MD	Maryland	
city	Elkton	MD	Maryland	
city	Emmitsburg	MD	Maryland	
city	Fairmount Heights	MD	Maryland	
city	Federalsburg	MD	Maryland	
city	Forest Heights	MD	Maryland	
city	Frederick	MD	Maryland	
city	Friendsville	MD	Maryland	
city	Frostburg	MD	Maryland	
city	Fruitland	MD	Maryland	
city	Funkstown	MD	Maryland	
city	Gaithersburg	MD	Maryland	
city	Galena	MD	Maryland	
city	Galestown	MD	Maryland	
city	Garrett Park	MD	Maryland	
city	Glenarden	MD	Maryland	
city	Glen Echo	MD	Maryland	
city	Goldsboro	MD	Maryland	
city	Grantsville	MD	Maryland	
city	Greenbelt	MD	Maryland	
city	Greensboro	MD	Maryland	
city	Hagerstown	MD	Maryland	
city	Hampstead	MD	Maryland	
city	Hancock	MD	Maryland	
city	Havre de Grace	MD	Maryland	
city	Hebron	MD	Maryland	
city	Henderson	MD	Maryland	
city	Highland Beach	MD	Maryland	
city	Hillsboro	MD	Maryland	
city	Hurlock	MD	Maryland	
city	Hyattsville	MD	Maryland	
city	Indian Head	MD	Maryland	
city	Keedysville	MD	Maryland	
city	Kensington	MD	Maryland	
city	Kitzmiller	MD	Maryland	
city	Landover Hills	MD	Maryland	
city	La Plata	MD	Maryland	
city	Laurel	MD	Maryland	
city	Laytonsville	MD	Maryland	
city	Leonardtown	MD	Maryland	
city	Loch Lynn Heights	MD	Maryland	
city	Lonaconing	MD	Maryland	
city	Luke	MD	Maryland	
city	Manchester	MD	Maryland	
city	Mardela Springs	MD	Maryland	
city	Martin's Additions	MD	Maryland	
city	Marydel	MD	Maryland	
city	Middletown	MD	Maryland	
city	Midland	MD	Maryland	
city	Millington	MD	Maryland	
city	Morningside	MD	Maryland	
city	Mountain Lake Park	MD	Maryland	
city	Mount Airy	MD	Maryland	
city	Mount Rainier	MD	Maryland	
city	Myersville	MD	Maryland	
city	New Carrollton	MD	Maryland	
city	New Market	MD	Maryland	
city	New Windsor	MD	Maryland	
city	North Beach	MD	Maryland	
city	North Brentwood	MD	Maryland	
city	North Chevy Chase	MD	Maryland	
city	North East	MD	Maryland	
city	Oakland	MD	Maryland	
city	Ocean City	MD	Maryland	
city	Oxford	MD	Maryland	
city	Perryville	MD	Maryland	
city	Pittsville	MD	Maryland	
city	Pocomoke City	MD	Maryland	
city	Poolesville	MD	Maryland	
city	Port Deposit	MD	Maryland	
city	Port Tobacco Village	MD	Maryland	
city	Preston	MD	Maryland	
city	Princess Anne	MD	Maryland	
city	Queen Anne	MD	Maryland	
city	Queenstown	MD	Maryland	
city	Ridgely	MD	Maryland	
city	Rising Sun	MD	Maryland	
city	Riverdale Park	MD	Maryland	
city	Rock Hall	MD	Maryland	
city	Rockville	MD	Maryland	
city	Rosemont	MD	Maryland	
city	St. Michaels	MD	Maryland	
city	Salisbury	MD	Maryland	
city	Seat Pleasant	MD	Maryland	
city	Secretary	MD	Maryland	
city	Sharpsburg	MD	Maryland	
city	Sharptown	MD	Maryland	
city	Smithsburg	MD	Maryland	
city	Snow Hill	MD	Maryland	
city	Somerset	MD	Maryland	
city	Sudlersville	MD	Maryland	
city	Sykesville	MD	Maryland	
city	Takoma Park	MD	Maryland	
city	Taneytown	MD	Maryland	
city	Templeville	MD	Maryland	
city	Thurmont	MD	Maryland	
city	Trappe	MD	Maryland	
city	Union Bridge	MD	Maryland	
city	University Park	MD	Maryland	
city	Upper Marlboro	MD	Maryland	
city	Vienna	MD	Maryland	
city	Walkersville	MD	Maryland	
city	Washington Grove	MD	Maryland	
city	Westernport	MD	Maryland	
city	Westminster	MD	Maryland	
city	Willards	MD	Maryland	
city	Williamsport	MD	Maryland	
city	Woodsboro	MD	Maryland	
city	Agawam Town	MA	Massachusetts	
city	Amesbury Town	MA	Massachusetts	
city	Amherst Town	MA	Massachusetts	
city	Attleboro	MA	Massachusetts	
city	Barnstable Town	MA	Massachusetts	
city	Beverly	MA	Massachusetts	
city	Boston	MA	Massachusetts	
city	Braintree Town	MA	Massachusetts	
city	Bridgewater Town	MA	Massachusetts	
city	Brockton	MA	Massachusetts	
city	Cambridge	MA	Massachusetts	
city	Chelsea	MA	Massachusetts	
city	Chicopee	MA	Massachusetts	
city	Easthampton Town	MA	Massachusetts	
city	Everett	MA	Massachusetts	
city	Fall River	MA	Massachusetts	
city	Fitchburg	MA	Massachusetts	
city	Framingham	MA	Massachusetts	
city	Franklin Town	MA	Massachusetts	
city	Gardner	MA	Massachusetts	
city	Gloucester	MA	Massachusetts	
city	Greenfield	MA	Massachusetts	
city	Haverhill	MA	Massachusetts	
city	Holyoke	MA	Massachusetts	
city	Lawrence	MA	Massachusetts	
city	Leominster	MA	Massachusetts	
city	Lowell	MA	Massachusetts	
city	Lynn	MA	Massachusetts	
city	Malden	MA	Massachusetts	
city	Marlborough	MA	Massachusetts	
city	Medford	MA	Massachusetts	
city	Melrose	MA	Massachusetts	
city	Methuen Town	MA	Massachusetts	
city	New Bedford	MA	Massachusetts	
city	Newburyport	MA	Massachusetts	
city	Newton	MA	Massachusetts	
city	North Adams	MA	Massachusetts	
city	Northampton	MA	Massachusetts	
city	North Attleborough Town	MA	Massachusetts	
city	Palmer Town	MA	Massachusetts	
city	Peabody	MA	Massachusetts	
city	Pittsfield	MA	Massachusetts	
city	Quincy	MA	Massachusetts	
city	Randolph Town	MA	Massachusetts	
city	Revere	MA	Massachusetts	
city	Salem	MA	Massachusetts	
city	Somerville	MA	Massachusetts	
city	Southbridge Town	MA	Massachusetts	
city	Springfield	MA	Massachusetts	
city	Taunton	MA	Massachusetts	
city	Waltham	MA	Massachusetts	
city	Watertown Town	MA	Massachusetts	
city	Westfield	MA	Massachusetts	
city	West Springfield Town	MA	Massachusetts	
city	Weymouth Town	MA	Massachusetts	
city	Winthrop Town	MA	Massachusetts	
city	Woburn	MA	Massachusetts	
city	Worcester	MA	Massachusetts	
city	Addison	MI	Michigan	
city	Adrian	MI	Michigan	
city	Ahmeek	MI	Michigan	
city	Akron	MI	Michigan	
city	Alanson	MI	Michigan	
city	Albion	MI	Michigan	
city	Algonac	MI	Michigan	
city	Allegan	MI	Michigan	
city	Allen	MI	Michigan	
city	Allen Park	MI	Michigan	
city	Alma	MI	Michigan	
city	Almont	MI	Michigan	
city	Alpena	MI	Michigan	
city	Alpha	MI	Michigan	
city	Ann Arbor	MI	Michigan	
city	Applegate	MI	Michigan	
city	Armada	MI	Michigan	
city	Ashley	MI	Michigan	
city	Athens	MI	Michigan	
city	Auburn	MI	Michigan	
city	Auburn Hills	MI	Michigan	
city	Au Gres	MI	Michigan	
city	Augusta	MI	Michigan	
city	Bad Axe	MI	Michigan	
city	Baldwin	MI	Michigan	
city	Bancroft	MI	Michigan	
city	Bangor	MI	Michigan	
city	Baraga	MI	Michigan	
city	Baroda	MI	Michigan	
city	Barryton	MI	Michigan	
city	Barton Hills	MI	Michigan	
city	Battle Creek	MI	Michigan	
city	Bay City	MI	Michigan	
city	Bear Lake	MI	Michigan	
city	Beaverton	MI	Michigan	
city	Belding	MI	Michigan	
city	Bellaire	MI	Michigan	
city	Belleville	MI	Michigan	
city	Bellevue	MI	Michigan	
city	Benton Harbor	MI	Michigan	
city	Benzonia	MI	Michigan	
city	Berkley	MI	Michigan	
city	Berrien Springs	MI	Michigan	
city	Bessemer	MI	Michigan	
city	Beulah	MI	Michigan	
city	Beverly Hills	MI	Michigan	
city	Big Rapids	MI	Michigan	
city	Bingham Farms	MI	Michigan	
city	Birch Run	MI	Michigan	
city	Birmingham	MI	Michigan	
city	Blissfield	MI	Michigan	
city	Bloomfield Hills	MI	Michigan	
city	Bloomingdale	MI	Michigan	
city	Boyne City	MI	Michigan	
city	Boyne Falls	MI	Michigan	
city	Breckenridge	MI	Michigan	
city	Breedsville	MI	Michigan	
city	Bridgman	MI	Michigan	
city	Brighton	MI	Michigan	
city	Britton	MI	Michigan	
city	Bronson	MI	Michigan	
city	Brooklyn	MI	Michigan	
city	Brown City	MI	Michigan	
city	Buchanan	MI	Michigan	
city	Buckley	MI	Michigan	
city	Burlington	MI	Michigan	
city	Burr Oak	MI	Michigan	
city	Burton	MI	Michigan	
city	Byron	MI	Michigan	
city	Cadillac	MI	Michigan	
city	Caledonia	MI	Michigan	
city	Calumet	MI	Michigan	
city	Camden	MI	Michigan	
city	Capac	MI	Michigan	
city	Carleton	MI	Michigan	
city	Carney	MI	Michigan	
city	Caro	MI	Michigan	
city	Carson City	MI	Michigan	
city	Carsonville	MI	Michigan	
city	Caseville	MI	Michigan	
city	Casnovia	MI	Michigan	
city	Caspian	MI	Michigan	
city	Cass City	MI	Michigan	
city	Cassopolis	MI	Michigan	
city	Cedar Springs	MI	Michigan	
city	Cement City	MI	Michigan	
city	Center Line	MI	Michigan	
city	Central Lake	MI	Michigan	
city	Centreville	MI	Michigan	
city	Charlevoix	MI	Michigan	
city	Charlotte	MI	Michigan	
city	Chatham	MI	Michigan	
city	Cheboygan	MI	Michigan	
city	Chelsea	MI	Michigan	
city	Chesaning	MI	Michigan	
city	Clare	MI	Michigan	
city	Clarksville	MI	Michigan	
city	Clawson	MI	Michigan	
city	Clayton	MI	Michigan	
city	Clifford	MI	Michigan	
city	Climax	MI	Michigan	
city	Clinton	MI	Michigan	
city	Clio	MI	Michigan	
city	Coldwater	MI	Michigan	
city	Coleman	MI	Michigan	
city	Coloma	MI	Michigan	
city	Colon	MI	Michigan	
city	Columbiaville	MI	Michigan	
city	Concord	MI	Michigan	
city	Constantine	MI	Michigan	
city	Coopersville	MI	Michigan	
city	Copemish	MI	Michigan	
city	Copper City	MI	Michigan	
city	Corunna	MI	Michigan	
city	Croswell	MI	Michigan	
city	Crystal Falls	MI	Michigan	
city	Custer	MI	Michigan	
city	Daggett	MI	Michigan	
city	Dansville	MI	Michigan	
city	Davison	MI	Michigan	
city	Dearborn	MI	Michigan	
city	Dearborn Heights	MI	Michigan	
city	Decatur	MI	Michigan	
city	Deckerville	MI	Michigan	
city	Deerfield	MI	Michigan	
city	De Tour Village	MI	Michigan	
city	Detroit	MI	Michigan	
city	DeWitt	MI	Michigan	
city	Dexter	MI	Michigan	
city	Dimondale	MI	Michigan	
city	Douglas	MI	Michigan	
city	Dowagiac	MI	Michigan	
city	Dryden	MI	Michigan	
city	Dundee	MI	Michigan	
city	Durand	MI	Michigan	
city	Eagle	MI	Michigan	
city	East Grand Rapids	MI	Michigan	
city	East Jordan	MI	Michigan	
city	Eastlake	MI	Michigan	
city	East Lansing	MI	Michigan	
city	Eastpointe	MI	Michigan	
city	East Tawas	MI	Michigan	
city	Eaton Rapids	MI	Michigan	
city	Eau Claire	MI	Michigan	
city	Ecorse	MI	Michigan	
city	Edmore	MI	Michigan	
city	Edwardsburg	MI	Michigan	
city	Elberta	MI	Michigan	
city	Elk Rapids	MI	Michigan	
city	Elkton	MI	Michigan	
city	Ellsworth	MI	Michigan	
city	Elsie	MI	Michigan	
city	Emmett	MI	Michigan	
city	Empire	MI	Michigan	
city	Escanaba	MI	Michigan	
city	Essexville	MI	Michigan	
city	Estral Beach	MI	Michigan	
city	Evart	MI	Michigan	
city	Fairgrove	MI	Michigan	
city	Farmington	MI	Michigan	
city	Farmington Hills	MI	Michigan	
city	Farwell	MI	Michigan	
city	Fennville	MI	Michigan	
city	Fenton	MI	Michigan	
city	Ferndale	MI	Michigan	
city	Ferrysburg	MI	Michigan	
city	Fife Lake	MI	Michigan	
city	Flat Rock	MI	Michigan	
city	Flint	MI	Michigan	
city	Flushing	MI	Michigan	
city	Forestville	MI	Michigan	
city	Fountain	MI	Michigan	
city	Fowler	MI	Michigan	
city	Fowlerville	MI	Michigan	
city	Frankenmuth	MI	Michigan	
city	Frankfort	MI	Michigan	
city	Franklin	MI	Michigan	
city	Fraser	MI	Michigan	
city	Freeport	MI	Michigan	
city	Free Soil	MI	Michigan	
city	Fremont	MI	Michigan	
city	Fruitport	MI	Michigan	
city	Gaastra	MI	Michigan	
city	Gagetown	MI	Michigan	
city	Gaines	MI	Michigan	
city	Galesburg	MI	Michigan	
city	Galien	MI	Michigan	
city	Garden	MI	Michigan	
city	Garden City	MI	Michigan	
city	Gaylord	MI	Michigan	
city	Gibraltar	MI	Michigan	
city	Gladstone	MI	Michigan	
city	Gladwin	MI	Michigan	
city	Gobles	MI	Michigan	
city	Goodrich	MI	Michigan	
city	Grand Beach	MI	Michigan	
city	Grand Blanc	MI	Michigan	
city	Grand Haven	MI	Michigan	
city	Grand Ledge	MI	Michigan	
city	Grand Rapids	MI	Michigan	
city	Grandville	MI	Michigan	
city	Grant	MI	Michigan	
city	Grass Lake	MI	Michigan	
city	Grayling	MI	Michigan	
city	Greenville	MI	Michigan	
city	Grosse Pointe	MI	Michigan	
city	Grosse Pointe Farms	MI	Michigan	
city	Grosse Pointe Park	MI	Michigan	
city	Grosse Pointe Woods	MI	Michigan	
city	Hamtramck	MI	Michigan	
city	Hancock	MI	Michigan	
city	Hanover	MI	Michigan	
city	Harbor Beach	MI	Michigan	
city	Harbor Springs	MI	Michigan	
city	Harper Woods	MI	Michigan	
city	Harrietta	MI	Michigan	
city	Harrison	MI	Michigan	
city	Harrisville	MI	Michigan	
city	Hart	MI	Michigan	
city	Hartford	MI	Michigan	
city	Hastings	MI	Michigan	
city	Hazel Park	MI	Michigan	
city	Hersey	MI	Michigan	
city	Hesperia	MI	Michigan	
city	Highland Park	MI	Michigan	
city	Hillman	MI	Michigan	
city	Hillsdale	MI	Michigan	
city	Holland	MI	Michigan	
city	Holly	MI	Michigan	
city	Homer	MI	Michigan	
city	Honor	MI	Michigan	
city	Hopkins	MI	Michigan	
city	Houghton	MI	Michigan	
city	Howard City	MI	Michigan	
city	Howell	MI	Michigan	
city	Hubbardston	MI	Michigan	
city	Hudson	MI	Michigan	
city	Hudsonville	MI	Michigan	
city	Huntington Woods	MI	Michigan	
city	Imlay City	MI	Michigan	
city	Inkster	MI	Michigan	
city	Ionia	MI	Michigan	
city	Iron Mountain	MI	Michigan	
city	Iron River	MI	Michigan	
city	Ironwood	MI	Michigan	
city	Ishpeming	MI	Michigan	
city	Ithaca	MI	Michigan	
city	Jackson	MI	Michigan	
city	Jonesville	MI	Michigan	
city	Kalamazoo	MI	Michigan	
city	Kaleva	MI	Michigan	
city	Kalkaska	MI	Michigan	
city	Keego Harbor	MI	Michigan	
city	Kent City	MI	Michigan	
city	Kentwood	MI	Michigan	
city	Kinde	MI	Michigan	
city	Kingsford	MI	Michigan	
city	Kingsley	MI	Michigan	
city	Kingston	MI	Michigan	
city	Laingsburg	MI	Michigan	
city	Lake Angelus	MI	Michigan	
city	Lake Ann	MI	Michigan	
city	Lake City	MI	Michigan	
city	Lake Isabella	MI	Michigan	
city	Lake Linden	MI	Michigan	
city	Lake Odessa	MI	Michigan	
city	Lake Orion	MI	Michigan	
city	Lakeview	MI	Michigan	
city	Lakewood Club	MI	Michigan	
city	L'Anse	MI	Michigan	
city	Lansing	MI	Michigan	
city	Lapeer	MI	Michigan	
city	Lathrup Village	MI	Michigan	
city	Laurium	MI	Michigan	
city	Lawrence	MI	Michigan	
city	Lawton	MI	Michigan	
city	Lennon	MI	Michigan	
city	Leonard	MI	Michigan	
city	Le Roy	MI	Michigan	
city	Leslie	MI	Michigan	
city	Lexington	MI	Michigan	
city	Lincoln	MI	Michigan	
city	Lincoln Park	MI	Michigan	
city	Linden	MI	Michigan	
city	Litchfield	MI	Michigan	
city	Livonia	MI	Michigan	
city	Lowell	MI	Michigan	
city	Ludington	MI	Michigan	
city	Luna Pier	MI	Michigan	
city	Luther	MI	Michigan	
city	Lyons	MI	Michigan	
city	McBain	MI	Michigan	
city	McBride	MI	Michigan	
city	Mackinac Island	MI	Michigan	
city	Mackinaw City	MI	Michigan	
city	Madison Heights	MI	Michigan	
city	Mancelona	MI	Michigan	
city	Manchester	MI	Michigan	
city	Manistee	MI	Michigan	
city	Manistique	MI	Michigan	
city	Manton	MI	Michigan	
city	Maple Rapids	MI	Michigan	
city	Marcellus	MI	Michigan	
city	Marine City	MI	Michigan	
city	Marion	MI	Michigan	
city	Marlette	MI	Michigan	
city	Marquette	MI	Michigan	
city	Marshall	MI	Michigan	
city	Martin	MI	Michigan	
city	Marysville	MI	Michigan	
city	Mason	MI	Michigan	
city	Mattawan	MI	Michigan	
city	Maybee	MI	Michigan	
city	Mayville	MI	Michigan	
city	Mecosta	MI	Michigan	
city	Melvin	MI	Michigan	
city	Melvindale	MI	Michigan	
city	Memphis	MI	Michigan	
city	Mendon	MI	Michigan	
city	Menominee	MI	Michigan	
city	Merrill	MI	Michigan	
city	Mesick	MI	Michigan	
city	Metamora	MI	Michigan	
city	Michiana	MI	Michigan	
city	Middleville	MI	Michigan	
city	Midland	MI	Michigan	
city	Milan	MI	Michigan	
city	Milford	MI	Michigan	
city	Millersburg	MI	Michigan	
city	Millington	MI	Michigan	
city	Minden City	MI	Michigan	
city	Monroe	MI	Michigan	
city	Montague	MI	Michigan	
city	Montgomery	MI	Michigan	
city	Montrose	MI	Michigan	
city	Morenci	MI	Michigan	
city	Morley	MI	Michigan	
city	Morrice	MI	Michigan	
city	Mount Clemens	MI	Michigan	
city	Mount Morris	MI	Michigan	
city	Mount Pleasant	MI	Michigan	
city	Muir	MI	Michigan	
city	Mulliken	MI	Michigan	
city	Munising	MI	Michigan	
city	Muskegon	MI	Michigan	
city	Muskegon Heights	MI	Michigan	
city	Nashville	MI	Michigan	
city	Negaunee	MI	Michigan	
city	Newaygo	MI	Michigan	
city	New Baltimore	MI	Michigan	
city	Newberry	MI	Michigan	
city	New Buffalo	MI	Michigan	
city	New Era	MI	Michigan	
city	New Haven	MI	Michigan	
city	New Lothrop	MI	Michigan	
city	Niles	MI	Michigan	
city	North Adams	MI	Michigan	
city	North Branch	MI	Michigan	
city	North Muskegon	MI	Michigan	
city	Northport	MI	Michigan	
city	Northville	MI	Michigan	
city	Norton Shores	MI	Michigan	
city	Norway	MI	Michigan	
city	Novi	MI	Michigan	
city	Oakley	MI	Michigan	
city	Oak Park	MI	Michigan	
city	Olivet	MI	Michigan	
city	Omer	MI	Michigan	
city	Onaway	MI	Michigan	
city	Onekama	MI	Michigan	
city	Onsted	MI	Michigan	
city	Ontonagon	MI	Michigan	
city	Orchard Lake Village	MI	Michigan	
city	Ortonville	MI	Michigan	
city	Otisville	MI	Michigan	
city	Otsego	MI	Michigan	
city	Otter Lake	MI	Michigan	
city	Ovid	MI	Michigan	
city	Owendale	MI	Michigan	
city	Owosso	MI	Michigan	
city	Oxford	MI	Michigan	
city	Parchment	MI	Michigan	
city	Parma	MI	Michigan	
city	Paw Paw	MI	Michigan	
city	Peck	MI	Michigan	
city	Pellston	MI	Michigan	
city	Pentwater	MI	Michigan	
city	Perrinton	MI	Michigan	
city	Perry	MI	Michigan	
city	Petersburg	MI	Michigan	
city	Petoskey	MI	Michigan	
city	Pewamo	MI	Michigan	
city	Pierson	MI	Michigan	
city	Pigeon	MI	Michigan	
city	Pinckney	MI	Michigan	
city	Pinconning	MI	Michigan	
city	Plainwell	MI	Michigan	
city	Pleasant Ridge	MI	Michigan	
city	Plymouth	MI	Michigan	
city	Pontiac	MI	Michigan	
city	Portage	MI	Michigan	
city	Port Austin	MI	Michigan	
city	Port Hope	MI	Michigan	
city	Port Huron	MI	Michigan	
city	Portland	MI	Michigan	
city	Port Sanilac	MI	Michigan	
city	Posen	MI	Michigan	
city	Potterville	MI	Michigan	
city	Powers	MI	Michigan	
city	Prescott	MI	Michigan	
city	Quincy	MI	Michigan	
city	Ravenna	MI	Michigan	
city	Reading	MI	Michigan	
city	Reed City	MI	Michigan	
city	Reese	MI	Michigan	
city	Richland	MI	Michigan	
city	Richmond	MI	Michigan	
city	River Rouge	MI	Michigan	
city	Riverview	MI	Michigan	
city	Rochester	MI	Michigan	
city	Rochester Hills	MI	Michigan	
city	Rockford	MI	Michigan	
city	Rockwood	MI	Michigan	
city	Rogers City	MI	Michigan	
city	Romeo	MI	Michigan	
city	Romulus	MI	Michigan	
city	Roosevelt Park	MI	Michigan	
city	Roscommon	MI	Michigan	
city	Rosebush	MI	Michigan	
city	Rose City	MI	Michigan	
city	Roseville	MI	Michigan	
city	Rothbury	MI	Michigan	
city	Royal Oak	MI	Michigan	
city	Saginaw	MI	Michigan	
city	St. Charles	MI	Michigan	
city	St. Clair	MI	Michigan	
city	St. Clair Shores	MI	Michigan	
city	St. Ignace	MI	Michigan	
city	St. Johns	MI	Michigan	
city	St. Joseph	MI	Michigan	
city	St. Louis	MI	Michigan	
city	Saline	MI	Michigan	
city	Sand Lake	MI	Michigan	
city	Sandusky	MI	Michigan	
city	Sanford	MI	Michigan	
city	Saranac	MI	Michigan	
city	Saugatuck	MI	Michigan	
city	Sault Ste. Marie	MI	Michigan	
city	Schoolcraft	MI	Michigan	
city	Scottville	MI	Michigan	
city	Sebewaing	MI	Michigan	
city	Shelby	MI	Michigan	
city	Shepherd	MI	Michigan	
city	Sheridan	MI	Michigan	
city	Sherwood	MI	Michigan	
city	Shoreham	MI	Michigan	
city	Southfield	MI	Michigan	
city	Southgate	MI	Michigan	
city	South Haven	MI	Michigan	
city	South Lyon	MI	Michigan	
city	South Range	MI	Michigan	
city	South Rockwood	MI	Michigan	
city	Sparta	MI	Michigan	
city	Springfield	MI	Michigan	
city	Spring Lake	MI	Michigan	
city	Springport	MI	Michigan	
city	Standish	MI	Michigan	
city	Stanton	MI	Michigan	
city	Stanwood	MI	Michigan	
city	Stephenson	MI	Michigan	
city	Sterling	MI	Michigan	
city	Sterling Heights	MI	Michigan	
city	Stevensville	MI	Michigan	
city	Stockbridge	MI	Michigan	
city	Sturgis	MI	Michigan	
city	Sunfield	MI	Michigan	
city	Suttons Bay	MI	Michigan	
city	Swartz Creek	MI	Michigan	
city	Sylvan Lake	MI	Michigan	
city	Tawas City	MI	Michigan	
city	Taylor	MI	Michigan	
city	Tecumseh	MI	Michigan	
city	Tekonsha	MI	Michigan	
city	Thompsonville	MI	Michigan	
city	Three Oaks	MI	Michigan	
city	Three Rivers	MI	Michigan	
city	Traverse City	MI	Michigan	
city	Trenton	MI	Michigan	
city	Troy	MI	Michigan	
city	Turner	MI	Michigan	
city	Tustin	MI	Michigan	
city	Twining	MI	Michigan	
city	Ubly	MI	Michigan	
city	Union City	MI	Michigan	
city	Unionville	MI	Michigan	
city	Utica	MI	Michigan	
city	Vandalia	MI	Michigan	
city	Vanderbilt	MI	Michigan	
city	Vassar	MI	Michigan	
city	Vermontville	MI	Michigan	
city	Vernon	MI	Michigan	
city	Vicksburg	MI	Michigan	
city	Village of Clarkston	MI	Michigan	
city	Village of Grosse Pointe Shores	MI	Michigan	
city	Wakefield	MI	Michigan	
city	Waldron	MI	Michigan	
city	Walker	MI	Michigan	
city	Walkerville	MI	Michigan	
city	Walled Lake	MI	Michigan	
city	Warren	MI	Michigan	
city	Watervliet	MI	Michigan	
city	Wayland	MI	Michigan	
city	Wayne	MI	Michigan	
city	Webberville	MI	Michigan	
city	West Branch	MI	Michigan	
city	Westland	MI	Michigan	
city	Westphalia	MI	Michigan	
city	White Cloud	MI	Michigan	
city	Whitehall	MI	Michigan	
city	White Pigeon	MI	Michigan	
city	Whittemore	MI	Michigan	
city	Williamston	MI	Michigan	
city	Wixom	MI	Michigan	
city	Wolverine	MI	Michigan	
city	Wolverine Lake	MI	Michigan	
city	Woodhaven	MI	Michigan	
city	Woodland	MI	Michigan	
city	Wyandotte	MI	Michigan	
city	Wyoming	MI	Michigan	
city	Yale	MI	Michigan	
city	Ypsilanti	MI	Michigan	
city	Zeeland	MI	Michigan	
city	Zilwaukee	MI	Michigan	
city	Ada	MN	Minnesota	
city	Adams	MN	Minnesota	
city	Adrian	MN	Minnesota	
city	Afton	MN	Minnesota	
city	Aitkin	MN	Minnesota	
city	Akeley	MN	Minnesota	
city	Albany	MN	Minnesota	
city	Alberta	MN	Minnesota	
city	Albert Lea	MN	Minnesota	
city	Albertville	MN	Minnesota	
city	Alden	MN	Minnesota	
city	Aldrich	MN	Minnesota	
city	Alexandria	MN	Minnesota	
city	Alpha	MN	Minnesota	
city	Altura	MN	Minnesota	
city	Alvarado	MN	Minnesota	
city	Amboy	MN	Minnesota	
city	Andover	MN	Minnesota	
city	Annandale	MN	Minnesota	
city	Anoka	MN	Minnesota	
city	Appleton	MN	Minnesota	
city	Apple Valley	MN	Minnesota	
city	Arco	MN	Minnesota	
city	Arden Hills	MN	Minnesota	
city	Argyle	MN	Minnesota	
city	Arlington	MN	Minnesota	
city	Ashby	MN	Minnesota	
city	Askov	MN	Minnesota	
city	Atwater	MN	Minnesota	
city	Audubon	MN	Minnesota	
city	Aurora	MN	Minnesota	
city	Austin	MN	Minnesota	
city	Avoca	MN	Minnesota	
city	Avon	MN	Minnesota	
city	Babbitt	MN	Minnesota	
city	Backus	MN	Minnesota	
city	Badger	MN	Minnesota	
city	Bagley	MN	Minnesota	
city	Balaton	MN	Minnesota	
city	Barnesville	MN	Minnesota	
city	Barnum	MN	Minnesota	
city	Barrett	MN	Minnesota	
city	Barry	MN	Minnesota	
city	Battle Lake	MN	Minnesota	
city	Baudette	MN	Minnesota	
city	Baxter	MN	Minnesota	
city	Bayport	MN	Minnesota	
city	Beardsley	MN	Minnesota	
city	Beaver Bay	MN	Minnesota	
city	Beaver Creek	MN	Minnesota	
city	Becker	MN	Minnesota	
city	Bejou	MN	Minnesota	
city	Belgrade	MN	Minnesota	
city	Bellechester	MN	Minnesota	
city	Belle Plaine	MN	Minnesota	
city	Bellingham	MN	Minnesota	
city	Beltrami	MN	Minnesota	
city	Belview	MN	Minnesota	
city	Bemidji	MN	Minnesota	
city	Bena	MN	Minnesota	
city	Benson	MN	Minnesota	
city	Bertha	MN	Minnesota	
city	Bethel	MN	Minnesota	
city	Bigelow	MN	Minnesota	
city	Big Falls	MN	Minnesota	
city	Bigfork	MN	Minnesota	
city	Big Lake	MN	Minnesota	
city	Bingham Lake	MN	Minnesota	
city	Birchwood Village	MN	Minnesota	
city	Bird Island	MN	Minnesota	
city	Biscay	MN	Minnesota	
city	Biwabik	MN	Minnesota	
city	Blackduck	MN	Minnesota	
city	Blaine	MN	Minnesota	
city	Blomkest	MN	Minnesota	
city	Blooming Prairie	MN	Minnesota	
city	Bloomington	MN	Minnesota	
city	Blue Earth	MN	Minnesota	
city	Bluffton	MN	Minnesota	
city	Bock	MN	Minnesota	
city	Borup	MN	Minnesota	
city	Bovey	MN	Minnesota	
city	Bowlus	MN	Minnesota	
city	Boyd	MN	Minnesota	
city	Boy River	MN	Minnesota	
city	Braham	MN	Minnesota	
city	Brainerd	MN	Minnesota	
city	Brandon	MN	Minnesota	
city	Breckenridge	MN	Minnesota	
city	Breezy Point	MN	Minnesota	
city	Brewster	MN	Minnesota	
city	Bricelyn	MN	Minnesota	
city	Brooklyn Center	MN	Minnesota	
city	Brooklyn Park	MN	Minnesota	
city	Brook Park	MN	Minnesota	
city	Brooks	MN	Minnesota	
city	Brookston	MN	Minnesota	
city	Brooten	MN	Minnesota	
city	Browerville	MN	Minnesota	
city	Brownsdale	MN	Minnesota	
city	Browns Valley	MN	Minnesota	
city	Brownsville	MN	Minnesota	
city	Brownton	MN	Minnesota	
city	Bruno	MN	Minnesota	
city	Buckman	MN	Minnesota	
city	Buffalo	MN	Minnesota	
city	Buffalo Lake	MN	Minnesota	
city	Buhl	MN	Minnesota	
city	Burnsville	MN	Minnesota	
city	Burtrum	MN	Minnesota	
city	Butterfield	MN	Minnesota	
city	Byron	MN	Minnesota	
city	Caledonia	MN	Minnesota	
city	Callaway	MN	Minnesota	
city	Calumet	MN	Minnesota	
city	Cambridge	MN	Minnesota	
city	Campbell	MN	Minnesota	
city	Canby	MN	Minnesota	
city	Cannon Falls	MN	Minnesota	
city	Canton	MN	Minnesota	
city	Carlos	MN	Minnesota	
city	Carlton	MN	Minnesota	
city	Carver	MN	Minnesota	
city	Cass Lake	MN	Minnesota	
city	Cedar Mills	MN	Minnesota	
city	Center City	MN	Minnesota	
city	Centerville	MN	Minnesota	
city	Ceylon	MN	Minnesota	
city	Champlin	MN	Minnesota	
city	Chandler	MN	Minnesota	
city	Chanhassen	MN	Minnesota	
city	Chaska	MN	Minnesota	
city	Chatfield	MN	Minnesota	
city	Chickamaw Beach	MN	Minnesota	
city	Chisago City	MN	Minnesota	
city	Chisholm	MN	Minnesota	
city	Chokio	MN	Minnesota	
city	Circle Pines	MN	Minnesota	
city	Clara City	MN	Minnesota	
city	Claremont	MN	Minnesota	
city	Clarissa	MN	Minnesota	
city	Clarkfield	MN	Minnesota	
city	Clarks Grove	MN	Minnesota	
city	Clearbrook	MN	Minnesota	
city	Clear Lake	MN	Minnesota	
city	Clearwater	MN	Minnesota	
city	Clements	MN	Minnesota	
city	Cleveland	MN	Minnesota	
city	Climax	MN	Minnesota	
city	Clinton	MN	Minnesota	
city	Clitherall	MN	Minnesota	
city	Clontarf	MN	Minnesota	
city	Cloquet	MN	Minnesota	
city	Coates	MN	Minnesota	
city	Cobden	MN	Minnesota	
city	Cohasset	MN	Minnesota	
city	Cokato	MN	Minnesota	
city	Cold Spring	MN	Minnesota	
city	Coleraine	MN	Minnesota	
city	Cologne	MN	Minnesota	
city	Columbia Heights	MN	Minnesota	
city	Columbus	MN	Minnesota	
city	Comfrey	MN	Minnesota	
city	Comstock	MN	Minnesota	
city	Conger	MN	Minnesota	
city	Cook	MN	Minnesota	
city	Coon Rapids	MN	Minnesota	
city	Corcoran	MN	Minnesota	
city	Correll	MN	Minnesota	
city	Cosmos	MN	Minnesota	
city	Cottage Grove	MN	Minnesota	
city	Cottonwood	MN	Minnesota	
city	Courtland	MN	Minnesota	
city	Credit River	MN	Minnesota	
city	Cromwell	MN	Minnesota	
city	Crookston	MN	Minnesota	
city	Crosby	MN	Minnesota	
city	Crosslake	MN	Minnesota	
city	Crystal	MN	Minnesota	
city	Currie	MN	Minnesota	
city	Cuyuna	MN	Minnesota	
city	Cyrus	MN	Minnesota	
city	Dakota	MN	Minnesota	
city	Dalton	MN	Minnesota	
city	Danube	MN	Minnesota	
city	Danvers	MN	Minnesota	
city	Darfur	MN	Minnesota	
city	Darwin	MN	Minnesota	
city	Dassel	MN	Minnesota	
city	Dawson	MN	Minnesota	
city	Dayton	MN	Minnesota	
city	Deephaven	MN	Minnesota	
city	Deer Creek	MN	Minnesota	
city	Deer River	MN	Minnesota	
city	Deerwood	MN	Minnesota	
city	De Graff	MN	Minnesota	
city	Delano	MN	Minnesota	
city	Delavan	MN	Minnesota	
city	Delhi	MN	Minnesota	
city	Dellwood	MN	Minnesota	
city	Denham	MN	Minnesota	
city	Dennison	MN	Minnesota	
city	Dent	MN	Minnesota	
city	Detroit Lakes	MN	Minnesota	
city	Dexter	MN	Minnesota	
city	Dilworth	MN	Minnesota	
city	Dodge Center	MN	Minnesota	
city	Donaldson	MN	Minnesota	
city	Donnelly	MN	Minnesota	
city	Doran	MN	Minnesota	
city	Dover	MN	Minnesota	
city	Dovray	MN	Minnesota	
city	Duluth	MN	Minnesota	
city	Dumont	MN	Minnesota	
city	Dundas	MN	Minnesota	
city	Dundee	MN	Minnesota	
city	Dunnell	MN	Minnesota	
city	Eagan	MN	Minnesota	
city	Eagle Bend	MN	Minnesota	
city	Eagle Lake	MN	Minnesota	
city	East Bethel	MN	Minnesota	
city	East Grand Forks	MN	Minnesota	
city	East Gull Lake	MN	Minnesota	
city	Easton	MN	Minnesota	
city	Echo	MN	Minnesota	
city	Eden Prairie	MN	Minnesota	
city	Eden Valley	MN	Minnesota	
city	Edgerton	MN	Minnesota	
city	Edina	MN	Minnesota	
city	Effie	MN	Minnesota	
city	Eitzen	MN	Minnesota	
city	Elba	MN	Minnesota	
city	Elbow Lake	MN	Minnesota	
city	Elgin	MN	Minnesota	
city	Elizabeth	MN	Minnesota	
city	Elko New Market	MN	Minnesota	
city	Elk River	MN	Minnesota	
city	Elkton	MN	Minnesota	
city	Ellendale	MN	Minnesota	
city	Ellsworth	MN	Minnesota	
city	Elmdale	MN	Minnesota	
city	Elmore	MN	Minnesota	
city	Elrosa	MN	Minnesota	
city	Ely	MN	Minnesota	
city	Elysian	MN	Minnesota	
city	Emily	MN	Minnesota	
city	Emmons	MN	Minnesota	
city	Erhard	MN	Minnesota	
city	Erskine	MN	Minnesota	
city	Evan	MN	Minnesota	
city	Evansville	MN	Minnesota	
city	Eveleth	MN	Minnesota	
city	Excelsior	MN	Minnesota	
city	Eyota	MN	Minnesota	
city	Fairfax	MN	Minnesota	
city	Fairmont	MN	Minnesota	
city	Falcon Heights	MN	Minnesota	
city	Faribault	MN	Minnesota	
city	Farmington	MN	Minnesota	
city	Farwell	MN	Minnesota	
city	Federal Dam	MN	Minnesota	
city	Felton	MN	Minnesota	
city	Fergus Falls	MN	Minnesota	
city	Fertile	MN	Minnesota	
city	Fifty Lakes	MN	Minnesota	
city	Finlayson	MN	Minnesota	
city	Fisher	MN	Minnesota	
city	Flensburg	MN	Minnesota	
city	Floodwood	MN	Minnesota	
city	Florence	MN	Minnesota	
city	Foley	MN	Minnesota	
city	Forada	MN	Minnesota	
city	Forest Lake	MN	Minnesota	
city	Foreston	MN	Minnesota	
city	Fort Ripley	MN	Minnesota	
city	Fosston	MN	Minnesota	
city	Fountain	MN	Minnesota	
city	Foxhome	MN	Minnesota	
city	Franklin	MN	Minnesota	
city	Frazee	MN	Minnesota	
city	Freeborn	MN	Minnesota	
city	Freeport	MN	Minnesota	
city	Fridley	MN	Minnesota	
city	Frost	MN	Minnesota	
city	Fulda	MN	Minnesota	
city	Funkley	MN	Minnesota	
city	Garfield	MN	Minnesota	
city	Garrison	MN	Minnesota	
city	Garvin	MN	Minnesota	
city	Gary	MN	Minnesota	
city	Gaylord	MN	Minnesota	
city	Gem Lake	MN	Minnesota	
city	Geneva	MN	Minnesota	
city	Genola	MN	Minnesota	
city	Georgetown	MN	Minnesota	
city	Ghent	MN	Minnesota	
city	Gibbon	MN	Minnesota	
city	Gilbert	MN	Minnesota	
city	Gilman	MN	Minnesota	
city	Glencoe	MN	Minnesota	
city	Glenville	MN	Minnesota	
city	Glenwood	MN	Minnesota	
city	Glyndon	MN	Minnesota	
city	Golden Valley	MN	Minnesota	
city	Gonvick	MN	Minnesota	
city	Goodhue	MN	Minnesota	
city	Goodridge	MN	Minnesota	
city	Good Thunder	MN	Minnesota	
city	Goodview	MN	Minnesota	
city	Graceville	MN	Minnesota	
city	Granada	MN	Minnesota	
city	Grand Marais	MN	Minnesota	
city	Grand Meadow	MN	Minnesota	
city	Grand Rapids	MN	Minnesota	
city	Granite Falls	MN	Minnesota	
city	Grant	MN	Minnesota	
city	Grasston	MN	Minnesota	
city	Greenbush	MN	Minnesota	
city	Greenfield	MN	Minnesota	
city	Green Isle	MN	Minnesota	
city	Greenwald	MN	Minnesota	
city	Greenwood	MN	Minnesota	
city	Grey Eagle	MN	Minnesota	
city	Grove City	MN	Minnesota	
city	Grygla	MN	Minnesota	
city	Gully	MN	Minnesota	
city	Hackensack	MN	Minnesota	
city	Hadley	MN	Minnesota	
city	Hallock	MN	Minnesota	
city	Halma	MN	Minnesota	
city	Halstad	MN	Minnesota	
city	Hamburg	MN	Minnesota	
city	Ham Lake	MN	Minnesota	
city	Hammond	MN	Minnesota	
city	Hampton	MN	Minnesota	
city	Hancock	MN	Minnesota	
city	Hanley Falls	MN	Minnesota	
city	Hanover	MN	Minnesota	
city	Hanska	MN	Minnesota	
city	Harding	MN	Minnesota	
city	Hardwick	MN	Minnesota	
city	Harmony	MN	Minnesota	
city	Harris	MN	Minnesota	
city	Hartland	MN	Minnesota	
city	Hastings	MN	Minnesota	
city	Hatfield	MN	Minnesota	
city	Hawley	MN	Minnesota	
city	Hayfield	MN	Minnesota	
city	Hayward	MN	Minnesota	
city	Hazel Run	MN	Minnesota	
city	Hector	MN	Minnesota	
city	Heidelberg	MN	Minnesota	
city	Henderson	MN	Minnesota	
city	Hendricks	MN	Minnesota	
city	Hendrum	MN	Minnesota	
city	Henning	MN	Minnesota	
city	Henriette	MN	Minnesota	
city	Herman	MN	Minnesota	
city	Hermantown	MN	Minnesota	
city	Heron Lake	MN	Minnesota	
city	Hewitt	MN	Minnesota	
city	Hibbing	MN	Minnesota	
city	Hill City	MN	Minnesota	
city	Hillman	MN	Minnesota	
city	Hills	MN	Minnesota	
city	Hilltop	MN	Minnesota	
city	Hinckley	MN	Minnesota	
city	Hitterdal	MN	Minnesota	
city	Hoffman	MN	Minnesota	
city	Hokah	MN	Minnesota	
city	Holdingford	MN	Minnesota	
city	Holland	MN	Minnesota	
city	Hollandale	MN	Minnesota	
city	Holloway	MN	Minnesota	
city	Holt	MN	Minnesota	
city	Hopkins	MN	Minnesota	
city	Houston	MN	Minnesota	
city	Howard Lake	MN	Minnesota	
city	Hoyt Lakes	MN	Minnesota	
city	Hugo	MN	Minnesota	
city	Humboldt	MN	Minnesota	
city	Hutchinson	MN	Minnesota	
city	Ihlen	MN	Minnesota	
city	Independence	MN	Minnesota	
city	International Falls	MN	Minnesota	
city	Inver Grove Heights	MN	Minnesota	
city	Iona	MN	Minnesota	
city	Iron Junction	MN	Minnesota	
city	Ironton	MN	Minnesota	
city	Isanti	MN	Minnesota	
city	Isle	MN	Minnesota	
city	Ivanhoe	MN	Minnesota	
city	Jackson	MN	Minnesota	
city	Janesville	MN	Minnesota	
city	Jasper	MN	Minnesota	
city	Jeffers	MN	Minnesota	
city	Jenkins	MN	Minnesota	
city	Johnson	MN	Minnesota	
city	Jordan	MN	Minnesota	
city	Kandiyohi	MN	Minnesota	
city	Karlstad	MN	Minnesota	
city	Kasota	MN	Minnesota	
city	Kasson	MN	Minnesota	
city	Keewatin	MN	Minnesota	
city	Kelliher	MN	Minnesota	
city	Kellogg	MN	Minnesota	
city	Kennedy	MN	Minnesota	
city	Kenneth	MN	Minnesota	
city	Kensington	MN	Minnesota	
city	Kent	MN	Minnesota	
city	Kenyon	MN	Minnesota	
city	Kerkhoven	MN	Minnesota	
city	Kerrick	MN	Minnesota	
city	Kettle River	MN	Minnesota	
city	Kiester	MN	Minnesota	
city	Kilkenny	MN	Minnesota	
city	Kimball	MN	Minnesota	
city	Kinbrae	MN	Minnesota	
city	Kingston	MN	Minnesota	
city	Kinney	MN	Minnesota	
city	La Crescent	MN	Minnesota	
city	Lafayette	MN	Minnesota	
city	Lake Benton	MN	Minnesota	
city	Lake Bronson	MN	Minnesota	
city	Lake City	MN	Minnesota	
city	Lake Crystal	MN	Minnesota	
city	Lake Elmo	MN	Minnesota	
city	Lakefield	MN	Minnesota	
city	Lake Henry	MN	Minnesota	
city	Lakeland	MN	Minnesota	
city	Lakeland Shores	MN	Minnesota	
city	Lake Lillian	MN	Minnesota	
city	Lake Park	MN	Minnesota	
city	Lake St. Croix Beach	MN	Minnesota	
city	Lake Shore	MN	Minnesota	
city	Lakeville	MN	Minnesota	
city	Lake Wilson	MN	Minnesota	
city	Lamberton	MN	Minnesota	
city	Lancaster	MN	Minnesota	
city	Landfall	MN	Minnesota	
city	Lanesboro	MN	Minnesota	
city	Laporte	MN	Minnesota	
city	La Prairie	MN	Minnesota	
city	La Salle	MN	Minnesota	
city	Lastrup	MN	Minnesota	
city	Lauderdale	MN	Minnesota	
city	Le Center	MN	Minnesota	
city	Lengby	MN	Minnesota	
city	Leonard	MN	Minnesota	
city	Leonidas	MN	Minnesota	
city	Le Roy	MN	Minnesota	
city	Lester Prairie	MN	Minnesota	
city	Le Sueur	MN	Minnesota	
city	Lewiston	MN	Minnesota	
city	Lewisville	MN	Minnesota	
city	Lexington	MN	Minnesota	
city	Lilydale	MN	Minnesota	
city	Lindstrom	MN	Minnesota	
city	Lino Lakes	MN	Minnesota	
city	Lismore	MN	Minnesota	
city	Litchfield	MN	Minnesota	
city	Little Canada	MN	Minnesota	
city	Little Falls	MN	Minnesota	
city	Littlefork	MN	Minnesota	
city	Long Beach	MN	Minnesota	
city	Long Lake	MN	Minnesota	
city	Long Prairie	MN	Minnesota	
city	Longville	MN	Minnesota	
city	Lonsdale	MN	Minnesota	
city	Loretto	MN	Minnesota	
city	Louisburg	MN	Minnesota	
city	Lowry	MN	Minnesota	
city	Lucan	MN	Minnesota	
city	Luverne	MN	Minnesota	
city	Lyle	MN	Minnesota	
city	Lynd	MN	Minnesota	
city	Mabel	MN	Minnesota	
city	McGrath	MN	Minnesota	
city	McGregor	MN	Minnesota	
city	McIntosh	MN	Minnesota	
city	McKinley	MN	Minnesota	
city	Madelia	MN	Minnesota	
city	Madison	MN	Minnesota	
city	Madison Lake	MN	Minnesota	
city	Magnolia	MN	Minnesota	
city	Mahnomen	MN	Minnesota	
city	Mahtomedi	MN	Minnesota	
city	Manchester	MN	Minnesota	
city	Manhattan Beach	MN	Minnesota	
city	Mankato	MN	Minnesota	
city	Mantorville	MN	Minnesota	
city	Maple Grove	MN	Minnesota	
city	Maple Lake	MN	Minnesota	
city	Maple Plain	MN	Minnesota	
city	Mapleton	MN	Minnesota	
city	Mapleview	MN	Minnesota	
city	Maplewood	MN	Minnesota	
city	Marble	MN	Minnesota	
city	Marietta	MN	Minnesota	
city	Marine on St. Croix	MN	Minnesota	
city	Marshall	MN	Minnesota	
city	Mayer	MN	Minnesota	
city	Maynard	MN	Minnesota	
city	Mazeppa	MN	Minnesota	
city	Meadowlands	MN	Minnesota	
city	Medford	MN	Minnesota	
city	Medicine Lake	MN	Minnesota	
city	Medina	MN	Minnesota	
city	Meire Grove	MN	Minnesota	
city	Melrose	MN	Minnesota	
city	Menahga	MN	Minnesota	
city	Mendota	MN	Minnesota	
city	Mendota Heights	MN	Minnesota	
city	Mentor	MN	Minnesota	
city	Middle River	MN	Minnesota	
city	Miesville	MN	Minnesota	
city	Milaca	MN	Minnesota	
city	Milan	MN	Minnesota	
city	Millerville	MN	Minnesota	
city	Millville	MN	Minnesota	
city	Milroy	MN	Minnesota	
city	Miltona	MN	Minnesota	
city	Minneapolis	MN	Minnesota	
city	Minneiska	MN	Minnesota	
city	Minneota	MN	Minnesota	
city	Minnesota City	MN	Minnesota	
city	Minnesota Lake	MN	Minnesota	
city	Minnetonka	MN	Minnesota	
city	Minnetonka Beach	MN	Minnesota	
city	Minnetrista	MN	Minnesota	
city	Mizpah	MN	Minnesota	
city	Montevideo	MN	Minnesota	
city	Montgomery	MN	Minnesota	
city	Monticello	MN	Minnesota	
city	Montrose	MN	Minnesota	
city	Moorhead	MN	Minnesota	
city	Moose Lake	MN	Minnesota	
city	Mora	MN	Minnesota	
city	Morgan	MN	Minnesota	
city	Morris	MN	Minnesota	
city	Morristown	MN	Minnesota	
city	Morton	MN	Minnesota	
city	Motley	MN	Minnesota	
city	Mound	MN	Minnesota	
city	Mounds View	MN	Minnesota	
city	Mountain Iron	MN	Minnesota	
city	Mountain Lake	MN	Minnesota	
city	Murdock	MN	Minnesota	
city	Myrtle	MN	Minnesota	
city	Nashua	MN	Minnesota	
city	Nashwauk	MN	Minnesota	
city	Nassau	MN	Minnesota	
city	Nelson	MN	Minnesota	
city	Nerstrand	MN	Minnesota	
city	Nevis	MN	Minnesota	
city	New Auburn	MN	Minnesota	
city	New Brighton	MN	Minnesota	
city	Newfolden	MN	Minnesota	
city	New Germany	MN	Minnesota	
city	New Hope	MN	Minnesota	
city	New London	MN	Minnesota	
city	New Munich	MN	Minnesota	
city	Newport	MN	Minnesota	
city	New Prague	MN	Minnesota	
city	New Richland	MN	Minnesota	
city	New Trier	MN	Minnesota	
city	New Ulm	MN	Minnesota	
city	New York Mills	MN	Minnesota	
city	Nicollet	MN	Minnesota	
city	Nielsville	MN	Minnesota	
city	Nimrod	MN	Minnesota	
city	Nisswa	MN	Minnesota	
city	Norcross	MN	Minnesota	
city	North Branch	MN	Minnesota	
city	Northfield	MN	Minnesota	
city	North Mankato	MN	Minnesota	
city	North Oaks	MN	Minnesota	
city	Northome	MN	Minnesota	
city	Northrop	MN	Minnesota	
city	North St. Paul	MN	Minnesota	
city	Norwood Young America	MN	Minnesota	
city	Nowthen	MN	Minnesota	
city	Oakdale	MN	Minnesota	
city	Oak Grove	MN	Minnesota	
city	Oak Park Heights	MN	Minnesota	
city	Odessa	MN	Minnesota	
city	Odin	MN	Minnesota	
city	Ogema	MN	Minnesota	
city	Ogilvie	MN	Minnesota	
city	Okabena	MN	Minnesota	
city	Oklee	MN	Minnesota	
city	Olivia	MN	Minnesota	
city	Onamia	MN	Minnesota	
city	Ormsby	MN	Minnesota	
city	Orono	MN	Minnesota	
city	Oronoco	MN	Minnesota	
city	Orr	MN	Minnesota	
city	Ortonville	MN	Minnesota	
city	Osakis	MN	Minnesota	
city	Oslo	MN	Minnesota	
city	Osseo	MN	Minnesota	
city	Ostrander	MN	Minnesota	
city	Otsego	MN	Minnesota	
city	Ottertail	MN	Minnesota	
city	Owatonna	MN	Minnesota	
city	Palisade	MN	Minnesota	
city	Parkers Prairie	MN	Minnesota	
city	Park Rapids	MN	Minnesota	
city	Paynesville	MN	Minnesota	
city	Pease	MN	Minnesota	
city	Pelican Rapids	MN	Minnesota	
city	Pemberton	MN	Minnesota	
city	Pennock	MN	Minnesota	
city	Pequot Lakes	MN	Minnesota	
city	Perham	MN	Minnesota	
city	Perley	MN	Minnesota	
city	Peterson	MN	Minnesota	
city	Pierz	MN	Minnesota	
city	Pillager	MN	Minnesota	
city	Pine City	MN	Minnesota	
city	Pine Island	MN	Minnesota	
city	Pine River	MN	Minnesota	
city	Pine Springs	MN	Minnesota	
city	Pipestone	MN	Minnesota	
city	Plainview	MN	Minnesota	
city	Plato	MN	Minnesota	
city	Plummer	MN	Minnesota	
city	Plymouth	MN	Minnesota	
city	Porter	MN	Minnesota	
city	Preston	MN	Minnesota	
city	Princeton	MN	Minnesota	
city	Prinsburg	MN	Minnesota	
city	Prior Lake	MN	Minnesota	
city	Proctor	MN	Minnesota	
city	Quamba	MN	Minnesota	
city	Racine	MN	Minnesota	
city	Ramsey	MN	Minnesota	
city	Randall	MN	Minnesota	
city	Randolph	MN	Minnesota	
city	Ranier	MN	Minnesota	
city	Raymond	MN	Minnesota	
city	Red Lake Falls	MN	Minnesota	
city	Red Wing	MN	Minnesota	
city	Redwood Falls	MN	Minnesota	
city	Regal	MN	Minnesota	
city	Remer	MN	Minnesota	
city	Renville	MN	Minnesota	
city	Revere	MN	Minnesota	
city	Rice	MN	Minnesota	
city	Rice Lake	MN	Minnesota	
city	Richfield	MN	Minnesota	
city	Richmond	MN	Minnesota	
city	Richville	MN	Minnesota	
city	Riverton	MN	Minnesota	
city	Robbinsdale	MN	Minnesota	
city	Rochester	MN	Minnesota	
city	Rock Creek	MN	Minnesota	
city	Rockford	MN	Minnesota	
city	Rockville	MN	Minnesota	
city	Rogers	MN	Minnesota	
city	Rollingstone	MN	Minnesota	
city	Roosevelt	MN	Minnesota	
city	Roscoe	MN	Minnesota	
city	Roseau	MN	Minnesota	
city	Rose Creek	MN	Minnesota	
city	Rosemount	MN	Minnesota	
city	Roseville	MN	Minnesota	
city	Rothsay	MN	Minnesota	
city	Round Lake	MN	Minnesota	
city	Royalton	MN	Minnesota	
city	Rush City	MN	Minnesota	
city	Rushford	MN	Minnesota	
city	Rushford Village	MN	Minnesota	
city	Rushmore	MN	Minnesota	
city	Russell	MN	Minnesota	
city	Ruthton	MN	Minnesota	
city	Rutledge	MN	Minnesota	
city	Sabin	MN	Minnesota	
city	Sacred Heart	MN	Minnesota	
city	St. Anthony	MN	Minnesota	
city	St. Augusta	MN	Minnesota	
city	St. Bonifacius	MN	Minnesota	
city	St. Charles	MN	Minnesota	
city	St. Clair	MN	Minnesota	
city	St. Cloud	MN	Minnesota	
city	St. Francis	MN	Minnesota	
city	St. Hilaire	MN	Minnesota	
city	St. James	MN	Minnesota	
city	St. Joseph	MN	Minnesota	
city	St. Leo	MN	Minnesota	
city	St. Louis Park	MN	Minnesota	
city	St. Martin	MN	Minnesota	
city	St. Marys Point	MN	Minnesota	
city	St. Michael	MN	Minnesota	
city	St. Paul	MN	Minnesota	
city	St. Paul Park	MN	Minnesota	
city	St. Peter	MN	Minnesota	
city	St. Rosa	MN	Minnesota	
city	St. Stephen	MN	Minnesota	
city	St. Vincent	MN	Minnesota	
city	Sanborn	MN	Minnesota	
city	Sandstone	MN	Minnesota	
city	Sargeant	MN	Minnesota	
city	Sartell	MN	Minnesota	
city	Sauk Centre	MN	Minnesota	
city	Sauk Rapids	MN	Minnesota	
city	Savage	MN	Minnesota	
city	Scandia	MN	Minnesota	
city	Scanlon	MN	Minnesota	
city	Seaforth	MN	Minnesota	
city	Sebeka	MN	Minnesota	
city	Sedan	MN	Minnesota	
city	Shafer	MN	Minnesota	
city	Shakopee	MN	Minnesota	
city	Shelly	MN	Minnesota	
city	Sherburn	MN	Minnesota	
city	Shevlin	MN	Minnesota	
city	Shoreview	MN	Minnesota	
city	Shorewood	MN	Minnesota	
city	Silver Bay	MN	Minnesota	
city	Silver Lake	MN	Minnesota	
city	Skyline	MN	Minnesota	
city	Slayton	MN	Minnesota	
city	Sleepy Eye	MN	Minnesota	
city	Sobieski	MN	Minnesota	
city	Solway	MN	Minnesota	
city	South Haven	MN	Minnesota	
city	South St. Paul	MN	Minnesota	
city	Spicer	MN	Minnesota	
city	Springfield	MN	Minnesota	
city	Spring Grove	MN	Minnesota	
city	Spring Hill	MN	Minnesota	
city	Spring Lake Park	MN	Minnesota	
city	Spring Park	MN	Minnesota	
city	Spring Valley	MN	Minnesota	
city	Squaw Lake	MN	Minnesota	
city	Stacy	MN	Minnesota	
city	Staples	MN	Minnesota	
city	Starbuck	MN	Minnesota	
city	Steen	MN	Minnesota	
city	Stephen	MN	Minnesota	
city	Stewart	MN	Minnesota	
city	Stewartville	MN	Minnesota	
city	Stillwater	MN	Minnesota	
city	Stockton	MN	Minnesota	
city	Storden	MN	Minnesota	
city	Strandquist	MN	Minnesota	
city	Strathcona	MN	Minnesota	
city	Sturgeon Lake	MN	Minnesota	
city	Sunburg	MN	Minnesota	
city	Sunfish Lake	MN	Minnesota	
city	Swanville	MN	Minnesota	
city	Taconite	MN	Minnesota	
city	Tamarack	MN	Minnesota	
city	Taopi	MN	Minnesota	
city	Taunton	MN	Minnesota	
city	Taylors Falls	MN	Minnesota	
city	Tenstrike	MN	Minnesota	
city	Thief River Falls	MN	Minnesota	
city	Tintah	MN	Minnesota	
city	Tonka Bay	MN	Minnesota	
city	Tower	MN	Minnesota	
city	Tracy	MN	Minnesota	
city	Trail	MN	Minnesota	
city	Trimont	MN	Minnesota	
city	Trommald	MN	Minnesota	
city	Trosky	MN	Minnesota	
city	Truman	MN	Minnesota	
city	Turtle River	MN	Minnesota	
city	Twin Lakes	MN	Minnesota	
city	Twin Valley	MN	Minnesota	
city	Two Harbors	MN	Minnesota	
city	Tyler	MN	Minnesota	
city	Ulen	MN	Minnesota	
city	Underwood	MN	Minnesota	
city	Upsala	MN	Minnesota	
city	Urbank	MN	Minnesota	
city	Utica	MN	Minnesota	
city	Vadnais Heights	MN	Minnesota	
city	Vergas	MN	Minnesota	
city	Vermillion	MN	Minnesota	
city	Verndale	MN	Minnesota	
city	Vernon Center	MN	Minnesota	
city	Vesta	MN	Minnesota	
city	Victoria	MN	Minnesota	
city	Viking	MN	Minnesota	
city	Villard	MN	Minnesota	
city	Vining	MN	Minnesota	
city	Virginia	MN	Minnesota	
city	Wabasha	MN	Minnesota	
city	Wabasso	MN	Minnesota	
city	Waconia	MN	Minnesota	
city	Wadena	MN	Minnesota	
city	Wahkon	MN	Minnesota	
city	Waite Park	MN	Minnesota	
city	Waldorf	MN	Minnesota	
city	Walker	MN	Minnesota	
city	Walnut Grove	MN	Minnesota	
city	Walters	MN	Minnesota	
city	Waltham	MN	Minnesota	
city	Wanamingo	MN	Minnesota	
city	Wanda	MN	Minnesota	
city	Warba	MN	Minnesota	
city	Warren	MN	Minnesota	
city	Warroad	MN	Minnesota	
city	Waseca	MN	Minnesota	
city	Watertown	MN	Minnesota	
city	Waterville	MN	Minnesota	
city	Watkins	MN	Minnesota	
city	Watson	MN	Minnesota	
city	Waubun	MN	Minnesota	
city	Waverly	MN	Minnesota	
city	Wayzata	MN	Minnesota	
city	Welcome	MN	Minnesota	
city	Wells	MN	Minnesota	
city	Wendell	MN	Minnesota	
city	Westbrook	MN	Minnesota	
city	West Concord	MN	Minnesota	
city	Westport	MN	Minnesota	
city	West St. Paul	MN	Minnesota	
city	West Union	MN	Minnesota	
city	Whalan	MN	Minnesota	
city	Wheaton	MN	Minnesota	
city	White Bear Lake	MN	Minnesota	
city	Wilder	MN	Minnesota	
city	Willernie	MN	Minnesota	
city	Williams	MN	Minnesota	
city	Willmar	MN	Minnesota	
city	Willow River	MN	Minnesota	
city	Wilmont	MN	Minnesota	
city	Wilton	MN	Minnesota	
city	Windom	MN	Minnesota	
city	Winger	MN	Minnesota	
city	Winnebago	MN	Minnesota	
city	Winona	MN	Minnesota	
city	Winsted	MN	Minnesota	
city	Winthrop	MN	Minnesota	
city	Winton	MN	Minnesota	
city	Wolf Lake	MN	Minnesota	
city	Wolverton	MN	Minnesota	
city	Woodbury	MN	Minnesota	
city	Wood Lake	MN	Minnesota	
city	Woodland	MN	Minnesota	
city	Woodstock	MN	Minnesota	
city	Worthington	MN	Minnesota	
city	Wrenshall	MN	Minnesota	
city	Wright	MN	Minnesota	
city	Wykoff	MN	Minnesota	
city	Wyoming	MN	Minnesota	
city	Zemple	MN	Minnesota	
city	Zimmerman	MN	Minnesota	
city	Zumbro Falls	MN	Minnesota	
city	Zumbrota	MN	Minnesota	
city	Abbeville	MS	Mississippi	
city	Aberdeen	MS	Mississippi	
city	Ackerman	MS	Mississippi	
city	Algoma	MS	Mississippi	
city	Alligator	MS	Mississippi	
city	Amory	MS	Mississippi	
city	Anguilla	MS	Mississippi	
city	Arcola	MS	Mississippi	
city	Artesia	MS	Mississippi	
city	Ashland	MS	Mississippi	
city	Baldwyn	MS	Mississippi	
city	Bassfield	MS	Mississippi	
city	Batesville	MS	Mississippi	
city	Bay St. Louis	MS	Mississippi	
city	Bay Springs	MS	Mississippi	
city	Beaumont	MS	Mississippi	
city	Beauregard	MS	Mississippi	
city	Belmont	MS	Mississippi	
city	Belzoni	MS	Mississippi	
city	Benoit	MS	Mississippi	
city	Bentonia	MS	Mississippi	
city	Beulah	MS	Mississippi	
city	Big Creek	MS	Mississippi	
city	Biloxi	MS	Mississippi	
city	Blue Mountain	MS	Mississippi	
city	Blue Springs	MS	Mississippi	
city	Bolton	MS	Mississippi	
city	Booneville	MS	Mississippi	
city	Boyle	MS	Mississippi	
city	Brandon	MS	Mississippi	
city	Braxton	MS	Mississippi	
city	Brookhaven	MS	Mississippi	
city	Brooksville	MS	Mississippi	
city	Bruce	MS	Mississippi	
city	Bude	MS	Mississippi	
city	Burnsville	MS	Mississippi	
city	Byhalia	MS	Mississippi	
city	Byram	MS	Mississippi	
city	Caledonia	MS	Mississippi	
city	Calhoun City	MS	Mississippi	
city	Canton	MS	Mississippi	
city	Carrollton	MS	Mississippi	
city	Carthage	MS	Mississippi	
city	Cary	MS	Mississippi	
city	Centreville	MS	Mississippi	
city	Charleston	MS	Mississippi	
city	Chunky	MS	Mississippi	
city	Clarksdale	MS	Mississippi	
city	Cleveland	MS	Mississippi	
city	Clinton	MS	Mississippi	
city	Coahoma	MS	Mississippi	
city	Coffeeville	MS	Mississippi	
city	Coldwater	MS	Mississippi	
city	Collins	MS	Mississippi	
city	Columbia	MS	Mississippi	
city	Columbus	MS	Mississippi	
city	Como	MS	Mississippi	
city	Corinth	MS	Mississippi	
city	Courtland	MS	Mississippi	
city	Crawford	MS	Mississippi	
city	Crenshaw	MS	Mississippi	
city	Crosby	MS	Mississippi	
city	Crowder	MS	Mississippi	
city	Cruger	MS	Mississippi	
city	Crystal Springs	MS	Mississippi	
city	Decatur	MS	Mississippi	
city	De Kalb	MS	Mississippi	
city	Derma	MS	Mississippi	
city	Diamondhead	MS	Mississippi	
city	D'Iberville	MS	Mississippi	
city	D'Lo	MS	Mississippi	
city	Doddsville	MS	Mississippi	
city	Drew	MS	Mississippi	
city	Duck Hill	MS	Mississippi	
city	Dumas	MS	Mississippi	
city	Duncan	MS	Mississippi	
city	Durant	MS	Mississippi	
city	Ecru	MS	Mississippi	
city	Eden	MS	Mississippi	
city	Edwards	MS	Mississippi	
city	Ellisville	MS	Mississippi	
city	Enterprise	MS	Mississippi	
city	Ethel	MS	Mississippi	
city	Eupora	MS	Mississippi	
city	Falcon	MS	Mississippi	
city	Falkner	MS	Mississippi	
city	Farmington	MS	Mississippi	
city	Fayette	MS	Mississippi	
city	Flora	MS	Mississippi	
city	Florence	MS	Mississippi	
city	Flowood	MS	Mississippi	
city	Forest	MS	Mississippi	
city	French Camp	MS	Mississippi	
city	Friars Point	MS	Mississippi	
city	Fulton	MS	Mississippi	
city	Gattman	MS	Mississippi	
city	Gautier	MS	Mississippi	
city	Georgetown	MS	Mississippi	
city	Glen	MS	Mississippi	
city	Glendora	MS	Mississippi	
city	Gloster	MS	Mississippi	
city	Gluckstadt	MS	Mississippi	
city	Golden	MS	Mississippi	
city	Goodman	MS	Mississippi	
city	Greenville	MS	Mississippi	
city	Greenwood	MS	Mississippi	
city	Grenada	MS	Mississippi	
city	Gulfport	MS	Mississippi	
city	Gunnison	MS	Mississippi	
city	Guntown	MS	Mississippi	
city	Hatley	MS	Mississippi	
city	Hattiesburg	MS	Mississippi	
city	Hazlehurst	MS	Mississippi	
city	Heidelberg	MS	Mississippi	
city	Hernando	MS	Mississippi	
city	Hickory	MS	Mississippi	
city	Hickory Flat	MS	Mississippi	
city	Hollandale	MS	Mississippi	
city	Holly Springs	MS	Mississippi	
city	Horn Lake	MS	Mississippi	
city	Houston	MS	Mississippi	
city	Indianola	MS	Mississippi	
city	Inverness	MS	Mississippi	
city	Isola	MS	Mississippi	
city	Itta Bena	MS	Mississippi	
city	Iuka	MS	Mississippi	
city	Jackson	MS	Mississippi	
city	Jonestown	MS	Mississippi	
city	Jumpertown	MS	Mississippi	
city	Kilmichael	MS	Mississippi	
city	Kosciusko	MS	Mississippi	
city	Kossuth	MS	Mississippi	
city	Lake	MS	Mississippi	
city	Lambert	MS	Mississippi	
city	Laurel	MS	Mississippi	
city	Leakesville	MS	Mississippi	
city	Learned	MS	Mississippi	
city	Leland	MS	Mississippi	
city	Lena	MS	Mississippi	
city	Lexington	MS	Mississippi	
city	Liberty	MS	Mississippi	
city	Long Beach	MS	Mississippi	
city	Louin	MS	Mississippi	
city	Louise	MS	Mississippi	
city	Louisville	MS	Mississippi	
city	Lucedale	MS	Mississippi	
city	Lula	MS	Mississippi	
city	Lumberton	MS	Mississippi	
city	Lyon	MS	Mississippi	
city	Maben	MS	Mississippi	
city	McComb	MS	Mississippi	
city	McCool	MS	Mississippi	
city	McLain	MS	Mississippi	
city	Macon	MS	Mississippi	
city	Madison	MS	Mississippi	
city	Magee	MS	Mississippi	
city	Magnolia	MS	Mississippi	
city	Mantachie	MS	Mississippi	
city	Mantee	MS	Mississippi	
city	Marietta	MS	Mississippi	
city	Marion	MS	Mississippi	
city	Marks	MS	Mississippi	
city	Mathiston	MS	Mississippi	
city	Mayersville	MS	Mississippi	
city	Meadville	MS	Mississippi	
city	Mendenhall	MS	Mississippi	
city	Meridian	MS	Mississippi	
city	Merigold	MS	Mississippi	
city	Metcalfe	MS	Mississippi	
city	Mize	MS	Mississippi	
city	Monticello	MS	Mississippi	
city	Montrose	MS	Mississippi	
city	Moorhead	MS	Mississippi	
city	Morgan City	MS	Mississippi	
city	Morton	MS	Mississippi	
city	Moss Point	MS	Mississippi	
city	Mound Bayou	MS	Mississippi	
city	Mount Olive	MS	Mississippi	
city	Myrtle	MS	Mississippi	
city	Natchez	MS	Mississippi	
city	Nettleton	MS	Mississippi	
city	New Albany	MS	Mississippi	
city	New Augusta	MS	Mississippi	
city	New Hebron	MS	Mississippi	
city	New Houlka	MS	Mississippi	
city	Newton	MS	Mississippi	
city	North Carrollton	MS	Mississippi	
city	Noxapater	MS	Mississippi	
city	Oakland	MS	Mississippi	
city	Ocean Springs	MS	Mississippi	
city	Okolona	MS	Mississippi	
city	Olive Branch	MS	Mississippi	
city	Osyka	MS	Mississippi	
city	Oxford	MS	Mississippi	
city	Pace	MS	Mississippi	
city	Pachuta	MS	Mississippi	
city	Paden	MS	Mississippi	
city	Pascagoula	MS	Mississippi	
city	Pass Christian	MS	Mississippi	
city	Pearl	MS	Mississippi	
city	Pelahatchie	MS	Mississippi	
city	Petal	MS	Mississippi	
city	Philadelphia	MS	Mississippi	
city	Picayune	MS	Mississippi	
city	Pickens	MS	Mississippi	
city	Pittsboro	MS	Mississippi	
city	Plantersville	MS	Mississippi	
city	Polkville	MS	Mississippi	
city	Pontotoc	MS	Mississippi	
city	Pope	MS	Mississippi	
city	Poplarville	MS	Mississippi	
city	Port Gibson	MS	Mississippi	
city	Potts Camp	MS	Mississippi	
city	Prentiss	MS	Mississippi	
city	Puckett	MS	Mississippi	
city	Purvis	MS	Mississippi	
city	Quitman	MS	Mississippi	
city	Raleigh	MS	Mississippi	
city	Raymond	MS	Mississippi	
city	Renova	MS	Mississippi	
city	Richland	MS	Mississippi	
city	Richton	MS	Mississippi	
city	Ridgeland	MS	Mississippi	
city	Rienzi	MS	Mississippi	
city	Ripley	MS	Mississippi	
city	Rolling Fork	MS	Mississippi	
city	Rosedale	MS	Mississippi	
city	Roxie	MS	Mississippi	
city	Ruleville	MS	Mississippi	
city	Sallis	MS	Mississippi	
city	Saltillo	MS	Mississippi	
city	Sandersville	MS	Mississippi	
city	Sardis	MS	Mississippi	
city	Satartia	MS	Mississippi	
city	Schlater	MS	Mississippi	
city	Scooba	MS	Mississippi	
city	Sebastopol	MS	Mississippi	
city	Seminary	MS	Mississippi	
city	Senatobia	MS	Mississippi	
city	Shannon	MS	Mississippi	
city	Shaw	MS	Mississippi	
city	Shelby	MS	Mississippi	
city	Sherman	MS	Mississippi	
city	Shubuta	MS	Mississippi	
city	Shuqualak	MS	Mississippi	
city	Sidon	MS	Mississippi	
city	Silver City	MS	Mississippi	
city	Silver Creek	MS	Mississippi	
city	Slate Springs	MS	Mississippi	
city	Sledge	MS	Mississippi	
city	Smithville	MS	Mississippi	
city	Snow Lake Shores	MS	Mississippi	
city	Soso	MS	Mississippi	
city	Southaven	MS	Mississippi	
city	Starkville	MS	Mississippi	
city	State Line	MS	Mississippi	
city	Stonewall	MS	Mississippi	
city	Sturgis	MS	Mississippi	
city	Summit	MS	Mississippi	
city	Sumner	MS	Mississippi	
city	Sumrall	MS	Mississippi	
city	Sunflower	MS	Mississippi	
city	Sylvarena	MS	Mississippi	
city	Taylor	MS	Mississippi	
city	Taylorsville	MS	Mississippi	
city	Tchula	MS	Mississippi	
city	Terry	MS	Mississippi	
city	Thaxton	MS	Mississippi	
city	Tishomingo	MS	Mississippi	
city	Toccopola	MS	Mississippi	
city	Tremont	MS	Mississippi	
city	Tunica	MS	Mississippi	
city	Tupelo	MS	Mississippi	
city	Tutwiler	MS	Mississippi	
city	Tylertown	MS	Mississippi	
city	Union	MS	Mississippi	
city	Utica	MS	Mississippi	
city	Vaiden	MS	Mississippi	
city	Vardaman	MS	Mississippi	
city	Verona	MS	Mississippi	
city	Vicksburg	MS	Mississippi	
city	Walls	MS	Mississippi	
city	Walnut	MS	Mississippi	
city	Walnut Grove	MS	Mississippi	
city	Walthall	MS	Mississippi	
city	Water Valley	MS	Mississippi	
city	Waveland	MS	Mississippi	
city	Waynesboro	MS	Mississippi	
city	Webb	MS	Mississippi	
city	Weir	MS	Mississippi	
city	Wesson	MS	Mississippi	
city	West	MS	Mississippi	
city	West Point	MS	Mississippi	
city	Wiggins	MS	Mississippi	
city	Winona	MS	Mississippi	
city	Winstonville	MS	Mississippi	
city	Woodland	MS	Mississippi	
city	Woodville	MS	Mississippi	
city	Yazoo City	MS	Mississippi	
city	Adrian	MO	Missouri	
city	Advance	MO	Missouri	
city	Agency	MO	Missouri	
city	Airport Drive	MO	Missouri	
city	Alba	MO	Missouri	
city	Albany	MO	Missouri	
city	Aldrich	MO	Missouri	
city	Alexandria	MO	Missouri	
city	Allendale	MO	Missouri	
city	Allenville	MO	Missouri	
city	Alma	MO	Missouri	
city	Altamont	MO	Missouri	
city	Altenburg	MO	Missouri	
city	Alton	MO	Missouri	
city	Amazonia	MO	Missouri	
city	Amity	MO	Missouri	
city	Amoret	MO	Missouri	
city	Amsterdam	MO	Missouri	
city	Anderson	MO	Missouri	
city	Annada	MO	Missouri	
city	Annapolis	MO	Missouri	
city	Anniston	MO	Missouri	
city	Appleton City	MO	Missouri	
city	Arbela	MO	Missouri	
city	Arbyrd	MO	Missouri	
city	Arcadia	MO	Missouri	
city	Archie	MO	Missouri	
city	Arcola	MO	Missouri	
city	Argyle	MO	Missouri	
city	Arkoe	MO	Missouri	
city	Armstrong	MO	Missouri	
city	Arnold	MO	Missouri	
city	Arrow Point	MO	Missouri	
city	Arrow Rock	MO	Missouri	
city	Asbury	MO	Missouri	
city	Ash Grove	MO	Missouri	
city	Ashland	MO	Missouri	
city	Atlanta	MO	Missouri	
city	Augusta	MO	Missouri	
city	Aullville	MO	Missouri	
city	Aurora	MO	Missouri	
city	Auxvasse	MO	Missouri	
city	Ava	MO	Missouri	
city	Avilla	MO	Missouri	
city	Avondale	MO	Missouri	
city	Bagnell	MO	Missouri	
city	Bakersfield	MO	Missouri	
city	Baldwin Park	MO	Missouri	
city	Ballwin	MO	Missouri	
city	Baring	MO	Missouri	
city	Barnard	MO	Missouri	
city	Barnett	MO	Missouri	
city	Bates City	MO	Missouri	
city	Battlefield	MO	Missouri	
city	Bella Villa	MO	Missouri	
city	Bell City	MO	Missouri	
city	Belle	MO	Missouri	
city	Bellefontaine Neighbors	MO	Missouri	
city	Bellerive Acres	MO	Missouri	
city	Bellflower	MO	Missouri	
city	Bel-Nor	MO	Missouri	
city	Bel-Ridge	MO	Missouri	
city	Belton	MO	Missouri	
city	Benton	MO	Missouri	
city	Benton City	MO	Missouri	
city	Berger	MO	Missouri	
city	Berkeley	MO	Missouri	
city	Bernie	MO	Missouri	
city	Bertrand	MO	Missouri	
city	Bethany	MO	Missouri	
city	Bethel	MO	Missouri	
city	Beverly Hills	MO	Missouri	
city	Bevier	MO	Missouri	
city	Bigelow	MO	Missouri	
city	Big Lake	MO	Missouri	
city	Billings	MO	Missouri	
city	Birch Tree	MO	Missouri	
city	Birmingham	MO	Missouri	
city	Bismarck	MO	Missouri	
city	Blackburn	MO	Missouri	
city	Black Jack	MO	Missouri	
city	Blackwater	MO	Missouri	
city	Blairstown	MO	Missouri	
city	Bland	MO	Missouri	
city	Blodgett	MO	Missouri	
city	Bloomfield	MO	Missouri	
city	Bloomsdale	MO	Missouri	
city	Blue Eye	MO	Missouri	
city	Blue Springs	MO	Missouri	
city	Blythedale	MO	Missouri	
city	Bogard	MO	Missouri	
city	Bolckow	MO	Missouri	
city	Bolivar	MO	Missouri	
city	Bonne Terre	MO	Missouri	
city	Boonville	MO	Missouri	
city	Bosworth	MO	Missouri	
city	Bourbon	MO	Missouri	
city	Bowling Green	MO	Missouri	
city	Bragg City	MO	Missouri	
city	Brandsville	MO	Missouri	
city	Branson	MO	Missouri	
city	Branson West	MO	Missouri	
city	Brashear	MO	Missouri	
city	Braymer	MO	Missouri	
city	Breckenridge	MO	Missouri	
city	Breckenridge Hills	MO	Missouri	
city	Brentwood	MO	Missouri	
city	Bridgeton	MO	Missouri	
city	Brimson	MO	Missouri	
city	Bronaugh	MO	Missouri	
city	Brookfield	MO	Missouri	
city	Brooklyn Heights	MO	Missouri	
city	Browning	MO	Missouri	
city	Brownington	MO	Missouri	
city	Brumley	MO	Missouri	
city	Brunswick	MO	Missouri	
city	Bucklin	MO	Missouri	
city	Buckner	MO	Missouri	
city	Buffalo	MO	Missouri	
city	Bull Creek	MO	Missouri	
city	Bunceton	MO	Missouri	
city	Bunker	MO	Missouri	
city	Burlington Junction	MO	Missouri	
city	Butler	MO	Missouri	
city	Butterfield	MO	Missouri	
city	Byrnes Mill	MO	Missouri	
city	Cabool	MO	Missouri	
city	Cainsville	MO	Missouri	
city	Cairo	MO	Missouri	
city	Caledonia	MO	Missouri	
city	Calhoun	MO	Missouri	
city	California	MO	Missouri	
city	Callao	MO	Missouri	
city	Calverton Park	MO	Missouri	
city	Camden	MO	Missouri	
city	Camden Point	MO	Missouri	
city	Camdenton	MO	Missouri	
city	Cameron	MO	Missouri	
city	Campbell	MO	Missouri	
city	Canalou	MO	Missouri	
city	Canton	MO	Missouri	
city	Cape Girardeau	MO	Missouri	
city	Cardwell	MO	Missouri	
city	Carl Junction	MO	Missouri	
city	Carrollton	MO	Missouri	
city	Carterville	MO	Missouri	
city	Carthage	MO	Missouri	
city	Caruthersville	MO	Missouri	
city	Carytown	MO	Missouri	
city	Cassville	MO	Missouri	
city	Catron	MO	Missouri	
city	Cedar Hill Lakes	MO	Missouri	
city	Center	MO	Missouri	
city	Centertown	MO	Missouri	
city	Centerview	MO	Missouri	
city	Centerville	MO	Missouri	
city	Centralia	MO	Missouri	
city	Chaffee	MO	Missouri	
city	Chain of Rocks	MO	Missouri	
city	Chain-O-Lakes	MO	Missouri	
city	Chamois	MO	Missouri	
city	Champ	MO	Missouri	
city	Charlack	MO	Missouri	
city	Charleston	MO	Missouri	
city	Charmwood	MO	Missouri	
city	Chesterfield	MO	Missouri	
city	Chilhowee	MO	Missouri	
city	Chillicothe	MO	Missouri	
city	Chula	MO	Missouri	
city	Clarence	MO	Missouri	
city	Clark	MO	Missouri	
city	Clarksburg	MO	Missouri	
city	Clarksdale	MO	Missouri	
city	Clarkson Valley	MO	Missouri	
city	Clarksville	MO	Missouri	
city	Clarkton	MO	Missouri	
city	Claycomo	MO	Missouri	
city	Clayton	MO	Missouri	
city	Clearmont	MO	Missouri	
city	Cleveland	MO	Missouri	
city	Clever	MO	Missouri	
city	Cliff Village	MO	Missouri	
city	Clifton Hill	MO	Missouri	
city	Clinton	MO	Missouri	
city	Clyde	MO	Missouri	
city	Cobalt	MO	Missouri	
city	Coffey	MO	Missouri	
city	Cole Camp	MO	Missouri	
city	Collins	MO	Missouri	
city	Columbia	MO	Missouri	
city	Commerce	MO	Missouri	
city	Conception Junction	MO	Missouri	
city	Concordia	MO	Missouri	
city	Coney Island	MO	Missouri	
city	Conway	MO	Missouri	
city	Cool Valley	MO	Missouri	
city	Cooter	MO	Missouri	
city	Corder	MO	Missouri	
city	Corning	MO	Missouri	
city	Cosby	MO	Missouri	
city	Cottleville	MO	Missouri	
city	Country Club	MO	Missouri	
city	Country Club Hills	MO	Missouri	
city	Country Life Acres	MO	Missouri	
city	Cowgill	MO	Missouri	
city	Craig	MO	Missouri	
city	Crane	MO	Missouri	
city	Creighton	MO	Missouri	
city	Crestwood	MO	Missouri	
city	Creve Coeur	MO	Missouri	
city	Crocker	MO	Missouri	
city	Cross Timbers	MO	Missouri	
city	Crystal City	MO	Missouri	
city	Crystal Lake Park	MO	Missouri	
city	Crystal Lakes	MO	Missouri	
city	Cuba	MO	Missouri	
city	Curryville	MO	Missouri	
city	Dadeville	MO	Missouri	
city	Dalton	MO	Missouri	
city	Dardenne Prairie	MO	Missouri	
city	Darlington	MO	Missouri	
city	Dearborn	MO	Missouri	
city	Deepwater	MO	Missouri	
city	Deerfield	MO	Missouri	
city	De Kalb	MO	Missouri	
city	Dellwood	MO	Missouri	
city	Delta	MO	Missouri	
city	Dennis Acres	MO	Missouri	
city	Denver	MO	Missouri	
city	Des Arc	MO	Missouri	
city	Desloge	MO	Missouri	
city	De Soto	MO	Missouri	
city	Des Peres	MO	Missouri	
city	De Witt	MO	Missouri	
city	Dexter	MO	Missouri	
city	Diamond	MO	Missouri	
city	Diehlstadt	MO	Missouri	
city	Diggins	MO	Missouri	
city	Dixon	MO	Missouri	
city	Doniphan	MO	Missouri	
city	Doolittle	MO	Missouri	
city	Dover	MO	Missouri	
city	Downing	MO	Missouri	
city	Drexel	MO	Missouri	
city	Dudley	MO	Missouri	
city	Duenweg	MO	Missouri	
city	Duquesne	MO	Missouri	
city	Eagleville	MO	Missouri	
city	East Lynne	MO	Missouri	
city	Easton	MO	Missouri	
city	East Prairie	MO	Missouri	
city	Edgar Springs	MO	Missouri	
city	Edgerton	MO	Missouri	
city	Edina	MO	Missouri	
city	Edmundson	MO	Missouri	
city	Eldon	MO	Missouri	
city	El Dorado Springs	MO	Missouri	
city	Ellington	MO	Missouri	
city	Ellisville	MO	Missouri	
city	Ellsinore	MO	Missouri	
city	Elmer	MO	Missouri	
city	Elmira	MO	Missouri	
city	Elmo	MO	Missouri	
city	Elsberry	MO	Missouri	
city	Emerald Beach	MO	Missouri	
city	Eminence	MO	Missouri	
city	Emma	MO	Missouri	
city	Eolia	MO	Missouri	
city	Essex	MO	Missouri	
city	Ethel	MO	Missouri	
city	Eureka	MO	Missouri	
city	Evergreen	MO	Missouri	
city	Everton	MO	Missouri	
city	Ewing	MO	Missouri	
city	Excelsior Estates	MO	Missouri	
city	Excelsior Springs	MO	Missouri	
city	Exeter	MO	Missouri	
city	Fairfax	MO	Missouri	
city	Fair Grove	MO	Missouri	
city	Fair Play	MO	Missouri	
city	Fairview	MO	Missouri	
city	Farber	MO	Missouri	
city	Farley	MO	Missouri	
city	Farmington	MO	Missouri	
city	Fayette	MO	Missouri	
city	Fenton	MO	Missouri	
city	Ferguson	MO	Missouri	
city	Ferrelview	MO	Missouri	
city	Festus	MO	Missouri	
city	Fidelity	MO	Missouri	
city	Fillmore	MO	Missouri	
city	Fisk	MO	Missouri	
city	Fleming	MO	Missouri	
city	Flemington	MO	Missouri	
city	Flint Hill	MO	Missouri	
city	Flordell Hills	MO	Missouri	
city	Florissant	MO	Missouri	
city	Foley	MO	Missouri	
city	Fordland	MO	Missouri	
city	Forest City	MO	Missouri	
city	Foristell	MO	Missouri	
city	Forsyth	MO	Missouri	
city	Fortescue	MO	Missouri	
city	Foster	MO	Missouri	
city	Fountain N' Lakes	MO	Missouri	
city	Frankford	MO	Missouri	
city	Franklin	MO	Missouri	
city	Fredericktown	MO	Missouri	
city	Freeburg	MO	Missouri	
city	Freeman	MO	Missouri	
city	Freistatt	MO	Missouri	
city	Fremont Hills	MO	Missouri	
city	Friedenswald	MO	Missouri	
city	Frohna	MO	Missouri	
city	Frontenac	MO	Missouri	
city	Fulton	MO	Missouri	
city	Gainesville	MO	Missouri	
city	Galena	MO	Missouri	
city	Gallatin	MO	Missouri	
city	Galt	MO	Missouri	
city	Garden City	MO	Missouri	
city	Gasconade	MO	Missouri	
city	Gentry	MO	Missouri	
city	Gerald	MO	Missouri	
city	Gerster	MO	Missouri	
city	Gibbs	MO	Missouri	
city	Gideon	MO	Missouri	
city	Gilliam	MO	Missouri	
city	Gilman City	MO	Missouri	
city	Ginger Blue	MO	Missouri	
city	Gladstone	MO	Missouri	
city	Glasgow	MO	Missouri	
city	Glenaire	MO	Missouri	
city	Glen Allen	MO	Missouri	
city	Glendale	MO	Missouri	
city	Glen Echo Park	MO	Missouri	
city	Glenwood	MO	Missouri	
city	Golden City	MO	Missouri	
city	Goodman	MO	Missouri	
city	Gordonville	MO	Missouri	
city	Gower	MO	Missouri	
city	Graham	MO	Missouri	
city	Grain Valley	MO	Missouri	
city	Granby	MO	Missouri	
city	Grand Falls Plaza	MO	Missouri	
city	Grandin	MO	Missouri	
city	Grand Pass	MO	Missouri	
city	Grandview	MO	Missouri	
city	Granger	MO	Missouri	
city	Grant City	MO	Missouri	
city	Grantwood Village	MO	Missouri	
city	Gravois Mills	MO	Missouri	
city	Green Castle	MO	Missouri	
city	Green City	MO	Missouri	
city	Greendale	MO	Missouri	
city	Greenfield	MO	Missouri	
city	Green Park	MO	Missouri	
city	Green Ridge	MO	Missouri	
city	Greentop	MO	Missouri	
city	Greenville	MO	Missouri	
city	Greenwood	MO	Missouri	
city	Guilford	MO	Missouri	
city	Gunn City	MO	Missouri	
city	Hale	MO	Missouri	
city	Halfway	MO	Missouri	
city	Hallsville	MO	Missouri	
city	Halltown	MO	Missouri	
city	Hamilton	MO	Missouri	
city	Hanley Hills	MO	Missouri	
city	Hannibal	MO	Missouri	
city	Hardin	MO	Missouri	
city	Harris	MO	Missouri	
city	Harrisburg	MO	Missouri	
city	Harrisonville	MO	Missouri	
city	Hartsburg	MO	Missouri	
city	Hartville	MO	Missouri	
city	Harwood	MO	Missouri	
city	Hawk Point	MO	Missouri	
city	Hayti	MO	Missouri	
city	Hayti Heights	MO	Missouri	
city	Haywood City	MO	Missouri	
city	Hazelwood	MO	Missouri	
city	Henrietta	MO	Missouri	
city	Herculaneum	MO	Missouri	
city	Hermann	MO	Missouri	
city	Hermitage	MO	Missouri	
city	Higbee	MO	Missouri	
city	Higginsville	MO	Missouri	
city	High Hill	MO	Missouri	
city	Highlandville	MO	Missouri	
city	Hillsboro	MO	Missouri	
city	Hillsdale	MO	Missouri	
city	Hoberg	MO	Missouri	
city	Holcomb	MO	Missouri	
city	Holden	MO	Missouri	
city	Holland	MO	Missouri	
city	Holliday	MO	Missouri	
city	Hollister	MO	Missouri	
city	Holt	MO	Missouri	
city	Holts Summit	MO	Missouri	
city	Homestead	MO	Missouri	
city	Homestown	MO	Missouri	
city	Hopkins	MO	Missouri	
city	Hornersville	MO	Missouri	
city	Houston	MO	Missouri	
city	Houstonia	MO	Missouri	
city	Houston Lake	MO	Missouri	
city	Howardville	MO	Missouri	
city	Hughesville	MO	Missouri	
city	Humansville	MO	Missouri	
city	Hume	MO	Missouri	
city	Humphreys	MO	Missouri	
city	Hunnewell	MO	Missouri	
city	Huntleigh	MO	Missouri	
city	Huntsdale	MO	Missouri	
city	Huntsville	MO	Missouri	
city	Hurdland	MO	Missouri	
city	Hurley	MO	Missouri	
city	Iatan	MO	Missouri	
city	Iberia	MO	Missouri	
city	Independence	MO	Missouri	
city	Indian Point	MO	Missouri	
city	Innsbrook	MO	Missouri	
city	Ionia	MO	Missouri	
city	Irena	MO	Missouri	
city	Irondale	MO	Missouri	
city	Iron Mountain Lake	MO	Missouri	
city	Ironton	MO	Missouri	
city	Jackson	MO	Missouri	
city	Jacksonville	MO	Missouri	
city	Jameson	MO	Missouri	
city	Jamesport	MO	Missouri	
city	Jamestown	MO	Missouri	
city	Jane	MO	Missouri	
city	Jasper	MO	Missouri	
city	Jefferson City	MO	Missouri	
city	Jennings	MO	Missouri	
city	Jerico Springs	MO	Missouri	
city	Jonesburg	MO	Missouri	
city	Joplin	MO	Missouri	
city	Josephville	MO	Missouri	
city	Junction City	MO	Missouri	
city	Kahoka	MO	Missouri	
city	Kansas City	MO	Missouri	
city	Kearney	MO	Missouri	
city	Kelso	MO	Missouri	
city	Kennett	MO	Missouri	
city	Keytesville	MO	Missouri	
city	Kidder	MO	Missouri	
city	Kimberling City	MO	Missouri	
city	Kimmswick	MO	Missouri	
city	King City	MO	Missouri	
city	Kingdom City	MO	Missouri	
city	Kingston	MO	Missouri	
city	Kingsville	MO	Missouri	
city	Kinloch	MO	Missouri	
city	Kirbyville	MO	Missouri	
city	Kirksville	MO	Missouri	
city	Kirkwood	MO	Missouri	
city	Knob Noster	MO	Missouri	
city	Knox City	MO	Missouri	
city	Koshkonong	MO	Missouri	
city	La Belle	MO	Missouri	
city	Laclede	MO	Missouri	
city	Laddonia	MO	Missouri	
city	Ladue	MO	Missouri	
city	La Grange	MO	Missouri	
city	Lake Annette	MO	Missouri	
city	Lake Lafayette	MO	Missouri	
city	Lake Lotawana	MO	Missouri	
city	Lake Ozark	MO	Missouri	
city	Lake St. Louis	MO	Missouri	
city	Lakeshire	MO	Missouri	
city	Lake Tapawingo	MO	Missouri	
city	Lake Tekakwitha	MO	Missouri	
city	Lake Waukomis	MO	Missouri	
city	Lake Winnebago	MO	Missouri	
city	Lamar	MO	Missouri	
city	Lamar Heights	MO	Missouri	
city	La Monte	MO	Missouri	
city	Lanagan	MO	Missouri	
city	Lancaster	MO	Missouri	
city	La Plata	MO	Missouri	
city	Laredo	MO	Missouri	
city	La Russell	MO	Missouri	
city	Lathrop	MO	Missouri	
city	Laurie	MO	Missouri	
city	Lawson	MO	Missouri	
city	Leadington	MO	Missouri	
city	Leadwood	MO	Missouri	
city	Leasburg	MO	Missouri	
city	Leawood	MO	Missouri	
city	Lebanon	MO	Missouri	
city	Lee's Summit	MO	Missouri	
city	Leeton	MO	Missouri	
city	Leonard	MO	Missouri	
city	Leslie	MO	Missouri	
city	Levasy	MO	Missouri	
city	Lewis and Clark Village	MO	Missouri	
city	Lewistown	MO	Missouri	
city	Lexington	MO	Missouri	
city	Liberal	MO	Missouri	
city	Liberty	MO	Missouri	
city	Licking	MO	Missouri	
city	Lilbourn	MO	Missouri	
city	Lincoln	MO	Missouri	
city	Linn	MO	Missouri	
city	Linn Creek	MO	Missouri	
city	Linneus	MO	Missouri	
city	Livonia	MO	Missouri	
city	Loch Lloyd	MO	Missouri	
city	Lock Springs	MO	Missouri	
city	Lockwood	MO	Missouri	
city	Lohman	MO	Missouri	
city	Loma Linda	MO	Missouri	
city	Lone Jack	MO	Missouri	
city	Longtown	MO	Missouri	
city	Louisburg	MO	Missouri	
city	Louisiana	MO	Missouri	
city	Lowry City	MO	Missouri	
city	Lucerne	MO	Missouri	
city	Ludlow	MO	Missouri	
city	Lupus	MO	Missouri	
city	Luray	MO	Missouri	
city	McBaine	MO	Missouri	
city	McCord Bend	MO	Missouri	
city	McFall	MO	Missouri	
city	McKittrick	MO	Missouri	
city	Macon	MO	Missouri	
city	Madison	MO	Missouri	
city	Maitland	MO	Missouri	
city	Malden	MO	Missouri	
city	Malta Bend	MO	Missouri	
city	Manchester	MO	Missouri	
city	Mansfield	MO	Missouri	
city	Maplewood	MO	Missouri	
city	Marble Hill	MO	Missouri	
city	Marceline	MO	Missouri	
city	Marionville	MO	Missouri	
city	Marlborough	MO	Missouri	
city	Marquand	MO	Missouri	
city	Marshall	MO	Missouri	
city	Marshfield	MO	Missouri	
city	Marston	MO	Missouri	
city	Marthasville	MO	Missouri	
city	Martinsburg	MO	Missouri	
city	Maryland Heights	MO	Missouri	
city	Maryville	MO	Missouri	
city	Matthews	MO	Missouri	
city	Maysville	MO	Missouri	
city	Mayview	MO	Missouri	
city	Meadville	MO	Missouri	
city	Memphis	MO	Missouri	
city	Mendon	MO	Missouri	
city	Mercer	MO	Missouri	
city	Merriam Woods	MO	Missouri	
city	Merwin	MO	Missouri	
city	Meta	MO	Missouri	
city	Metz	MO	Missouri	
city	Mexico	MO	Missouri	
city	Miami	MO	Missouri	
city	Middletown	MO	Missouri	
city	Milan	MO	Missouri	
city	Milford	MO	Missouri	
city	Millard	MO	Missouri	
city	Miller	MO	Missouri	
city	Mill Spring	MO	Missouri	
city	Milo	MO	Missouri	
city	Mindenmines	MO	Missouri	
city	Miner	MO	Missouri	
city	Mineral Point	MO	Missouri	
city	Miramiguoa Park	MO	Missouri	
city	Missouri City	MO	Missouri	
city	Moberly	MO	Missouri	
city	Mokane	MO	Missouri	
city	Moline Acres	MO	Missouri	
city	Monett	MO	Missouri	
city	Monroe City	MO	Missouri	
city	Montgomery City	MO	Missouri	
city	Monticello	MO	Missouri	
city	Montrose	MO	Missouri	
city	Mooresville	MO	Missouri	
city	Morehouse	MO	Missouri	
city	Morley	MO	Missouri	
city	Morrison	MO	Missouri	
city	Morrisville	MO	Missouri	
city	Mosby	MO	Missouri	
city	Moscow Mills	MO	Missouri	
city	Mound City	MO	Missouri	
city	Moundville	MO	Missouri	
city	Mountain Grove	MO	Missouri	
city	Mountain View	MO	Missouri	
city	Mount Leonard	MO	Missouri	
city	Mount Moriah	MO	Missouri	
city	Mount Vernon	MO	Missouri	
city	Napoleon	MO	Missouri	
city	Naylor	MO	Missouri	
city	Neck City	MO	Missouri	
city	Neelyville	MO	Missouri	
city	Nelson	MO	Missouri	
city	Neosho	MO	Missouri	
city	Nevada	MO	Missouri	
city	Newark	MO	Missouri	
city	New Bloomfield	MO	Missouri	
city	Newburg	MO	Missouri	
city	New Cambria	MO	Missouri	
city	New Florence	MO	Missouri	
city	New Franklin	MO	Missouri	
city	New Hampton	MO	Missouri	
city	New Haven	MO	Missouri	
city	New London	MO	Missouri	
city	New Madrid	MO	Missouri	
city	New Melle	MO	Missouri	
city	Newtonia	MO	Missouri	
city	Newtown	MO	Missouri	
city	Niangua	MO	Missouri	
city	Nixa	MO	Missouri	
city	Noel	MO	Missouri	
city	Norborne	MO	Missouri	
city	Normandy	MO	Missouri	
city	North Kansas City	MO	Missouri	
city	North Lilbourn	MO	Missouri	
city	Northmoor	MO	Missouri	
city	Northwoods	MO	Missouri	
city	Norwood	MO	Missouri	
city	Norwood Court	MO	Missouri	
city	Novelty	MO	Missouri	
city	Novinger	MO	Missouri	
city	Oak Grove	MO	Missouri	
city	Oak Grove Village	MO	Missouri	
city	Oakland	MO	Missouri	
city	Oak Ridge	MO	Missouri	
city	Oaks	MO	Missouri	
city	Oakview	MO	Missouri	
city	Oakwood	MO	Missouri	
city	Oakwood Park	MO	Missouri	
city	Odessa	MO	Missouri	
city	O'Fallon	MO	Missouri	
city	Old Appleton	MO	Missouri	
city	Old Monroe	MO	Missouri	
city	Olean	MO	Missouri	
city	Olivette	MO	Missouri	
city	Olympian Village	MO	Missouri	
city	Oran	MO	Missouri	
city	Oregon	MO	Missouri	
city	Oronogo	MO	Missouri	
city	Orrick	MO	Missouri	
city	Osage Beach	MO	Missouri	
city	Osborn	MO	Missouri	
city	Osceola	MO	Missouri	
city	Osgood	MO	Missouri	
city	Otterville	MO	Missouri	
city	Overland	MO	Missouri	
city	Owensville	MO	Missouri	
city	Ozark	MO	Missouri	
city	Pacific	MO	Missouri	
city	Pagedale	MO	Missouri	
city	Palmyra	MO	Missouri	
city	Paris	MO	Missouri	
city	Parkdale	MO	Missouri	
city	Park Hills	MO	Missouri	
city	Parkville	MO	Missouri	
city	Parkway	MO	Missouri	
city	Parma	MO	Missouri	
city	Parnell	MO	Missouri	
city	Pasadena Hills	MO	Missouri	
city	Pasadena Park	MO	Missouri	
city	Pascola	MO	Missouri	
city	Passaic	MO	Missouri	
city	Pattonsburg	MO	Missouri	
city	Paynesville	MO	Missouri	
city	Peaceful Village	MO	Missouri	
city	Peculiar	MO	Missouri	
city	Pendleton	MO	Missouri	
city	Penermon	MO	Missouri	
city	Perry	MO	Missouri	
city	Perryville	MO	Missouri	
city	Pevely	MO	Missouri	
city	Phillipsburg	MO	Missouri	
city	Pickering	MO	Missouri	
city	Piedmont	MO	Missouri	
city	Pierce City	MO	Missouri	
city	Pierpont	MO	Missouri	
city	Pilot Grove	MO	Missouri	
city	Pilot Knob	MO	Missouri	
city	Pine Lawn	MO	Missouri	
city	Pineville	MO	Missouri	
city	Plato	MO	Missouri	
city	Platte City	MO	Missouri	
city	Platte Woods	MO	Missouri	
city	Plattsburg	MO	Missouri	
city	Pleasant Hill	MO	Missouri	
city	Pleasant Hope	MO	Missouri	
city	Pleasant Valley	MO	Missouri	
city	Pocahontas	MO	Missouri	
city	Pollock	MO	Missouri	
city	Polo	MO	Missouri	
city	Poplar Bluff	MO	Missouri	
city	Portage Des Sioux	MO	Missouri	
city	Portageville	MO	Missouri	
city	Potosi	MO	Missouri	
city	Powersville	MO	Missouri	
city	Prairie Home	MO	Missouri	
city	Prathersville	MO	Missouri	
city	Preston	MO	Missouri	
city	Princeton	MO	Missouri	
city	Purcell	MO	Missouri	
city	Purdin	MO	Missouri	
city	Purdy	MO	Missouri	
city	Puxico	MO	Missouri	
city	Queen City	MO	Missouri	
city	Qulin	MO	Missouri	
city	Randolph	MO	Missouri	
city	Ravenwood	MO	Missouri	
city	Raymondville	MO	Missouri	
city	Raymore	MO	Missouri	
city	Raytown	MO	Missouri	
city	Rea	MO	Missouri	
city	Redings Mill	MO	Missouri	
city	Reeds	MO	Missouri	
city	Reeds Spring	MO	Missouri	
city	Renick	MO	Missouri	
city	Rensselaer	MO	Missouri	
city	Republic	MO	Missouri	
city	Revere	MO	Missouri	
city	Rhineland	MO	Missouri	
city	Richards	MO	Missouri	
city	Rich Hill	MO	Missouri	
city	Richland	MO	Missouri	
city	Richmond	MO	Missouri	
city	Richmond Heights	MO	Missouri	
city	Ridgely	MO	Missouri	
city	Ridgeway	MO	Missouri	
city	Risco	MO	Missouri	
city	Ritchey	MO	Missouri	
city	River Bend	MO	Missouri	
city	Riverside	MO	Missouri	
city	Riverview	MO	Missouri	
city	Riverview Estates	MO	Missouri	
city	Rives	MO	Missouri	
city	Rocheport	MO	Missouri	
city	Rockaway Beach	MO	Missouri	
city	Rock Hill	MO	Missouri	
city	Rock Port	MO	Missouri	
city	Rockville	MO	Missouri	
city	Rogersville	MO	Missouri	
city	Rolla	MO	Missouri	
city	Roscoe	MO	Missouri	
city	Rosebud	MO	Missouri	
city	Rosendale	MO	Missouri	
city	Rothville	MO	Missouri	
city	Rush Hill	MO	Missouri	
city	Rushville	MO	Missouri	
city	Russellville	MO	Missouri	
city	Rutledge	MO	Missouri	
city	Saddlebrooke	MO	Missouri	
city	Saginaw	MO	Missouri	
city	St. Ann	MO	Missouri	
city	St. Charles	MO	Missouri	
city	St. Clair	MO	Missouri	
city	St. Cloud	MO	Missouri	
city	Ste. Genevieve	MO	Missouri	
city	St. Elizabeth	MO	Missouri	
city	St. James	MO	Missouri	
city	St. John	MO	Missouri	
city	St. Joseph	MO	Missouri	
city	St. Louis	MO	Missouri	
city	St. Martins	MO	Missouri	
city	St. Mary	MO	Missouri	
city	St. Paul	MO	Missouri	
city	St. Peters	MO	Missouri	
city	St. Robert	MO	Missouri	
city	St. Thomas	MO	Missouri	
city	Salem	MO	Missouri	
city	Salisbury	MO	Missouri	
city	Sarcoxie	MO	Missouri	
city	Savannah	MO	Missouri	
city	Schell City	MO	Missouri	
city	Scotsdale	MO	Missouri	
city	Scott City	MO	Missouri	
city	Sedalia	MO	Missouri	
city	Sedgewickville	MO	Missouri	
city	Seligman	MO	Missouri	
city	Senath	MO	Missouri	
city	Seneca	MO	Missouri	
city	Seymour	MO	Missouri	
city	Shelbina	MO	Missouri	
city	Shelbyville	MO	Missouri	
city	Sheldon	MO	Missouri	
city	Sheridan	MO	Missouri	
city	Shoal Creek Drive	MO	Missouri	
city	Shoal Creek Estates	MO	Missouri	
city	Shrewsbury	MO	Missouri	
city	Sibley	MO	Missouri	
city	Sikeston	MO	Missouri	
city	Silex	MO	Missouri	
city	Skidmore	MO	Missouri	
city	Slater	MO	Missouri	
city	Smithton	MO	Missouri	
city	Smithville	MO	Missouri	
city	South Gifford	MO	Missouri	
city	South Gorin	MO	Missouri	
city	South Greenfield	MO	Missouri	
city	South Lineville	MO	Missouri	
city	Southwest City	MO	Missouri	
city	Sparta	MO	Missouri	
city	Spickard	MO	Missouri	
city	Springfield	MO	Missouri	
city	Stanberry	MO	Missouri	
city	Stark City	MO	Missouri	
city	Steele	MO	Missouri	
city	Steelville	MO	Missouri	
city	Stella	MO	Missouri	
city	Stewartsville	MO	Missouri	
city	Stockton	MO	Missouri	
city	Stotesbury	MO	Missouri	
city	Stotts City	MO	Missouri	
city	Stoutland	MO	Missouri	
city	Stoutsville	MO	Missouri	
city	Stover	MO	Missouri	
city	Strafford	MO	Missouri	
city	Strasburg	MO	Missouri	
city	Sturgeon	MO	Missouri	
city	Sugar Creek	MO	Missouri	
city	Sullivan	MO	Missouri	
city	Summersville	MO	Missouri	
city	Sumner	MO	Missouri	
city	Sunrise Beach	MO	Missouri	
city	Sunset Hills	MO	Missouri	
city	Sweet Springs	MO	Missouri	
city	Sycamore Hills	MO	Missouri	
city	Syracuse	MO	Missouri	
city	Tallapoosa	MO	Missouri	
city	Taneyville	MO	Missouri	
city	Taos	MO	Missouri	
city	Tarkio	MO	Missouri	
city	Thayer	MO	Missouri	
city	Theodosia	MO	Missouri	
city	Three Creeks	MO	Missouri	
city	Tightwad	MO	Missouri	
city	Tina	MO	Missouri	
city	Tindall	MO	Missouri	
city	Tipton	MO	Missouri	
city	Town and Country	MO	Missouri	
city	Tracy	MO	Missouri	
city	Trenton	MO	Missouri	
city	Trimble	MO	Missouri	
city	Triplett	MO	Missouri	
city	Troy	MO	Missouri	
city	Truesdale	MO	Missouri	
city	Truxton	MO	Missouri	
city	Turney	MO	Missouri	
city	Tuscumbia	MO	Missouri	
city	Twin Oaks	MO	Missouri	
city	Umber View Heights	MO	Missouri	
city	Union	MO	Missouri	
city	Union Star	MO	Missouri	
city	Unionville	MO	Missouri	
city	Unity Village	MO	Missouri	
city	University City	MO	Missouri	
city	Uplands Park	MO	Missouri	
city	Urbana	MO	Missouri	
city	Urich	MO	Missouri	
city	Utica	MO	Missouri	
city	Valley Park	MO	Missouri	
city	Van Buren	MO	Missouri	
city	Vandalia	MO	Missouri	
city	Vandiver	MO	Missouri	
city	Vanduser	MO	Missouri	
city	Velda City	MO	Missouri	
city	Velda Village Hills	MO	Missouri	
city	Verona	MO	Missouri	
city	Versailles	MO	Missouri	
city	Viburnum	MO	Missouri	
city	Vienna	MO	Missouri	
city	Village of Four Seasons	MO	Missouri	
city	Vinita Park	MO	Missouri	
city	Vista	MO	Missouri	
city	Waco	MO	Missouri	
city	Walker	MO	Missouri	
city	Walnut Grove	MO	Missouri	
city	Wardell	MO	Missouri	
city	Wardsville	MO	Missouri	
city	Warrensburg	MO	Missouri	
city	Warrenton	MO	Missouri	
city	Warsaw	MO	Missouri	
city	Warson Woods	MO	Missouri	
city	Washburn	MO	Missouri	
city	Washington	MO	Missouri	
city	Watson	MO	Missouri	
city	Waverly	MO	Missouri	
city	Wayland	MO	Missouri	
city	Waynesville	MO	Missouri	
city	Weatherby	MO	Missouri	
city	Weatherby Lake	MO	Missouri	
city	Weaubleau	MO	Missouri	
city	Webb City	MO	Missouri	
city	Webster Groves	MO	Missouri	
city	Weldon Spring	MO	Missouri	
city	Weldon Spring Heights	MO	Missouri	
city	Wellington	MO	Missouri	
city	Wellston	MO	Missouri	
city	Wellsville	MO	Missouri	
city	Wentworth	MO	Missouri	
city	Wentzville	MO	Missouri	
city	West Alton	MO	Missouri	
city	Westboro	MO	Missouri	
city	West Line	MO	Missouri	
city	Weston	MO	Missouri	
city	Westphalia	MO	Missouri	
city	West Plains	MO	Missouri	
city	West Sullivan	MO	Missouri	
city	Westwood	MO	Missouri	
city	Wheatland	MO	Missouri	
city	Wheaton	MO	Missouri	
city	Wheeling	MO	Missouri	
city	Whiteside	MO	Missouri	
city	Whitewater	MO	Missouri	
city	Wilbur Park	MO	Missouri	
city	Wildwood	MO	Missouri	
city	Willard	MO	Missouri	
city	Williamsville	MO	Missouri	
city	Willow Springs	MO	Missouri	
city	Wilson City	MO	Missouri	
city	Winchester	MO	Missouri	
city	Windsor	MO	Missouri	
city	Windsor Place	MO	Missouri	
city	Winfield	MO	Missouri	
city	Winona	MO	Missouri	
city	Winston	MO	Missouri	
city	Wood Heights	MO	Missouri	
city	Woodson Terrace	MO	Missouri	
city	Wooldridge	MO	Missouri	
city	Worth	MO	Missouri	
city	Worthington	MO	Missouri	
city	Wright City	MO	Missouri	
city	Wyaconda	MO	Missouri	
city	Wyatt	MO	Missouri	
city	Alberton	MT	Montana	
city	Anaconda-Deer Lodge County	MT	Montana	
city	Bainville	MT	Montana	
city	Baker	MT	Montana	
city	Bearcreek	MT	Montana	
city	Belgrade	MT	Montana	
city	Belt	MT	Montana	
city	Big Sandy	MT	Montana	
city	Big Timber	MT	Montana	
city	Billings	MT	Montana	
city	Boulder	MT	Montana	
city	Bozeman	MT	Montana	
city	Bridger	MT	Montana	
city	Broadus	MT	Montana	
city	Broadview	MT	Montana	
city	Browning	MT	Montana	
city	Cascade	MT	Montana	
city	Chester	MT	Montana	
city	Chinook	MT	Montana	
city	Choteau	MT	Montana	
city	Circle	MT	Montana	
city	Clyde Park	MT	Montana	
city	Colstrip	MT	Montana	
city	Columbia Falls	MT	Montana	
city	Columbus	MT	Montana	
city	Conrad	MT	Montana	
city	Culbertson	MT	Montana	
city	Cut Bank	MT	Montana	
city	Darby	MT	Montana	
city	Deer Lodge	MT	Montana	
city	Denton	MT	Montana	
city	Dillon	MT	Montana	
city	Dodson	MT	Montana	
city	Drummond	MT	Montana	
city	Dutton	MT	Montana	
city	East Helena	MT	Montana	
city	Ekalaka	MT	Montana	
city	Ennis	MT	Montana	
city	Eureka	MT	Montana	
city	Fairfield	MT	Montana	
city	Fairview	MT	Montana	
city	Flaxville	MT	Montana	
city	Forsyth	MT	Montana	
city	Fort Benton	MT	Montana	
city	Fort Peck	MT	Montana	
city	Froid	MT	Montana	
city	Fromberg	MT	Montana	
city	Geraldine	MT	Montana	
city	Glasgow	MT	Montana	
city	Glendive	MT	Montana	
city	Grass Range	MT	Montana	
city	Great Falls	MT	Montana	
city	Hamilton	MT	Montana	
city	Hardin	MT	Montana	
city	Harlem	MT	Montana	
city	Harlowton	MT	Montana	
city	Havre	MT	Montana	
city	Helena	MT	Montana	
city	Hingham	MT	Montana	
city	Hobson	MT	Montana	
city	Hot Springs	MT	Montana	
city	Hysham	MT	Montana	
city	Ismay	MT	Montana	
city	Joliet	MT	Montana	
city	Jordan	MT	Montana	
city	Judith Gap	MT	Montana	
city	Kalispell	MT	Montana	
city	Kevin	MT	Montana	
city	Laurel	MT	Montana	
city	Lavina	MT	Montana	
city	Lewistown	MT	Montana	
city	Libby	MT	Montana	
city	Lima	MT	Montana	
city	Livingston	MT	Montana	
city	Lodge Grass	MT	Montana	
city	Malta	MT	Montana	
city	Manhattan	MT	Montana	
city	Medicine Lake	MT	Montana	
city	Melstone	MT	Montana	
city	Miles City	MT	Montana	
city	Missoula	MT	Montana	
city	Moore	MT	Montana	
city	Nashua	MT	Montana	
city	Neihart	MT	Montana	
city	Opheim	MT	Montana	
city	Outlook	MT	Montana	
city	Philipsburg	MT	Montana	
city	Pinesdale	MT	Montana	
city	Plains	MT	Montana	
city	Plentywood	MT	Montana	
city	Plevna	MT	Montana	
city	Polson	MT	Montana	
city	Poplar	MT	Montana	
city	Red Lodge	MT	Montana	
city	Rexford	MT	Montana	
city	Richey	MT	Montana	
city	Ronan	MT	Montana	
city	Roundup	MT	Montana	
city	Ryegate	MT	Montana	
city	Saco	MT	Montana	
city	St. Ignatius	MT	Montana	
city	Scobey	MT	Montana	
city	Shelby	MT	Montana	
city	Sheridan	MT	Montana	
city	Sidney	MT	Montana	
city	Stanford	MT	Montana	
city	Stevensville	MT	Montana	
city	Sunburst	MT	Montana	
city	Superior	MT	Montana	
city	Terry	MT	Montana	
city	Thompson Falls	MT	Montana	
city	Three Forks	MT	Montana	
city	Townsend	MT	Montana	
city	Troy	MT	Montana	
city	Twin Bridges	MT	Montana	
city	Valier	MT	Montana	
city	Virginia City	MT	Montana	
city	Walkerville	MT	Montana	
city	Westby	MT	Montana	
city	West Yellowstone	MT	Montana	
city	Whitefish	MT	Montana	
city	Whitehall	MT	Montana	
city	White Sulphur Springs	MT	Montana	
city	Wibaux	MT	Montana	
city	Winifred	MT	Montana	
city	Winnett	MT	Montana	
city	Wolf Point	MT	Montana	
city	Abie	NE	Nebraska	
city	Adams	NE	Nebraska	
city	Ainsworth	NE	Nebraska	
city	Albion	NE	Nebraska	
city	Alda	NE	Nebraska	
city	Alexandria	NE	Nebraska	
city	Allen	NE	Nebraska	
city	Alliance	NE	Nebraska	
city	Alma	NE	Nebraska	
city	Alvo	NE	Nebraska	
city	Amherst	NE	Nebraska	
city	Anoka	NE	Nebraska	
city	Anselmo	NE	Nebraska	
city	Ansley	NE	Nebraska	
city	Arapahoe	NE	Nebraska	
city	Arcadia	NE	Nebraska	
city	Arlington	NE	Nebraska	
city	Arnold	NE	Nebraska	
city	Arthur	NE	Nebraska	
city	Ashland	NE	Nebraska	
city	Ashton	NE	Nebraska	
city	Atkinson	NE	Nebraska	
city	Atlanta	NE	Nebraska	
city	Auburn	NE	Nebraska	
city	Aurora	NE	Nebraska	
city	Avoca	NE	Nebraska	
city	Axtell	NE	Nebraska	
city	Ayr	NE	Nebraska	
city	Bancroft	NE	Nebraska	
city	Barada	NE	Nebraska	
city	Barneston	NE	Nebraska	
city	Bartlett	NE	Nebraska	
city	Bartley	NE	Nebraska	
city	Bassett	NE	Nebraska	
city	Battle Creek	NE	Nebraska	
city	Bayard	NE	Nebraska	
city	Bazile Mills	NE	Nebraska	
city	Beatrice	NE	Nebraska	
city	Beaver City	NE	Nebraska	
city	Beaver Crossing	NE	Nebraska	
city	Bee	NE	Nebraska	
city	Beemer	NE	Nebraska	
city	Belden	NE	Nebraska	
city	Belgrade	NE	Nebraska	
city	Bellevue	NE	Nebraska	
city	Bellwood	NE	Nebraska	
city	Belvidere	NE	Nebraska	
city	Benedict	NE	Nebraska	
city	Benkelman	NE	Nebraska	
city	Bennet	NE	Nebraska	
city	Bennington	NE	Nebraska	
city	Bertrand	NE	Nebraska	
city	Berwyn	NE	Nebraska	
city	Big Springs	NE	Nebraska	
city	Bladen	NE	Nebraska	
city	Blair	NE	Nebraska	
city	Bloomfield	NE	Nebraska	
city	Bloomington	NE	Nebraska	
city	Blue Hill	NE	Nebraska	
city	Blue Springs	NE	Nebraska	
city	Boys Town	NE	Nebraska	
city	Bradshaw	NE	Nebraska	
city	Brady	NE	Nebraska	
city	Brainard	NE	Nebraska	
city	Brewster	NE	Nebraska	
city	Bridgeport	NE	Nebraska	
city	Bristow	NE	Nebraska	
city	Broadwater	NE	Nebraska	
city	Brock	NE	Nebraska	
city	Broken Bow	NE	Nebraska	
city	Brownville	NE	Nebraska	
city	Brule	NE	Nebraska	
city	Bruning	NE	Nebraska	
city	Bruno	NE	Nebraska	
city	Brunswick	NE	Nebraska	
city	Burchard	NE	Nebraska	
city	Burr	NE	Nebraska	
city	Burton	NE	Nebraska	
city	Burwell	NE	Nebraska	
city	Bushnell	NE	Nebraska	
city	Butte	NE	Nebraska	
city	Byron	NE	Nebraska	
city	Cairo	NE	Nebraska	
city	Callaway	NE	Nebraska	
city	Cambridge	NE	Nebraska	
city	Campbell	NE	Nebraska	
city	Carleton	NE	Nebraska	
city	Carroll	NE	Nebraska	
city	Cedar Bluffs	NE	Nebraska	
city	Cedar Creek	NE	Nebraska	
city	Cedar Rapids	NE	Nebraska	
city	Center	NE	Nebraska	
city	Central City	NE	Nebraska	
city	Ceresco	NE	Nebraska	
city	Chadron	NE	Nebraska	
city	Chambers	NE	Nebraska	
city	Chapman	NE	Nebraska	
city	Chappell	NE	Nebraska	
city	Chester	NE	Nebraska	
city	Clarks	NE	Nebraska	
city	Clarkson	NE	Nebraska	
city	Clatonia	NE	Nebraska	
city	Clay Center	NE	Nebraska	
city	Clearwater	NE	Nebraska	
city	Clinton	NE	Nebraska	
city	Cody	NE	Nebraska	
city	Coleridge	NE	Nebraska	
city	Colon	NE	Nebraska	
city	Columbus	NE	Nebraska	
city	Comstock	NE	Nebraska	
city	Concord	NE	Nebraska	
city	Cook	NE	Nebraska	
city	Cordova	NE	Nebraska	
city	Cornlea	NE	Nebraska	
city	Cortland	NE	Nebraska	
city	Cotesfield	NE	Nebraska	
city	Cowles	NE	Nebraska	
city	Cozad	NE	Nebraska	
city	Crab Orchard	NE	Nebraska	
city	Craig	NE	Nebraska	
city	Crawford	NE	Nebraska	
city	Creighton	NE	Nebraska	
city	Creston	NE	Nebraska	
city	Crete	NE	Nebraska	
city	Crofton	NE	Nebraska	
city	Crookston	NE	Nebraska	
city	Culbertson	NE	Nebraska	
city	Curtis	NE	Nebraska	
city	Cushing	NE	Nebraska	
city	Dakota City	NE	Nebraska	
city	Dalton	NE	Nebraska	
city	Danbury	NE	Nebraska	
city	Dannebrog	NE	Nebraska	
city	Davenport	NE	Nebraska	
city	Davey	NE	Nebraska	
city	David City	NE	Nebraska	
city	Dawson	NE	Nebraska	
city	Daykin	NE	Nebraska	
city	Decatur	NE	Nebraska	
city	Denton	NE	Nebraska	
city	Deshler	NE	Nebraska	
city	Deweese	NE	Nebraska	
city	De Witt	NE	Nebraska	
city	Diller	NE	Nebraska	
city	Dix	NE	Nebraska	
city	Dixon	NE	Nebraska	
city	Dodge	NE	Nebraska	
city	Doniphan	NE	Nebraska	
city	Dorchester	NE	Nebraska	
city	Douglas	NE	Nebraska	
city	Du Bois	NE	Nebraska	
city	Dunbar	NE	Nebraska	
city	Duncan	NE	Nebraska	
city	Dunning	NE	Nebraska	
city	Dwight	NE	Nebraska	
city	Eagle	NE	Nebraska	
city	Eddyville	NE	Nebraska	
city	Edgar	NE	Nebraska	
city	Edison	NE	Nebraska	
city	Elba	NE	Nebraska	
city	Elgin	NE	Nebraska	
city	Elk Creek	NE	Nebraska	
city	Elm Creek	NE	Nebraska	
city	Elmwood	NE	Nebraska	
city	Elsie	NE	Nebraska	
city	Elwood	NE	Nebraska	
city	Elyria	NE	Nebraska	
city	Emerson	NE	Nebraska	
city	Emmet	NE	Nebraska	
city	Endicott	NE	Nebraska	
city	Ericson	NE	Nebraska	
city	Eustis	NE	Nebraska	
city	Ewing	NE	Nebraska	
city	Exeter	NE	Nebraska	
city	Fairbury	NE	Nebraska	
city	Fairfield	NE	Nebraska	
city	Fairmont	NE	Nebraska	
city	Falls City	NE	Nebraska	
city	Farnam	NE	Nebraska	
city	Farwell	NE	Nebraska	
city	Filley	NE	Nebraska	
city	Firth	NE	Nebraska	
city	Fordyce	NE	Nebraska	
city	Fort Calhoun	NE	Nebraska	
city	Foster	NE	Nebraska	
city	Franklin	NE	Nebraska	
city	Fremont	NE	Nebraska	
city	Friend	NE	Nebraska	
city	Fullerton	NE	Nebraska	
city	Funk	NE	Nebraska	
city	Gandy	NE	Nebraska	
city	Garland	NE	Nebraska	
city	Garrison	NE	Nebraska	
city	Geneva	NE	Nebraska	
city	Genoa	NE	Nebraska	
city	Gering	NE	Nebraska	
city	Gibbon	NE	Nebraska	
city	Gilead	NE	Nebraska	
city	Giltner	NE	Nebraska	
city	Glenvil	NE	Nebraska	
city	Goehner	NE	Nebraska	
city	Gordon	NE	Nebraska	
city	Gothenburg	NE	Nebraska	
city	Grafton	NE	Nebraska	
city	Grand Island	NE	Nebraska	
city	Grant	NE	Nebraska	
city	Greeley Center	NE	Nebraska	
city	Greenwood	NE	Nebraska	
city	Gresham	NE	Nebraska	
city	Gretna	NE	Nebraska	
city	Gross	NE	Nebraska	
city	Guide Rock	NE	Nebraska	
city	Gurley	NE	Nebraska	
city	Hadar	NE	Nebraska	
city	Haigler	NE	Nebraska	
city	Hallam	NE	Nebraska	
city	Halsey	NE	Nebraska	
city	Hamlet	NE	Nebraska	
city	Hampton	NE	Nebraska	
city	Harbine	NE	Nebraska	
city	Hardy	NE	Nebraska	
city	Harrison	NE	Nebraska	
city	Hartington	NE	Nebraska	
city	Harvard	NE	Nebraska	
city	Hastings	NE	Nebraska	
city	Hayes Center	NE	Nebraska	
city	Hay Springs	NE	Nebraska	
city	Hazard	NE	Nebraska	
city	Heartwell	NE	Nebraska	
city	Hebron	NE	Nebraska	
city	Hemingford	NE	Nebraska	
city	Henderson	NE	Nebraska	
city	Hendley	NE	Nebraska	
city	Henry	NE	Nebraska	
city	Herman	NE	Nebraska	
city	Hershey	NE	Nebraska	
city	Hickman	NE	Nebraska	
city	Hildreth	NE	Nebraska	
city	Holbrook	NE	Nebraska	
city	Holdrege	NE	Nebraska	
city	Holstein	NE	Nebraska	
city	Homer	NE	Nebraska	
city	Hooper	NE	Nebraska	
city	Hordville	NE	Nebraska	
city	Hoskins	NE	Nebraska	
city	Howard City (Boelus)	NE	Nebraska	
city	Howells	NE	Nebraska	
city	Hubbard	NE	Nebraska	
city	Hubbell	NE	Nebraska	
city	Humboldt	NE	Nebraska	
city	Humphrey	NE	Nebraska	
city	Huntley	NE	Nebraska	
city	Hyannis	NE	Nebraska	
city	Imperial	NE	Nebraska	
city	Indianola	NE	Nebraska	
city	Inglewood	NE	Nebraska	
city	Inman	NE	Nebraska	
city	Ithaca	NE	Nebraska	
city	Jackson	NE	Nebraska	
city	Jansen	NE	Nebraska	
city	Johnson	NE	Nebraska	
city	Johnstown	NE	Nebraska	
city	Julian	NE	Nebraska	
city	Juniata	NE	Nebraska	
city	Kearney	NE	Nebraska	
city	Kenesaw	NE	Nebraska	
city	Kennard	NE	Nebraska	
city	Kilgore	NE	Nebraska	
city	Kimball	NE	Nebraska	
city	Lamar	NE	Nebraska	
city	Laurel	NE	Nebraska	
city	La Vista	NE	Nebraska	
city	Lawrence	NE	Nebraska	
city	Lebanon	NE	Nebraska	
city	Leigh	NE	Nebraska	
city	Leshara	NE	Nebraska	
city	Lewellen	NE	Nebraska	
city	Lewiston	NE	Nebraska	
city	Lexington	NE	Nebraska	
city	Liberty	NE	Nebraska	
city	Lincoln	NE	Nebraska	
city	Lindsay	NE	Nebraska	
city	Linwood	NE	Nebraska	
city	Litchfield	NE	Nebraska	
city	Lodgepole	NE	Nebraska	
city	Long Pine	NE	Nebraska	
city	Loomis	NE	Nebraska	
city	Lorton	NE	Nebraska	
city	Louisville	NE	Nebraska	
city	Loup City	NE	Nebraska	
city	Lushton	NE	Nebraska	
city	Lyman	NE	Nebraska	
city	Lynch	NE	Nebraska	
city	Lyons	NE	Nebraska	
city	McCook	NE	Nebraska	
city	McCool Junction	NE	Nebraska	
city	McGrew	NE	Nebraska	
city	McLean	NE	Nebraska	
city	Madison	NE	Nebraska	
city	Madrid	NE	Nebraska	
city	Magnet	NE	Nebraska	
city	Malcolm	NE	Nebraska	
city	Malmo	NE	Nebraska	
city	Manley	NE	Nebraska	
city	Marquette	NE	Nebraska	
city	Martinsburg	NE	Nebraska	
city	Maskell	NE	Nebraska	
city	Mason City	NE	Nebraska	
city	Maxwell	NE	Nebraska	
city	Maywood	NE	Nebraska	
city	Mead	NE	Nebraska	
city	Meadow Grove	NE	Nebraska	
city	Melbeta	NE	Nebraska	
city	Memphis	NE	Nebraska	
city	Merna	NE	Nebraska	
city	Merriman	NE	Nebraska	
city	Milford	NE	Nebraska	
city	Miller	NE	Nebraska	
city	Milligan	NE	Nebraska	
city	Minatare	NE	Nebraska	
city	Minden	NE	Nebraska	
city	Mitchell	NE	Nebraska	
city	Monowi	NE	Nebraska	
city	Monroe	NE	Nebraska	
city	Moorefield	NE	Nebraska	
city	Morrill	NE	Nebraska	
city	Morse Bluff	NE	Nebraska	
city	Mullen	NE	Nebraska	
city	Murdock	NE	Nebraska	
city	Murray	NE	Nebraska	
city	Naper	NE	Nebraska	
city	Naponee	NE	Nebraska	
city	Nebraska City	NE	Nebraska	
city	Nehawka	NE	Nebraska	
city	Neligh	NE	Nebraska	
city	Nelson	NE	Nebraska	
city	Nemaha	NE	Nebraska	
city	Nenzel	NE	Nebraska	
city	Newcastle	NE	Nebraska	
city	Newman Grove	NE	Nebraska	
city	Newport	NE	Nebraska	
city	Nickerson	NE	Nebraska	
city	Niobrara	NE	Nebraska	
city	Nora	NE	Nebraska	
city	Norfolk	NE	Nebraska	
city	Norman	NE	Nebraska	
city	North Bend	NE	Nebraska	
city	North Loup	NE	Nebraska	
city	North Platte	NE	Nebraska	
city	Oak	NE	Nebraska	
city	Oakdale	NE	Nebraska	
city	Oakland	NE	Nebraska	
city	Obert	NE	Nebraska	
city	Oconto	NE	Nebraska	
city	Octavia	NE	Nebraska	
city	Odell	NE	Nebraska	
city	Ogallala	NE	Nebraska	
city	Ohiowa	NE	Nebraska	
city	Omaha	NE	Nebraska	
city	O'Neill	NE	Nebraska	
city	Ong	NE	Nebraska	
city	Orchard	NE	Nebraska	
city	Ord	NE	Nebraska	
city	Orleans	NE	Nebraska	
city	Osceola	NE	Nebraska	
city	Oshkosh	NE	Nebraska	
city	Osmond	NE	Nebraska	
city	Otoe	NE	Nebraska	
city	Overton	NE	Nebraska	
city	Oxford	NE	Nebraska	
city	Page	NE	Nebraska	
city	Palisade	NE	Nebraska	
city	Palmer	NE	Nebraska	
city	Palmyra	NE	Nebraska	
city	Panama	NE	Nebraska	
city	Papillion	NE	Nebraska	
city	Pawnee City	NE	Nebraska	
city	Paxton	NE	Nebraska	
city	Pender	NE	Nebraska	
city	Peru	NE	Nebraska	
city	Petersburg	NE	Nebraska	
city	Phillips	NE	Nebraska	
city	Pickrell	NE	Nebraska	
city	Pierce	NE	Nebraska	
city	Pilger	NE	Nebraska	
city	Plainview	NE	Nebraska	
city	Platte Center	NE	Nebraska	
city	Plattsmouth	NE	Nebraska	
city	Pleasant Dale	NE	Nebraska	
city	Pleasanton	NE	Nebraska	
city	Plymouth	NE	Nebraska	
city	Polk	NE	Nebraska	
city	Ponca	NE	Nebraska	
city	Potter	NE	Nebraska	
city	Prague	NE	Nebraska	
city	Primrose	NE	Nebraska	
city	Prosser	NE	Nebraska	
city	Ragan	NE	Nebraska	
city	Ralston	NE	Nebraska	
city	Randolph	NE	Nebraska	
city	Ravenna	NE	Nebraska	
city	Raymond	NE	Nebraska	
city	Red Cloud	NE	Nebraska	
city	Republican City	NE	Nebraska	
city	Reynolds	NE	Nebraska	
city	Richland	NE	Nebraska	
city	Rising City	NE	Nebraska	
city	Riverdale	NE	Nebraska	
city	Riverton	NE	Nebraska	
city	Roca	NE	Nebraska	
city	Rockville	NE	Nebraska	
city	Rogers	NE	Nebraska	
city	Rosalie	NE	Nebraska	
city	Roseland	NE	Nebraska	
city	Royal	NE	Nebraska	
city	Rulo	NE	Nebraska	
city	Rushville	NE	Nebraska	
city	Ruskin	NE	Nebraska	
city	St. Edward	NE	Nebraska	
city	St. Helena	NE	Nebraska	
city	St. Paul	NE	Nebraska	
city	Salem	NE	Nebraska	
city	Santee	NE	Nebraska	
city	Sargent	NE	Nebraska	
city	Saronville	NE	Nebraska	
city	Schuyler	NE	Nebraska	
city	Scotia	NE	Nebraska	
city	Scottsbluff	NE	Nebraska	
city	Scribner	NE	Nebraska	
city	Seward	NE	Nebraska	
city	Shelby	NE	Nebraska	
city	Shelton	NE	Nebraska	
city	Shickley	NE	Nebraska	
city	Sholes	NE	Nebraska	
city	Shubert	NE	Nebraska	
city	Sidney	NE	Nebraska	
city	Silver Creek	NE	Nebraska	
city	Smithfield	NE	Nebraska	
city	Snyder	NE	Nebraska	
city	South Bend	NE	Nebraska	
city	South Sioux City	NE	Nebraska	
city	Spalding	NE	Nebraska	
city	Spencer	NE	Nebraska	
city	Sprague	NE	Nebraska	
city	Springfield	NE	Nebraska	
city	Springview	NE	Nebraska	
city	Stamford	NE	Nebraska	
city	Stanton	NE	Nebraska	
city	Staplehurst	NE	Nebraska	
city	Stapleton	NE	Nebraska	
city	Steele City	NE	Nebraska	
city	Steinauer	NE	Nebraska	
city	Stella	NE	Nebraska	
city	Sterling	NE	Nebraska	
city	Stockham	NE	Nebraska	
city	Stockville	NE	Nebraska	
city	Strang	NE	Nebraska	
city	Stratton	NE	Nebraska	
city	Stromsburg	NE	Nebraska	
city	Stuart	NE	Nebraska	
city	Sumner	NE	Nebraska	
city	Superior	NE	Nebraska	
city	Surprise	NE	Nebraska	
city	Sutherland	NE	Nebraska	
city	Sutton	NE	Nebraska	
city	Swanton	NE	Nebraska	
city	Syracuse	NE	Nebraska	
city	Table Rock	NE	Nebraska	
city	Talmage	NE	Nebraska	
city	Tarnov	NE	Nebraska	
city	Taylor	NE	Nebraska	
city	Tecumseh	NE	Nebraska	
city	Tekamah	NE	Nebraska	
city	Terrytown	NE	Nebraska	
city	Thayer	NE	Nebraska	
city	Thedford	NE	Nebraska	
city	Thurston	NE	Nebraska	
city	Tilden	NE	Nebraska	
city	Tobias	NE	Nebraska	
city	Trenton	NE	Nebraska	
city	Trumbull	NE	Nebraska	
city	Uehling	NE	Nebraska	
city	Ulysses	NE	Nebraska	
city	Unadilla	NE	Nebraska	
city	Union	NE	Nebraska	
city	Upland	NE	Nebraska	
city	Utica	NE	Nebraska	
city	Valentine	NE	Nebraska	
city	Valley	NE	Nebraska	
city	Valparaiso	NE	Nebraska	
city	Venango	NE	Nebraska	
city	Verdel	NE	Nebraska	
city	Verdigre	NE	Nebraska	
city	Verdon	NE	Nebraska	
city	Virginia	NE	Nebraska	
city	Waco	NE	Nebraska	
city	Wahoo	NE	Nebraska	
city	Wakefield	NE	Nebraska	
city	Wallace	NE	Nebraska	
city	Walthill	NE	Nebraska	
city	Washington	NE	Nebraska	
city	Waterbury	NE	Nebraska	
city	Waterloo	NE	Nebraska	
city	Wauneta	NE	Nebraska	
city	Wausa	NE	Nebraska	
city	Waverly	NE	Nebraska	
city	Wayne	NE	Nebraska	
city	Weeping Water	NE	Nebraska	
city	Wellfleet	NE	Nebraska	
city	Western	NE	Nebraska	
city	Weston	NE	Nebraska	
city	West Point	NE	Nebraska	
city	Whitney	NE	Nebraska	
city	Wilber	NE	Nebraska	
city	Wilcox	NE	Nebraska	
city	Wilsonville	NE	Nebraska	
city	Winnebago	NE	Nebraska	
city	Winnetoon	NE	Nebraska	
city	Winside	NE	Nebraska	
city	Winslow	NE	Nebraska	
city	Wisner	NE	Nebraska	
city	Wolbach	NE	Nebraska	
city	Wood Lake	NE	Nebraska	
city	Wood River	NE	Nebraska	
city	Wymore	NE	Nebraska	
city	Wynot	NE	Nebraska	
city	York	NE	Nebraska	
city	Yutan	NE	Nebraska	
city	Boulder City	NV	Nevada	
city	Caliente	NV	Nevada	
city	Carlin	NV	Nevada	
city	Carson	NV	Nevada	
city	Elko	NV	Nevada	
city	Ely	NV	Nevada	
city	Fallon	NV	Nevada	
city	Fernley	NV	Nevada	
city	Henderson	NV	Nevada	
city	Las Vegas	NV	Nevada	
city	Lovelock	NV	Nevada	
city	Mesquite	NV	Nevada	
city	North Las Vegas	NV	Nevada	
city	Reno	NV	Nevada	
city	Sparks	NV	Nevada	
city	Wells	NV	Nevada	
city	West Wendover	NV	Nevada	
city	Winnemucca	NV	Nevada	
city	Yerington	NV	Nevada	
city	Berlin	NH	New Hampshire	
city	Claremont	NH	New Hampshire	
city	Concord	NH	New Hampshire	
city	Dover	NH	New Hampshire	
city	Franklin	NH	New Hampshire	
city	Keene	NH	New Hampshire	
city	Laconia	NH	New Hampshire	
city	Lebanon	NH	New Hampshire	
city	Manchester	NH	New Hampshire	
city	Nashua	NH	New Hampshire	
city	Portsmouth	NH	New Hampshire	
city	Rochester	NH	New Hampshire	
city	Somersworth	NH	New Hampshire	
city	Absecon	NJ	New Jersey	
city	Allendale	NJ	New Jersey	
city	Allenhurst	NJ	New Jersey	
city	Allentown	NJ	New Jersey	
city	Alpha	NJ	New Jersey	
city	Alpine	NJ	New Jersey	
city	Andover	NJ	New Jersey	
city	Asbury Park	NJ	New Jersey	
city	Atlantic City	NJ	New Jersey	
city	Atlantic Highlands	NJ	New Jersey	
city	Audubon	NJ	New Jersey	
city	Audubon Park	NJ	New Jersey	
city	Avalon	NJ	New Jersey	
city	Avon-by-the-Sea	NJ	New Jersey	
city	Barnegat Light	NJ	New Jersey	
city	Barrington	NJ	New Jersey	
city	Bay Head	NJ	New Jersey	
city	Bayonne	NJ	New Jersey	
city	Beach Haven	NJ	New Jersey	
city	Beachwood	NJ	New Jersey	
city	Bellmawr	NJ	New Jersey	
city	Belmar	NJ	New Jersey	
city	Belvidere	NJ	New Jersey	
city	Bergenfield	NJ	New Jersey	
city	Berlin	NJ	New Jersey	
city	Bernardsville	NJ	New Jersey	
city	Beverly	NJ	New Jersey	
city	Bloomingdale	NJ	New Jersey	
city	Bloomsbury	NJ	New Jersey	
city	Bogota	NJ	New Jersey	
city	Boonton	NJ	New Jersey	
city	Bordentown	NJ	New Jersey	
city	Bound Brook	NJ	New Jersey	
city	Bradley Beach	NJ	New Jersey	
city	Branchville	NJ	New Jersey	
city	Bridgeton	NJ	New Jersey	
city	Brielle	NJ	New Jersey	
city	Brigantine	NJ	New Jersey	
city	Brooklawn	NJ	New Jersey	
city	Buena	NJ	New Jersey	
city	Burlington	NJ	New Jersey	
city	Butler	NJ	New Jersey	
city	Caldwell	NJ	New Jersey	
city	Califon	NJ	New Jersey	
city	Camden	NJ	New Jersey	
city	Cape May	NJ	New Jersey	
city	Cape May Point	NJ	New Jersey	
city	Carlstadt	NJ	New Jersey	
city	Carteret	NJ	New Jersey	
city	Chatham	NJ	New Jersey	
city	Chesilhurst	NJ	New Jersey	
city	Chester	NJ	New Jersey	
city	Clayton	NJ	New Jersey	
city	Clementon	NJ	New Jersey	
city	Cliffside Park	NJ	New Jersey	
city	Clifton	NJ	New Jersey	
city	Clinton	NJ	New Jersey	
city	Closter	NJ	New Jersey	
city	Collingswood	NJ	New Jersey	
city	Corbin City	NJ	New Jersey	
city	Cresskill	NJ	New Jersey	
city	Deal	NJ	New Jersey	
city	Demarest	NJ	New Jersey	
city	Dover	NJ	New Jersey	
city	Dumont	NJ	New Jersey	
city	Dunellen	NJ	New Jersey	
city	East Newark	NJ	New Jersey	
city	East Orange	NJ	New Jersey	
city	East Rutherford	NJ	New Jersey	
city	Eatontown	NJ	New Jersey	
city	Edgewater	NJ	New Jersey	
city	Egg Harbor City	NJ	New Jersey	
city	Elizabeth	NJ	New Jersey	
city	Elmer	NJ	New Jersey	
city	Elmwood Park	NJ	New Jersey	
city	Emerson	NJ	New Jersey	
city	Englewood	NJ	New Jersey	
city	Englewood Cliffs	NJ	New Jersey	
city	Englishtown	NJ	New Jersey	
city	Essex Fells	NJ	New Jersey	
city	Estell Manor	NJ	New Jersey	
city	Fair Haven	NJ	New Jersey	
city	Fair Lawn	NJ	New Jersey	
city	Fairview	NJ	New Jersey	
city	Fanwood	NJ	New Jersey	
city	Far Hills	NJ	New Jersey	
city	Farmingdale	NJ	New Jersey	
city	Fieldsboro	NJ	New Jersey	
city	Flemington	NJ	New Jersey	
city	Florham Park	NJ	New Jersey	
city	Folsom	NJ	New Jersey	
city	Fort Lee	NJ	New Jersey	
city	Franklin	NJ	New Jersey	
city	Franklin Lakes	NJ	New Jersey	
city	Freehold	NJ	New Jersey	
city	Frenchtown	NJ	New Jersey	
city	Garfield	NJ	New Jersey	
city	Garwood	NJ	New Jersey	
city	Gibbsboro	NJ	New Jersey	
city	Glassboro	NJ	New Jersey	
city	Glen Gardner	NJ	New Jersey	
city	Glen Ridge	NJ	New Jersey	
city	Glen Rock	NJ	New Jersey	
city	Gloucester City	NJ	New Jersey	
city	Guttenberg	NJ	New Jersey	
city	Hackensack	NJ	New Jersey	
city	Hackettstown	NJ	New Jersey	
city	Haddonfield	NJ	New Jersey	
city	Haddon Heights	NJ	New Jersey	
city	Haledon	NJ	New Jersey	
city	Hamburg	NJ	New Jersey	
city	Hammonton	NJ	New Jersey	
city	Hampton	NJ	New Jersey	
city	Harrington Park	NJ	New Jersey	
city	Harrison	NJ	New Jersey	
city	Harvey Cedars	NJ	New Jersey	
city	Hasbrouck Heights	NJ	New Jersey	
city	Haworth	NJ	New Jersey	
city	Hawthorne	NJ	New Jersey	
city	Helmetta	NJ	New Jersey	
city	High Bridge	NJ	New Jersey	
city	Highland Park	NJ	New Jersey	
city	Highlands	NJ	New Jersey	
city	Hightstown	NJ	New Jersey	
city	Hillsdale	NJ	New Jersey	
city	Hi-Nella	NJ	New Jersey	
city	Hoboken	NJ	New Jersey	
city	Ho-Ho-Kus	NJ	New Jersey	
city	Hopatcong	NJ	New Jersey	
city	Hopewell	NJ	New Jersey	
city	Interlaken	NJ	New Jersey	
city	Island Heights	NJ	New Jersey	
city	Jamesburg	NJ	New Jersey	
city	Jersey City	NJ	New Jersey	
city	Keansburg	NJ	New Jersey	
city	Kearny	NJ	New Jersey	
city	Kenilworth	NJ	New Jersey	
city	Keyport	NJ	New Jersey	
city	Kinnelon	NJ	New Jersey	
city	Lake Como	NJ	New Jersey	
city	Lakehurst	NJ	New Jersey	
city	Lambertville	NJ	New Jersey	
city	Laurel Springs	NJ	New Jersey	
city	Lavallette	NJ	New Jersey	
city	Lawnside	NJ	New Jersey	
city	Lebanon	NJ	New Jersey	
city	Leonia	NJ	New Jersey	
city	Lincoln Park	NJ	New Jersey	
city	Linden	NJ	New Jersey	
city	Lindenwold	NJ	New Jersey	
city	Linwood	NJ	New Jersey	
city	Little Ferry	NJ	New Jersey	
city	Little Silver	NJ	New Jersey	
city	Loch Arbour	NJ	New Jersey	
city	Lodi	NJ	New Jersey	
city	Long Branch	NJ	New Jersey	
city	Longport	NJ	New Jersey	
city	Madison	NJ	New Jersey	
city	Magnolia	NJ	New Jersey	
city	Manasquan	NJ	New Jersey	
city	Mantoloking	NJ	New Jersey	
city	Manville	NJ	New Jersey	
city	Margate City	NJ	New Jersey	
city	Matawan	NJ	New Jersey	
city	Maywood	NJ	New Jersey	
city	Medford Lakes	NJ	New Jersey	
city	Mendham	NJ	New Jersey	
city	Merchantville	NJ	New Jersey	
city	Metuchen	NJ	New Jersey	
city	Middlesex	NJ	New Jersey	
city	Midland Park	NJ	New Jersey	
city	Milford	NJ	New Jersey	
city	Millstone	NJ	New Jersey	
city	Milltown	NJ	New Jersey	
city	Millville	NJ	New Jersey	
city	Monmouth Beach	NJ	New Jersey	
city	Montvale	NJ	New Jersey	
city	Moonachie	NJ	New Jersey	
city	Morris Plains	NJ	New Jersey	
city	Morristown	NJ	New Jersey	
city	Mountain Lakes	NJ	New Jersey	
city	Mountainside	NJ	New Jersey	
city	Mount Arlington	NJ	New Jersey	
city	Mount Ephraim	NJ	New Jersey	
city	National Park	NJ	New Jersey	
city	Neptune City	NJ	New Jersey	
city	Netcong	NJ	New Jersey	
city	Newark	NJ	New Jersey	
city	New Brunswick	NJ	New Jersey	
city	Newfield	NJ	New Jersey	
city	New Milford	NJ	New Jersey	
city	New Providence	NJ	New Jersey	
city	Newton	NJ	New Jersey	
city	North Arlington	NJ	New Jersey	
city	North Caldwell	NJ	New Jersey	
city	Northfield	NJ	New Jersey	
city	North Haledon	NJ	New Jersey	
city	North Plainfield	NJ	New Jersey	
city	Northvale	NJ	New Jersey	
city	North Wildwood	NJ	New Jersey	
city	Norwood	NJ	New Jersey	
city	Oakland	NJ	New Jersey	
city	Oaklyn	NJ	New Jersey	
city	Ocean City	NJ	New Jersey	
city	Ocean Gate	NJ	New Jersey	
city	Oceanport	NJ	New Jersey	
city	Ogdensburg	NJ	New Jersey	
city	Old Tappan	NJ	New Jersey	
city	Oradell	NJ	New Jersey	
city	Palisades Park	NJ	New Jersey	
city	Palmyra	NJ	New Jersey	
city	Paramus	NJ	New Jersey	
city	Park Ridge	NJ	New Jersey	
city	Passaic	NJ	New Jersey	
city	Paterson	NJ	New Jersey	
city	Paulsboro	NJ	New Jersey	
city	Peapack and Gladstone	NJ	New Jersey	
city	Pemberton	NJ	New Jersey	
city	Pennington	NJ	New Jersey	
city	Penns Grove	NJ	New Jersey	
city	Perth Amboy	NJ	New Jersey	
city	Phillipsburg	NJ	New Jersey	
city	Pine Beach	NJ	New Jersey	
city	Pine Hill	NJ	New Jersey	
city	Pitman	NJ	New Jersey	
city	Plainfield	NJ	New Jersey	
city	Pleasantville	NJ	New Jersey	
city	Point Pleasant	NJ	New Jersey	
city	Point Pleasant Beach	NJ	New Jersey	
city	Pompton Lakes	NJ	New Jersey	
city	Port Republic	NJ	New Jersey	
city	Princeton	NJ	New Jersey	
city	Prospect Park	NJ	New Jersey	
city	Rahway	NJ	New Jersey	
city	Ramsey	NJ	New Jersey	
city	Raritan	NJ	New Jersey	
city	Red Bank	NJ	New Jersey	
city	Ridgefield	NJ	New Jersey	
city	Ridgefield Park	NJ	New Jersey	
city	Ridgewood	NJ	New Jersey	
city	Ringwood	NJ	New Jersey	
city	Riverdale	NJ	New Jersey	
city	River Edge	NJ	New Jersey	
city	Riverton	NJ	New Jersey	
city	Rockaway	NJ	New Jersey	
city	Rockleigh	NJ	New Jersey	
city	Rocky Hill	NJ	New Jersey	
city	Roosevelt	NJ	New Jersey	
city	Roseland	NJ	New Jersey	
city	Roselle	NJ	New Jersey	
city	Roselle Park	NJ	New Jersey	
city	Rumson	NJ	New Jersey	
city	Runnemede	NJ	New Jersey	
city	Rutherford	NJ	New Jersey	
city	Saddle River	NJ	New Jersey	
city	Salem	NJ	New Jersey	
city	Sayreville	NJ	New Jersey	
city	Sea Bright	NJ	New Jersey	
city	Sea Girt	NJ	New Jersey	
city	Sea Isle City	NJ	New Jersey	
city	Seaside Heights	NJ	New Jersey	
city	Seaside Park	NJ	New Jersey	
city	Secaucus	NJ	New Jersey	
city	Shiloh	NJ	New Jersey	
city	Ship Bottom	NJ	New Jersey	
city	Shrewsbury	NJ	New Jersey	
city	Somerdale	NJ	New Jersey	
city	Somers Point	NJ	New Jersey	
city	Somerville	NJ	New Jersey	
city	South Amboy	NJ	New Jersey	
city	South Bound Brook	NJ	New Jersey	
city	South Plainfield	NJ	New Jersey	
city	South River	NJ	New Jersey	
city	South Toms River	NJ	New Jersey	
city	Spotswood	NJ	New Jersey	
city	Spring Lake	NJ	New Jersey	
city	Spring Lake Heights	NJ	New Jersey	
city	Stanhope	NJ	New Jersey	
city	Stockton	NJ	New Jersey	
city	Stone Harbor	NJ	New Jersey	
city	Stratford	NJ	New Jersey	
city	Summit	NJ	New Jersey	
city	Surf City	NJ	New Jersey	
city	Sussex	NJ	New Jersey	
city	Swedesboro	NJ	New Jersey	
city	Tavistock	NJ	New Jersey	
city	Tenafly	NJ	New Jersey	
city	Teterboro	NJ	New Jersey	
city	Tinton Falls	NJ	New Jersey	
city	Totowa	NJ	New Jersey	
city	Trenton	NJ	New Jersey	
city	Tuckerton	NJ	New Jersey	
city	Union Beach	NJ	New Jersey	
city	Union City	NJ	New Jersey	
city	Upper Saddle River	NJ	New Jersey	
city	Ventnor City	NJ	New Jersey	
city	Victory Gardens	NJ	New Jersey	
city	Vineland	NJ	New Jersey	
city	Waldwick	NJ	New Jersey	
city	Wallington	NJ	New Jersey	
city	Wanaque	NJ	New Jersey	
city	Washington	NJ	New Jersey	
city	Watchung	NJ	New Jersey	
city	Wenonah	NJ	New Jersey	
city	West Cape May	NJ	New Jersey	
city	Westfield	NJ	New Jersey	
city	West Long Branch	NJ	New Jersey	
city	West New York	NJ	New Jersey	
city	Westville	NJ	New Jersey	
city	West Wildwood	NJ	New Jersey	
city	Westwood	NJ	New Jersey	
city	Wharton	NJ	New Jersey	
city	Wildwood	NJ	New Jersey	
city	Wildwood Crest	NJ	New Jersey	
city	Woodbine	NJ	New Jersey	
city	Woodbury	NJ	New Jersey	
city	Woodbury Heights	NJ	New Jersey	
city	Woodcliff Lake	NJ	New Jersey	
city	Woodland Park	NJ	New Jersey	
city	Woodlynne	NJ	New Jersey	
city	Wood-Ridge	NJ	New Jersey	
city	Woodstown	NJ	New Jersey	
city	Wrightstown	NJ	New Jersey	
city	Alamogordo	NM	New Mexico	
city	Albuquerque	NM	New Mexico	
city	Angel Fire	NM	New Mexico	
city	Anthony	NM	New Mexico	
city	Artesia	NM	New Mexico	
city	Aztec	NM	New Mexico	
city	Bayard	NM	New Mexico	
city	Belen	NM	New Mexico	
city	Bernalillo	NM	New Mexico	
city	Bloomfield	NM	New Mexico	
city	Bosque Farms	NM	New Mexico	
city	Capitan	NM	New Mexico	
city	Carlsbad	NM	New Mexico	
city	Carrizozo	NM	New Mexico	
city	Causey	NM	New Mexico	
city	Chama	NM	New Mexico	
city	Cimarron	NM	New Mexico	
city	Clayton	NM	New Mexico	
city	Cloudcroft	NM	New Mexico	
city	Clovis	NM	New Mexico	
city	Columbus	NM	New Mexico	
city	Corona	NM	New Mexico	
city	Corrales	NM	New Mexico	
city	Cuba	NM	New Mexico	
city	Deming	NM	New Mexico	
city	Des Moines	NM	New Mexico	
city	Dexter	NM	New Mexico	
city	Dora	NM	New Mexico	
city	Eagle Nest	NM	New Mexico	
city	Edgewood	NM	New Mexico	
city	Elephant Butte	NM	New Mexico	
city	Elida	NM	New Mexico	
city	Encino	NM	New Mexico	
city	Española	NM	New Mexico	
city	Estancia	NM	New Mexico	
city	Eunice	NM	New Mexico	
city	Farmington	NM	New Mexico	
city	Floyd	NM	New Mexico	
city	Folsom	NM	New Mexico	
city	Fort Sumner	NM	New Mexico	
city	Gallup	NM	New Mexico	
city	Grady	NM	New Mexico	
city	Grants	NM	New Mexico	
city	Grenville	NM	New Mexico	
city	Hagerman	NM	New Mexico	
city	Hatch	NM	New Mexico	
city	Hobbs	NM	New Mexico	
city	Hope	NM	New Mexico	
city	House	NM	New Mexico	
city	Hurley	NM	New Mexico	
city	Jal	NM	New Mexico	
city	Jemez Springs	NM	New Mexico	
city	Kirtland	NM	New Mexico	
city	Lake Arthur	NM	New Mexico	
city	Las Cruces	NM	New Mexico	
city	Las Vegas	NM	New Mexico	
city	Logan	NM	New Mexico	
city	Lordsburg	NM	New Mexico	
city	Los Lunas	NM	New Mexico	
city	Los Ranchos de Albuquerque	NM	New Mexico	
city	Loving	NM	New Mexico	
city	Lovington	NM	New Mexico	
city	Magdalena	NM	New Mexico	
city	Maxwell	NM	New Mexico	
city	Melrose	NM	New Mexico	
city	Mesilla	NM	New Mexico	
city	Milan	NM	New Mexico	
city	Moriarty	NM	New Mexico	
city	Mosquero	NM	New Mexico	
city	Mountainair	NM	New Mexico	
city	Pecos	NM	New Mexico	
city	Peralta	NM	New Mexico	
city	Portales	NM	New Mexico	
city	Questa	NM	New Mexico	
city	Raton	NM	New Mexico	
city	Red River	NM	New Mexico	
city	Reserve	NM	New Mexico	
city	Rio Communities	NM	New Mexico	
city	Rio Rancho	NM	New Mexico	
city	Roswell	NM	New Mexico	
city	Roy	NM	New Mexico	
city	Ruidoso	NM	New Mexico	
city	Ruidoso Downs	NM	New Mexico	
city	San Jon	NM	New Mexico	
city	Santa Clara	NM	New Mexico	
city	Santa Fe	NM	New Mexico	
city	Santa Rosa	NM	New Mexico	
city	San Ysidro	NM	New Mexico	
city	Silver City	NM	New Mexico	
city	Socorro	NM	New Mexico	
city	Springer	NM	New Mexico	
city	Sunland Park	NM	New Mexico	
city	Taos	NM	New Mexico	
city	Taos Ski Valley	NM	New Mexico	
city	Tatum	NM	New Mexico	
city	Texico	NM	New Mexico	
city	Tijeras	NM	New Mexico	
city	Truth or Consequences	NM	New Mexico	
city	Tucumcari	NM	New Mexico	
city	Tularosa	NM	New Mexico	
city	Vaughn	NM	New Mexico	
city	Virden	NM	New Mexico	
city	Wagon Mound	NM	New Mexico	
city	Willard	NM	New Mexico	
city	Williamsburg	NM	New Mexico	
city	Adams	NY	New York	
city	Addison	NY	New York	
city	Afton	NY	New York	
city	Airmont	NY	New York	
city	Akron	NY	New York	
city	Albany	NY	New York	
city	Albion	NY	New York	
city	Alden	NY	New York	
city	Alexander	NY	New York	
city	Alexandria Bay	NY	New York	
city	Alfred	NY	New York	
city	Allegany	NY	New York	
city	Almond	NY	New York	
city	Altamont	NY	New York	
city	Ames	NY	New York	
city	Amityville	NY	New York	
city	Amsterdam	NY	New York	
city	Andover	NY	New York	
city	Angelica	NY	New York	
city	Angola	NY	New York	
city	Antwerp	NY	New York	
city	Arcade	NY	New York	
city	Ardsley	NY	New York	
city	Argyle	NY	New York	
city	Arkport	NY	New York	
city	Asharoken	NY	New York	
city	Athens	NY	New York	
city	Atlantic Beach	NY	New York	
city	Attica	NY	New York	
city	Auburn	NY	New York	
city	Aurora	NY	New York	
city	Avoca	NY	New York	
city	Avon	NY	New York	
city	Babylon	NY	New York	
city	Bainbridge	NY	New York	
city	Baldwinsville	NY	New York	
city	Ballston Spa	NY	New York	
city	Barker	NY	New York	
city	Batavia	NY	New York	
city	Bath	NY	New York	
city	Baxter Estates	NY	New York	
city	Bayville	NY	New York	
city	Beacon	NY	New York	
city	Bellerose	NY	New York	
city	Belle Terre	NY	New York	
city	Bellport	NY	New York	
city	Belmont	NY	New York	
city	Bemus Point	NY	New York	
city	Bergen	NY	New York	
city	Binghamton	NY	New York	
city	Black River	NY	New York	
city	Blasdell	NY	New York	
city	Bloomfield	NY	New York	
city	Bloomingburg	NY	New York	
city	Bolivar	NY	New York	
city	Boonville	NY	New York	
city	Brewster	NY	New York	
city	Briarcliff Manor	NY	New York	
city	Brightwaters	NY	New York	
city	Broadalbin	NY	New York	
city	Brockport	NY	New York	
city	Brocton	NY	New York	
city	Bronxville	NY	New York	
city	Brookville	NY	New York	
city	Brownville	NY	New York	
city	Brushton	NY	New York	
city	Buchanan	NY	New York	
city	Buffalo	NY	New York	
city	Burdett	NY	New York	
city	Burke	NY	New York	
city	Caledonia	NY	New York	
city	Cambridge	NY	New York	
city	Camden	NY	New York	
city	Camillus	NY	New York	
city	Canajoharie	NY	New York	
city	Canandaigua	NY	New York	
city	Canaseraga	NY	New York	
city	Canastota	NY	New York	
city	Candor	NY	New York	
city	Canisteo	NY	New York	
city	Canton	NY	New York	
city	Cape Vincent	NY	New York	
city	Carthage	NY	New York	
city	Cassadaga	NY	New York	
city	Castile	NY	New York	
city	Castleton-on-Hudson	NY	New York	
city	Castorland	NY	New York	
city	Cato	NY	New York	
city	Catskill	NY	New York	
city	Cattaraugus	NY	New York	
city	Cayuga	NY	New York	
city	Cayuga Heights	NY	New York	
city	Cazenovia	NY	New York	
city	Cedarhurst	NY	New York	
city	Celoron	NY	New York	
city	Central Square	NY	New York	
city	Centre Island	NY	New York	
city	Champlain	NY	New York	
city	Chateaugay	NY	New York	
city	Chatham	NY	New York	
city	Chaumont	NY	New York	
city	Cherry Valley	NY	New York	
city	Chester	NY	New York	
city	Chestnut Ridge	NY	New York	
city	Chittenango	NY	New York	
city	Churchville	NY	New York	
city	Clayton	NY	New York	
city	Clayville	NY	New York	
city	Cleveland	NY	New York	
city	Clifton Springs	NY	New York	
city	Clinton	NY	New York	
city	Clyde	NY	New York	
city	Cobleskill	NY	New York	
city	Cohocton	NY	New York	
city	Cohoes	NY	New York	
city	Cold Brook	NY	New York	
city	Cold Spring	NY	New York	
city	Colonie	NY	New York	
city	Constableville	NY	New York	
city	Cooperstown	NY	New York	
city	Copenhagen	NY	New York	
city	Corfu	NY	New York	
city	Corinth	NY	New York	
city	Corning	NY	New York	
city	Cornwall-on-Hudson	NY	New York	
city	Cortland	NY	New York	
city	Cove Neck	NY	New York	
city	Coxsackie	NY	New York	
city	Croghan	NY	New York	
city	Croton-on-Hudson	NY	New York	
city	Cuba	NY	New York	
city	Dannemora	NY	New York	
city	Dansville	NY	New York	
city	Deferiet	NY	New York	
city	Delanson	NY	New York	
city	Delevan	NY	New York	
city	Delhi	NY	New York	
city	Depew	NY	New York	
city	Deposit	NY	New York	
city	Dering Harbor	NY	New York	
city	DeRuyter	NY	New York	
city	Dexter	NY	New York	
city	Dobbs Ferry	NY	New York	
city	Dolgeville	NY	New York	
city	Dresden	NY	New York	
city	Dryden	NY	New York	
city	Dundee	NY	New York	
city	Dunkirk	NY	New York	
city	Earlville	NY	New York	
city	East Aurora	NY	New York	
city	East Hampton	NY	New York	
city	East Hills	NY	New York	
city	East Nassau	NY	New York	
city	East Rochester	NY	New York	
city	East Rockaway	NY	New York	
city	East Syracuse	NY	New York	
city	East Williston	NY	New York	
city	Elba	NY	New York	
city	Elbridge	NY	New York	
city	Ellenville	NY	New York	
city	Ellicottville	NY	New York	
city	Ellisburg	NY	New York	
city	Elmira	NY	New York	
city	Elmira Heights	NY	New York	
city	Elmsford	NY	New York	
city	Endicott	NY	New York	
city	Esperance	NY	New York	
city	Evans Mills	NY	New York	
city	Fabius	NY	New York	
city	Fair Haven	NY	New York	
city	Fairport	NY	New York	
city	Falconer	NY	New York	
city	Farmingdale	NY	New York	
city	Farnham	NY	New York	
city	Fayetteville	NY	New York	
city	Fishkill	NY	New York	
city	Fleischmanns	NY	New York	
city	Floral Park	NY	New York	
city	Florida	NY	New York	
city	Flower Hill	NY	New York	
city	Fonda	NY	New York	
city	Fort Ann	NY	New York	
city	Fort Edward	NY	New York	
city	Fort Johnson	NY	New York	
city	Fort Plain	NY	New York	
city	Frankfort	NY	New York	
city	Franklin	NY	New York	
city	Franklinville	NY	New York	
city	Fredonia	NY	New York	
city	Freeport	NY	New York	
city	Freeville	NY	New York	
city	Fulton	NY	New York	
city	Fultonville	NY	New York	
city	Gainesville	NY	New York	
city	Galway	NY	New York	
city	Garden City	NY	New York	
city	Geneseo	NY	New York	
city	Geneva	NY	New York	
city	Gilbertsville	NY	New York	
city	Glen Cove	NY	New York	
city	Glen Park	NY	New York	
city	Glens Falls	NY	New York	
city	Gloversville	NY	New York	
city	Goshen	NY	New York	
city	Gouverneur	NY	New York	
city	Gowanda	NY	New York	
city	Grand View-on-Hudson	NY	New York	
city	Granville	NY	New York	
city	Great Neck	NY	New York	
city	Great Neck Estates	NY	New York	
city	Great Neck Plaza	NY	New York	
city	Greene	NY	New York	
city	Green Island	NY	New York	
city	Greenport	NY	New York	
city	Greenwich	NY	New York	
city	Greenwood Lake	NY	New York	
city	Groton	NY	New York	
city	Hagaman	NY	New York	
city	Hamburg	NY	New York	
city	Hamilton	NY	New York	
city	Hammond	NY	New York	
city	Hammondsport	NY	New York	
city	Hancock	NY	New York	
city	Hannibal	NY	New York	
city	Harriman	NY	New York	
city	Harrison	NY	New York	
city	Hastings-on-Hudson	NY	New York	
city	Haverstraw	NY	New York	
city	Head of the Harbor	NY	New York	
city	Hempstead	NY	New York	
city	Herkimer	NY	New York	
city	Heuvelton	NY	New York	
city	Hewlett Bay Park	NY	New York	
city	Hewlett Harbor	NY	New York	
city	Hewlett Neck	NY	New York	
city	Highland Falls	NY	New York	
city	Hillburn	NY	New York	
city	Hilton	NY	New York	
city	Hobart	NY	New York	
city	Holland Patent	NY	New York	
city	Holley	NY	New York	
city	Homer	NY	New York	
city	Honeoye Falls	NY	New York	
city	Hoosick Falls	NY	New York	
city	Hornell	NY	New York	
city	Horseheads	NY	New York	
city	Hudson	NY	New York	
city	Hudson Falls	NY	New York	
city	Hunter	NY	New York	
city	Huntington Bay	NY	New York	
city	Ilion	NY	New York	
city	Interlaken	NY	New York	
city	Irvington	NY	New York	
city	Islandia	NY	New York	
city	Island Park	NY	New York	
city	Ithaca	NY	New York	
city	Jamestown	NY	New York	
city	Jeffersonville	NY	New York	
city	Johnson City	NY	New York	
city	Johnstown	NY	New York	
city	Jordan	NY	New York	
city	Kaser	NY	New York	
city	Kenmore	NY	New York	
city	Kensington	NY	New York	
city	Kinderhook	NY	New York	
city	Kings Point	NY	New York	
city	Kingston	NY	New York	
city	Kiryas Joel	NY	New York	
city	Lackawanna	NY	New York	
city	Lacona	NY	New York	
city	Lake George	NY	New York	
city	Lake Grove	NY	New York	
city	Lake Placid	NY	New York	
city	Lake Success	NY	New York	
city	Lakewood	NY	New York	
city	Lancaster	NY	New York	
city	Lansing	NY	New York	
city	Larchmont	NY	New York	
city	Lattingtown	NY	New York	
city	Laurel Hollow	NY	New York	
city	Laurens	NY	New York	
city	Lawrence	NY	New York	
city	Leicester	NY	New York	
city	Le Roy	NY	New York	
city	Lewiston	NY	New York	
city	Liberty	NY	New York	
city	Lima	NY	New York	
city	Lindenhurst	NY	New York	
city	Lisle	NY	New York	
city	Little Falls	NY	New York	
city	Little Valley	NY	New York	
city	Liverpool	NY	New York	
city	Livonia	NY	New York	
city	Lloyd Harbor	NY	New York	
city	Lockport	NY	New York	
city	Lodi	NY	New York	
city	Long Beach	NY	New York	
city	Lowville	NY	New York	
city	Lynbrook	NY	New York	
city	Lyndonville	NY	New York	
city	Lyons Falls	NY	New York	
city	McGraw	NY	New York	
city	Madison	NY	New York	
city	Malone	NY	New York	
city	Malverne	NY	New York	
city	Mamaroneck	NY	New York	
city	Manchester	NY	New York	
city	Manlius	NY	New York	
city	Mannsville	NY	New York	
city	Manorhaven	NY	New York	
city	Marathon	NY	New York	
city	Marcellus	NY	New York	
city	Margaretville	NY	New York	
city	Massapequa Park	NY	New York	
city	Massena	NY	New York	
city	Matinecock	NY	New York	
city	Maybrook	NY	New York	
city	Mayfield	NY	New York	
city	Mayville	NY	New York	
city	Mechanicville	NY	New York	
city	Medina	NY	New York	
city	Menands	NY	New York	
city	Meridian	NY	New York	
city	Mexico	NY	New York	
city	Middleburgh	NY	New York	
city	Middleport	NY	New York	
city	Middletown	NY	New York	
city	Middleville	NY	New York	
city	Milford	NY	New York	
city	Millbrook	NY	New York	
city	Millerton	NY	New York	
city	Mill Neck	NY	New York	
city	Millport	NY	New York	
city	Mineola	NY	New York	
city	Minoa	NY	New York	
city	Mohawk	NY	New York	
city	Monroe	NY	New York	
city	Montebello	NY	New York	
city	Montgomery	NY	New York	
city	Monticello	NY	New York	
city	Montour Falls	NY	New York	
city	Moravia	NY	New York	
city	Morris	NY	New York	
city	Morrisville	NY	New York	
city	Mount Kisco	NY	New York	
city	Mount Morris	NY	New York	
city	Mount Vernon	NY	New York	
city	Munnsville	NY	New York	
city	Munsey Park	NY	New York	
city	Muttontown	NY	New York	
city	Naples	NY	New York	
city	Nassau	NY	New York	
city	Nelliston	NY	New York	
city	Nelsonville	NY	New York	
city	Newark	NY	New York	
city	Newark Valley	NY	New York	
city	New Berlin	NY	New York	
city	Newburgh	NY	New York	
city	New Hartford	NY	New York	
city	New Hempstead	NY	New York	
city	New Hyde Park	NY	New York	
city	New Paltz	NY	New York	
city	Newport	NY	New York	
city	New Rochelle	NY	New York	
city	New Square	NY	New York	
city	New York	NY	New York	
city	New York Mills	NY	New York	
city	Niagara Falls	NY	New York	
city	Nichols	NY	New York	
city	Nissequogue	NY	New York	
city	North Collins	NY	New York	
city	North Haven	NY	New York	
city	North Hills	NY	New York	
city	North Hornell	NY	New York	
city	Northport	NY	New York	
city	North Syracuse	NY	New York	
city	North Tonawanda	NY	New York	
city	Northville	NY	New York	
city	Norwich	NY	New York	
city	Norwood	NY	New York	
city	Nunda	NY	New York	
city	Nyack	NY	New York	
city	Oakfield	NY	New York	
city	Ocean Beach	NY	New York	
city	Odessa	NY	New York	
city	Ogdensburg	NY	New York	
city	Old Brookville	NY	New York	
city	Old Field	NY	New York	
city	Old Westbury	NY	New York	
city	Olean	NY	New York	
city	Oneida	NY	New York	
city	Oneida Castle	NY	New York	
city	Oneonta	NY	New York	
city	Orchard Park	NY	New York	
city	Oriskany	NY	New York	
city	Oriskany Falls	NY	New York	
city	Ossining	NY	New York	
city	Oswego	NY	New York	
city	Otego	NY	New York	
city	Otisville	NY	New York	
city	Ovid	NY	New York	
city	Owego	NY	New York	
city	Oxford	NY	New York	
city	Oyster Bay Cove	NY	New York	
city	Painted Post	NY	New York	
city	Palatine Bridge	NY	New York	
city	Palmyra	NY	New York	
city	Panama	NY	New York	
city	Parish	NY	New York	
city	Patchogue	NY	New York	
city	Pawling	NY	New York	
city	Peekskill	NY	New York	
city	Pelham	NY	New York	
city	Pelham Manor	NY	New York	
city	Penn Yan	NY	New York	
city	Perry	NY	New York	
city	Phelps	NY	New York	
city	Philadelphia	NY	New York	
city	Philmont	NY	New York	
city	Phoenix	NY	New York	
city	Piermont	NY	New York	
city	Pittsford	NY	New York	
city	Plandome	NY	New York	
city	Plandome Heights	NY	New York	
city	Plandome Manor	NY	New York	
city	Plattsburgh	NY	New York	
city	Pleasantville	NY	New York	
city	Poland	NY	New York	
city	Pomona	NY	New York	
city	Poquott	NY	New York	
city	Port Byron	NY	New York	
city	Port Chester	NY	New York	
city	Port Dickinson	NY	New York	
city	Port Jefferson	NY	New York	
city	Port Jervis	NY	New York	
city	Port Leyden	NY	New York	
city	Portville	NY	New York	
city	Port Washington North	NY	New York	
city	Potsdam	NY	New York	
city	Poughkeepsie	NY	New York	
city	Pulaski	NY	New York	
city	Quogue	NY	New York	
city	Ravena	NY	New York	
city	Red Creek	NY	New York	
city	Red Hook	NY	New York	
city	Remsen	NY	New York	
city	Rensselaer	NY	New York	
city	Rensselaer Falls	NY	New York	
city	Rhinebeck	NY	New York	
city	Richburg	NY	New York	
city	Richfield Springs	NY	New York	
city	Richmondville	NY	New York	
city	Richville	NY	New York	
city	Riverside	NY	New York	
city	Rochester	NY	New York	
city	Rockville Centre	NY	New York	
city	Rome	NY	New York	
city	Roslyn	NY	New York	
city	Roslyn Estates	NY	New York	
city	Roslyn Harbor	NY	New York	
city	Round Lake	NY	New York	
city	Rouses Point	NY	New York	
city	Rushville	NY	New York	
city	Russell Gardens	NY	New York	
city	Rye	NY	New York	
city	Rye Brook	NY	New York	
city	Sackets Harbor	NY	New York	
city	Saddle Rock	NY	New York	
city	Sagaponack	NY	New York	
city	Sag Harbor	NY	New York	
city	St. Johnsville	NY	New York	
city	Salamanca	NY	New York	
city	Saltaire	NY	New York	
city	Sands Point	NY	New York	
city	Sandy Creek	NY	New York	
city	Saranac Lake	NY	New York	
city	Saratoga Springs	NY	New York	
city	Saugerties	NY	New York	
city	Savona	NY	New York	
city	Scarsdale	NY	New York	
city	Schaghticoke	NY	New York	
city	Schenectady	NY	New York	
city	Schoharie	NY	New York	
city	Schuylerville	NY	New York	
city	Scotia	NY	New York	
city	Scottsville	NY	New York	
city	Sea Cliff	NY	New York	
city	Sharon Springs	NY	New York	
city	Sherburne	NY	New York	
city	Sherman	NY	New York	
city	Sherrill	NY	New York	
city	Shoreham	NY	New York	
city	Shortsville	NY	New York	
city	Sidney	NY	New York	
city	Silver Creek	NY	New York	
city	Silver Springs	NY	New York	
city	Sinclairville	NY	New York	
city	Skaneateles	NY	New York	
city	Sleepy Hollow	NY	New York	
city	Sloan	NY	New York	
city	Sloatsburg	NY	New York	
city	Smyrna	NY	New York	
city	Sodus	NY	New York	
city	Sodus Point	NY	New York	
city	Solvay	NY	New York	
city	Southampton	NY	New York	
city	South Blooming Grove	NY	New York	
city	South Corning	NY	New York	
city	South Dayton	NY	New York	
city	South Floral Park	NY	New York	
city	South Glens Falls	NY	New York	
city	Speculator	NY	New York	
city	Spencer	NY	New York	
city	Spencerport	NY	New York	
city	Spring Valley	NY	New York	
city	Springville	NY	New York	
city	Stamford	NY	New York	
city	Stewart Manor	NY	New York	
city	Stillwater	NY	New York	
city	Suffern	NY	New York	
city	Sylvan Beach	NY	New York	
city	Syracuse	NY	New York	
city	Tannersville	NY	New York	
city	Tarrytown	NY	New York	
city	Theresa	NY	New York	
city	Thomaston	NY	New York	
city	Tivoli	NY	New York	
city	Tonawanda	NY	New York	
city	Troy	NY	New York	
city	Trumansburg	NY	New York	
city	Tuckahoe	NY	New York	
city	Tully	NY	New York	
city	Tupper Lake	NY	New York	
city	Turin	NY	New York	
city	Tuxedo	NY	New York	
city	Tuxedo Park	NY	New York	
city	Unadilla	NY	New York	
city	Union Springs	NY	New York	
city	Unionville	NY	New York	
city	Upper Brookville	NY	New York	
city	Upper Nyack	NY	New York	
city	Utica	NY	New York	
city	Valatie	NY	New York	
city	Valley Falls	NY	New York	
city	Valley Stream	NY	New York	
city	Vernon	NY	New York	
city	Victor	NY	New York	
city	Victory	NY	New York	
city	Village of the Branch	NY	New York	
city	Voorheesville	NY	New York	
city	Waddington	NY	New York	
city	Walden	NY	New York	
city	Walton	NY	New York	
city	Wampsville	NY	New York	
city	Wappingers Falls	NY	New York	
city	Warsaw	NY	New York	
city	Warwick	NY	New York	
city	Washingtonville	NY	New York	
city	Waterford	NY	New York	
city	Waterloo	NY	New York	
city	Watertown	NY	New York	
city	Waterville	NY	New York	
city	Watervliet	NY	New York	
city	Watkins Glen	NY	New York	
city	Waverly	NY	New York	
city	Wayland	NY	New York	
city	Webster	NY	New York	
city	Weedsport	NY	New York	
city	Wellsburg	NY	New York	
city	Wellsville	NY	New York	
city	Wesley Hills	NY	New York	
city	Westbury	NY	New York	
city	West Carthage	NY	New York	
city	Westfield	NY	New York	
city	Westhampton Beach	NY	New York	
city	West Hampton Dunes	NY	New York	
city	West Haverstraw	NY	New York	
city	West Winfield	NY	New York	
city	Whitehall	NY	New York	
city	White Plains	NY	New York	
city	Whitesboro	NY	New York	
city	Whitney Point	NY	New York	
city	Williamsville	NY	New York	
city	Williston Park	NY	New York	
city	Wilson	NY	New York	
city	Windsor	NY	New York	
city	Wolcott	NY	New York	
city	Woodbury	NY	New York	
city	Woodridge	NY	New York	
city	Woodsburgh	NY	New York	
city	Wurtsboro	NY	New York	
city	Wyoming	NY	New York	
city	Yonkers	NY	New York	
city	Yorkville	NY	New York	
city	Youngstown	NY	New York	
city	Aberdeen	NC	North Carolina	
city	Ahoskie	NC	North Carolina	
city	Alamance	NC	North Carolina	
city	Albemarle	NC	North Carolina	
city	Alliance	NC	North Carolina	
city	Andrews	NC	North Carolina	
city	Angier	NC	North Carolina	
city	Ansonville	NC	North Carolina	
city	Apex	NC	North Carolina	
city	Arapahoe	NC	North Carolina	
city	Archdale	NC	North Carolina	
city	Archer Lodge	NC	North Carolina	
city	Asheboro	NC	North Carolina	
city	Asheville	NC	North Carolina	
city	Askewville	NC	North Carolina	
city	Atkinson	NC	North Carolina	
city	Atlantic Beach	NC	North Carolina	
city	Aulander	NC	North Carolina	
city	Aurora	NC	North Carolina	
city	Autryville	NC	North Carolina	
city	Ayden	NC	North Carolina	
city	Badin	NC	North Carolina	
city	Bailey	NC	North Carolina	
city	Bakersville	NC	North Carolina	
city	Bald Head Island	NC	North Carolina	
city	Banner Elk	NC	North Carolina	
city	Bath	NC	North Carolina	
city	Bayboro	NC	North Carolina	
city	Bear Grass	NC	North Carolina	
city	Beaufort	NC	North Carolina	
city	Beech Mountain	NC	North Carolina	
city	Belhaven	NC	North Carolina	
city	Belmont	NC	North Carolina	
city	Belville	NC	North Carolina	
city	Belwood	NC	North Carolina	
city	Benson	NC	North Carolina	
city	Bermuda Run	NC	North Carolina	
city	Bessemer City	NC	North Carolina	
city	Bethania	NC	North Carolina	
city	Bethel	NC	North Carolina	
city	Beulaville	NC	North Carolina	
city	Biltmore Forest	NC	North Carolina	
city	Biscoe	NC	North Carolina	
city	Black Creek	NC	North Carolina	
city	Black Mountain	NC	North Carolina	
city	Bladenboro	NC	North Carolina	
city	Blowing Rock	NC	North Carolina	
city	Boardman	NC	North Carolina	
city	Bogue	NC	North Carolina	
city	Boiling Spring Lakes	NC	North Carolina	
city	Boiling Springs	NC	North Carolina	
city	Bolivia	NC	North Carolina	
city	Bolton	NC	North Carolina	
city	Boone	NC	North Carolina	
city	Boonville	NC	North Carolina	
city	Bostic	NC	North Carolina	
city	Brevard	NC	North Carolina	
city	Bridgeton	NC	North Carolina	
city	Broadway	NC	North Carolina	
city	Brookford	NC	North Carolina	
city	Brunswick	NC	North Carolina	
city	Bryson City	NC	North Carolina	
city	Bunn	NC	North Carolina	
city	Burgaw	NC	North Carolina	
city	Burlington	NC	North Carolina	
city	Burnsville	NC	North Carolina	
city	Butner	NC	North Carolina	
city	Cajah's Mountain	NC	North Carolina	
city	Calabash	NC	North Carolina	
city	Calypso	NC	North Carolina	
city	Cameron	NC	North Carolina	
city	Candor	NC	North Carolina	
city	Canton	NC	North Carolina	
city	Cape Carteret	NC	North Carolina	
city	Carolina Beach	NC	North Carolina	
city	Carolina Shores	NC	North Carolina	
city	Carrboro	NC	North Carolina	
city	Carthage	NC	North Carolina	
city	Cary	NC	North Carolina	
city	Casar	NC	North Carolina	
city	Castalia	NC	North Carolina	
city	Caswell Beach	NC	North Carolina	
city	Catawba	NC	North Carolina	
city	Cedar Point	NC	North Carolina	
city	Cedar Rock	NC	North Carolina	
city	Cerro Gordo	NC	North Carolina	
city	Chadbourn	NC	North Carolina	
city	Chapel Hill	NC	North Carolina	
city	Charlotte	NC	North Carolina	
city	Cherryville	NC	North Carolina	
city	Chimney Rock Village	NC	North Carolina	
city	China Grove	NC	North Carolina	
city	Chocowinity	NC	North Carolina	
city	Claremont	NC	North Carolina	
city	Clarkton	NC	North Carolina	
city	Clayton	NC	North Carolina	
city	Clemmons	NC	North Carolina	
city	Cleveland	NC	North Carolina	
city	Clinton	NC	North Carolina	
city	Clyde	NC	North Carolina	
city	Coats	NC	North Carolina	
city	Cofield	NC	North Carolina	
city	Colerain	NC	North Carolina	
city	Columbia	NC	North Carolina	
city	Columbus	NC	North Carolina	
city	Como	NC	North Carolina	
city	Concord	NC	North Carolina	
city	Conetoe	NC	North Carolina	
city	Connelly Springs	NC	North Carolina	
city	Conover	NC	North Carolina	
city	Conway	NC	North Carolina	
city	Cooleemee	NC	North Carolina	
city	Cornelius	NC	North Carolina	
city	Cove City	NC	North Carolina	
city	Cramerton	NC	North Carolina	
city	Creedmoor	NC	North Carolina	
city	Creswell	NC	North Carolina	
city	Crossnore	NC	North Carolina	
city	Dallas	NC	North Carolina	
city	Danbury	NC	North Carolina	
city	Davidson	NC	North Carolina	
city	Denton	NC	North Carolina	
city	Dillsboro	NC	North Carolina	
city	Dobbins Heights	NC	North Carolina	
city	Dobson	NC	North Carolina	
city	Dortches	NC	North Carolina	
city	Dover	NC	North Carolina	
city	Drexel	NC	North Carolina	
city	Dublin	NC	North Carolina	
city	Duck	NC	North Carolina	
city	Dunn	NC	North Carolina	
city	Durham	NC	North Carolina	
city	Earl	NC	North Carolina	
city	East Arcadia	NC	North Carolina	
city	East Bend	NC	North Carolina	
city	East Laurinburg	NC	North Carolina	
city	Eastover	NC	North Carolina	
city	East Spencer	NC	North Carolina	
city	Eden	NC	North Carolina	
city	Edenton	NC	North Carolina	
city	Elizabeth City	NC	North Carolina	
city	Elizabethtown	NC	North Carolina	
city	Elkin	NC	North Carolina	
city	Elk Park	NC	North Carolina	
city	Ellenboro	NC	North Carolina	
city	Ellerbe	NC	North Carolina	
city	Elm City	NC	North Carolina	
city	Elon	NC	North Carolina	
city	Emerald Isle	NC	North Carolina	
city	Enfield	NC	North Carolina	
city	Erwin	NC	North Carolina	
city	Eureka	NC	North Carolina	
city	Everetts	NC	North Carolina	
city	Fair Bluff	NC	North Carolina	
city	Fairmont	NC	North Carolina	
city	Fairview	NC	North Carolina	
city	Faison	NC	North Carolina	
city	Faith	NC	North Carolina	
city	Falcon	NC	North Carolina	
city	Falkland	NC	North Carolina	
city	Fallston	NC	North Carolina	
city	Farmville	NC	North Carolina	
city	Fayetteville	NC	North Carolina	
city	Flat Rock	NC	North Carolina	
city	Fletcher	NC	North Carolina	
city	Fontana Dam	NC	North Carolina	
city	Forest City	NC	North Carolina	
city	Forest Hills	NC	North Carolina	
city	Fountain	NC	North Carolina	
city	Four Oaks	NC	North Carolina	
city	Foxfire	NC	North Carolina	
city	Franklin	NC	North Carolina	
city	Franklinton	NC	North Carolina	
city	Franklinville	NC	North Carolina	
city	Fremont	NC	North Carolina	
city	Fuquay-Varina	NC	North Carolina	
city	Gamewell	NC	North Carolina	
city	Garland	NC	North Carolina	
city	Garner	NC	North Carolina	
city	Garysburg	NC	North Carolina	
city	Gaston	NC	North Carolina	
city	Gastonia	NC	North Carolina	
city	Gatesville	NC	North Carolina	
city	Gibson	NC	North Carolina	
city	Gibsonville	NC	North Carolina	
city	Glen Alpine	NC	North Carolina	
city	Godwin	NC	North Carolina	
city	Goldsboro	NC	North Carolina	
city	Goldston	NC	North Carolina	
city	Graham	NC	North Carolina	
city	Grandfather Village	NC	North Carolina	
city	Granite Falls	NC	North Carolina	
city	Granite Quarry	NC	North Carolina	
city	Grantsboro	NC	North Carolina	
city	Greenevers	NC	North Carolina	
city	Green Level	NC	North Carolina	
city	Greensboro	NC	North Carolina	
city	Greenville	NC	North Carolina	
city	Grifton	NC	North Carolina	
city	Grimesland	NC	North Carolina	
city	Grover	NC	North Carolina	
city	Halifax	NC	North Carolina	
city	Hamilton	NC	North Carolina	
city	Hamlet	NC	North Carolina	
city	Harmony	NC	North Carolina	
city	Harrells	NC	North Carolina	
city	Harrellsville	NC	North Carolina	
city	Harrisburg	NC	North Carolina	
city	Hassell	NC	North Carolina	
city	Havelock	NC	North Carolina	
city	Haw River	NC	North Carolina	
city	Hayesville	NC	North Carolina	
city	Hemby Bridge	NC	North Carolina	
city	Henderson	NC	North Carolina	
city	Hendersonville	NC	North Carolina	
city	Hertford	NC	North Carolina	
city	Hickory	NC	North Carolina	
city	Highlands	NC	North Carolina	
city	High Point	NC	North Carolina	
city	High Shoals	NC	North Carolina	
city	Hildebran	NC	North Carolina	
city	Hillsborough	NC	North Carolina	
city	Hobgood	NC	North Carolina	
city	Hoffman	NC	North Carolina	
city	Holden Beach	NC	North Carolina	
city	Holly Ridge	NC	North Carolina	
city	Holly Springs	NC	North Carolina	
city	Hookerton	NC	North Carolina	
city	Hope Mills	NC	North Carolina	
city	Hot Springs	NC	North Carolina	
city	Hudson	NC	North Carolina	
city	Huntersville	NC	North Carolina	
city	Indian Beach	NC	North Carolina	
city	Indian Trail	NC	North Carolina	
city	Jackson	NC	North Carolina	
city	Jacksonville	NC	North Carolina	
city	Jamestown	NC	North Carolina	
city	Jamesville	NC	North Carolina	
city	Jefferson	NC	North Carolina	
city	Jonesville	NC	North Carolina	
city	Kannapolis	NC	North Carolina	
city	Kelford	NC	North Carolina	
city	Kenansville	NC	North Carolina	
city	Kenly	NC	North Carolina	
city	Kernersville	NC	North Carolina	
city	Kill Devil Hills	NC	North Carolina	
city	King	NC	North Carolina	
city	Kings Mountain	NC	North Carolina	
city	Kingstown	NC	North Carolina	
city	Kinston	NC	North Carolina	
city	Kittrell	NC	North Carolina	
city	Kitty Hawk	NC	North Carolina	
city	Knightdale	NC	North Carolina	
city	Kure Beach	NC	North Carolina	
city	La Grange	NC	North Carolina	
city	Lake Lure	NC	North Carolina	
city	Lake Park	NC	North Carolina	
city	Lake Santeetlah	NC	North Carolina	
city	Lake Waccamaw	NC	North Carolina	
city	Landis	NC	North Carolina	
city	Lansing	NC	North Carolina	
city	Lasker	NC	North Carolina	
city	Lattimore	NC	North Carolina	
city	Laurel Park	NC	North Carolina	
city	Laurinburg	NC	North Carolina	
city	Lawndale	NC	North Carolina	
city	Leggett	NC	North Carolina	
city	Leland	NC	North Carolina	
city	Lenoir	NC	North Carolina	
city	Lewiston Woodville	NC	North Carolina	
city	Lewisville	NC	North Carolina	
city	Lexington	NC	North Carolina	
city	Liberty	NC	North Carolina	
city	Lilesville	NC	North Carolina	
city	Lillington	NC	North Carolina	
city	Lincolnton	NC	North Carolina	
city	Linden	NC	North Carolina	
city	Littleton	NC	North Carolina	
city	Locust	NC	North Carolina	
city	Long View	NC	North Carolina	
city	Louisburg	NC	North Carolina	
city	Love Valley	NC	North Carolina	
city	Lowell	NC	North Carolina	
city	Lucama	NC	North Carolina	
city	Lumber Bridge	NC	North Carolina	
city	Lumberton	NC	North Carolina	
city	McAdenville	NC	North Carolina	
city	Macclesfield	NC	North Carolina	
city	McDonald	NC	North Carolina	
city	McFarlan	NC	North Carolina	
city	Macon	NC	North Carolina	
city	Madison	NC	North Carolina	
city	Maggie Valley	NC	North Carolina	
city	Magnolia	NC	North Carolina	
city	Maiden	NC	North Carolina	
city	Manteo	NC	North Carolina	
city	Marietta	NC	North Carolina	
city	Marion	NC	North Carolina	
city	Marshall	NC	North Carolina	
city	Mars Hill	NC	North Carolina	
city	Marshville	NC	North Carolina	
city	Marvin	NC	North Carolina	
city	Matthews	NC	North Carolina	
city	Maxton	NC	North Carolina	
city	Mayodan	NC	North Carolina	
city	Maysville	NC	North Carolina	
city	Mebane	NC	North Carolina	
city	Mesic	NC	North Carolina	
city	Micro	NC	North Carolina	
city	Middleburg	NC	North Carolina	
city	Middlesex	NC	North Carolina	
city	Midland	NC	North Carolina	
city	Midway	NC	North Carolina	
city	Mills River	NC	North Carolina	
city	Milton	NC	North Carolina	
city	Mineral Springs	NC	North Carolina	
city	Minnesott Beach	NC	North Carolina	
city	Mint Hill	NC	North Carolina	
city	Misenheimer	NC	North Carolina	
city	Mocksville	NC	North Carolina	
city	Momeyer	NC	North Carolina	
city	Monroe	NC	North Carolina	
city	Montreat	NC	North Carolina	
city	Mooresboro	NC	North Carolina	
city	Mooresville	NC	North Carolina	
city	Morehead City	NC	North Carolina	
city	Morganton	NC	North Carolina	
city	Morrisville	NC	North Carolina	
city	Morven	NC	North Carolina	
city	Mount Airy	NC	North Carolina	
city	Mount Gilead	NC	North Carolina	
city	Mount Holly	NC	North Carolina	
city	Mount Olive	NC	North Carolina	
city	Mount Pleasant	NC	North Carolina	
city	Murfreesboro	NC	North Carolina	
city	Murphy	NC	North Carolina	
city	Nags Head	NC	North Carolina	
city	Nashville	NC	North Carolina	
city	Navassa	NC	North Carolina	
city	New Bern	NC	North Carolina	
city	Newland	NC	North Carolina	
city	New London	NC	North Carolina	
city	Newport	NC	North Carolina	
city	Newton	NC	North Carolina	
city	Newton Grove	NC	North Carolina	
city	Norlina	NC	North Carolina	
city	Norman	NC	North Carolina	
city	North Topsail Beach	NC	North Carolina	
city	Northwest	NC	North Carolina	
city	North Wilkesboro	NC	North Carolina	
city	Norwood	NC	North Carolina	
city	Oakboro	NC	North Carolina	
city	Oak City	NC	North Carolina	
city	Oak Island	NC	North Carolina	
city	Oak Ridge	NC	North Carolina	
city	Ocean Isle Beach	NC	North Carolina	
city	Old Fort	NC	North Carolina	
city	Oriental	NC	North Carolina	
city	Orrum	NC	North Carolina	
city	Ossipee	NC	North Carolina	
city	Oxford	NC	North Carolina	
city	Pantego	NC	North Carolina	
city	Parkton	NC	North Carolina	
city	Parmele	NC	North Carolina	
city	Patterson Springs	NC	North Carolina	
city	Peachland	NC	North Carolina	
city	Peletier	NC	North Carolina	
city	Pembroke	NC	North Carolina	
city	Pikeville	NC	North Carolina	
city	Pilot Mountain	NC	North Carolina	
city	Pinebluff	NC	North Carolina	
city	Pinehurst	NC	North Carolina	
city	Pine Knoll Shores	NC	North Carolina	
city	Pine Level	NC	North Carolina	
city	Pinetops	NC	North Carolina	
city	Pineville	NC	North Carolina	
city	Pink Hill	NC	North Carolina	
city	Pittsboro	NC	North Carolina	
city	Pleasant Garden	NC	North Carolina	
city	Plymouth	NC	North Carolina	
city	Polkton	NC	North Carolina	
city	Polkville	NC	North Carolina	
city	Pollocksville	NC	North Carolina	
city	Powellsville	NC	North Carolina	
city	Princeton	NC	North Carolina	
city	Princeville	NC	North Carolina	
city	Proctorville	NC	North Carolina	
city	Raeford	NC	North Carolina	
city	Raleigh	NC	North Carolina	
city	Ramseur	NC	North Carolina	
city	Randleman	NC	North Carolina	
city	Ranlo	NC	North Carolina	
city	Raynham	NC	North Carolina	
city	Red Cross	NC	North Carolina	
city	Red Oak	NC	North Carolina	
city	Red Springs	NC	North Carolina	
city	Reidsville	NC	North Carolina	
city	Rennert	NC	North Carolina	
city	Rhodhiss	NC	North Carolina	
city	Richfield	NC	North Carolina	
city	Richlands	NC	North Carolina	
city	Rich Square	NC	North Carolina	
city	River Bend	NC	North Carolina	
city	Roanoke Rapids	NC	North Carolina	
city	Robbins	NC	North Carolina	
city	Robbinsville	NC	North Carolina	
city	Robersonville	NC	North Carolina	
city	Rockingham	NC	North Carolina	
city	Rockwell	NC	North Carolina	
city	Rocky Mount	NC	North Carolina	
city	Rolesville	NC	North Carolina	
city	Ronda	NC	North Carolina	
city	Roper	NC	North Carolina	
city	Roseboro	NC	North Carolina	
city	Rose Hill	NC	North Carolina	
city	Rosman	NC	North Carolina	
city	Rowland	NC	North Carolina	
city	Roxboro	NC	North Carolina	
city	Roxobel	NC	North Carolina	
city	Rural Hall	NC	North Carolina	
city	Ruth	NC	North Carolina	
city	Rutherford College	NC	North Carolina	
city	Rutherfordton	NC	North Carolina	
city	St. Helena	NC	North Carolina	
city	St. James	NC	North Carolina	
city	St. Pauls	NC	North Carolina	
city	Salemburg	NC	North Carolina	
city	Salisbury	NC	North Carolina	
city	Saluda	NC	North Carolina	
city	Sandy Creek	NC	North Carolina	
city	Sandyfield	NC	North Carolina	
city	Sanford	NC	North Carolina	
city	Saratoga	NC	North Carolina	
city	Sawmills	NC	North Carolina	
city	Scotland Neck	NC	North Carolina	
city	Seaboard	NC	North Carolina	
city	Seagrove	NC	North Carolina	
city	Sedalia	NC	North Carolina	
city	Selma	NC	North Carolina	
city	Seven Devils	NC	North Carolina	
city	Seven Springs	NC	North Carolina	
city	Severn	NC	North Carolina	
city	Shallotte	NC	North Carolina	
city	Sharpsburg	NC	North Carolina	
city	Shelby	NC	North Carolina	
city	Siler City	NC	North Carolina	
city	Simpson	NC	North Carolina	
city	Sims	NC	North Carolina	
city	Smithfield	NC	North Carolina	
city	Snow Hill	NC	North Carolina	
city	Southern Pines	NC	North Carolina	
city	Southern Shores	NC	North Carolina	
city	Southport	NC	North Carolina	
city	Sparta	NC	North Carolina	
city	Speed	NC	North Carolina	
city	Spencer	NC	North Carolina	
city	Spindale	NC	North Carolina	
city	Spring Hope	NC	North Carolina	
city	Spring Lake	NC	North Carolina	
city	Spruce Pine	NC	North Carolina	
city	Staley	NC	North Carolina	
city	Stallings	NC	North Carolina	
city	Stanfield	NC	North Carolina	
city	Stanley	NC	North Carolina	
city	Stantonsburg	NC	North Carolina	
city	Star	NC	North Carolina	
city	Statesville	NC	North Carolina	
city	Stedman	NC	North Carolina	
city	Stem	NC	North Carolina	
city	Stokesdale	NC	North Carolina	
city	Stoneville	NC	North Carolina	
city	Stonewall	NC	North Carolina	
city	Stovall	NC	North Carolina	
city	Sugar Mountain	NC	North Carolina	
city	Summerfield	NC	North Carolina	
city	Sunset Beach	NC	North Carolina	
city	Surf City	NC	North Carolina	
city	Swansboro	NC	North Carolina	
city	Swepsonville	NC	North Carolina	
city	Sylva	NC	North Carolina	
city	Tabor City	NC	North Carolina	
city	Tarboro	NC	North Carolina	
city	Tar Heel	NC	North Carolina	
city	Taylorsville	NC	North Carolina	
city	Taylortown	NC	North Carolina	
city	Teachey	NC	North Carolina	
city	Thomasville	NC	North Carolina	
city	Tobaccoville	NC	North Carolina	
city	Topsail Beach	NC	North Carolina	
city	Trenton	NC	North Carolina	
city	Trent Woods	NC	North Carolina	
city	Trinity	NC	North Carolina	
city	Troutman	NC	North Carolina	
city	Troy	NC	North Carolina	
city	Tryon	NC	North Carolina	
city	Turkey	NC	North Carolina	
city	Unionville	NC	North Carolina	
city	Valdese	NC	North Carolina	
city	Vanceboro	NC	North Carolina	
city	Vandemere	NC	North Carolina	
city	Varnamtown	NC	North Carolina	
city	Vass	NC	North Carolina	
city	Waco	NC	North Carolina	
city	Wade	NC	North Carolina	
city	Wadesboro	NC	North Carolina	
city	Wagram	NC	North Carolina	
city	Wake Forest	NC	North Carolina	
city	Walkertown	NC	North Carolina	
city	Wallace	NC	North Carolina	
city	Wallburg	NC	North Carolina	
city	Walnut Cove	NC	North Carolina	
city	Walnut Creek	NC	North Carolina	
city	Walstonburg	NC	North Carolina	
city	Warrenton	NC	North Carolina	
city	Warsaw	NC	North Carolina	
city	Washington	NC	North Carolina	
city	Washington Park	NC	North Carolina	
city	Watha	NC	North Carolina	
city	Waxhaw	NC	North Carolina	
city	Waynesville	NC	North Carolina	
city	Weaverville	NC	North Carolina	
city	Webster	NC	North Carolina	
city	Weddington	NC	North Carolina	
city	Weldon	NC	North Carolina	
city	Wendell	NC	North Carolina	
city	Wentworth	NC	North Carolina	
city	Wesley Chapel	NC	North Carolina	
city	West Jefferson	NC	North Carolina	
city	Whispering Pines	NC	North Carolina	
city	Whitakers	NC	North Carolina	
city	White Lake	NC	North Carolina	
city	Whiteville	NC	North Carolina	
city	Whitsett	NC	North Carolina	
city	Wilkesboro	NC	North Carolina	
city	Williamston	NC	North Carolina	
city	Wilmington	NC	North Carolina	
city	Wilson	NC	North Carolina	
city	Wilson's Mills	NC	North Carolina	
city	Windsor	NC	North Carolina	
city	Winfall	NC	North Carolina	
city	Wingate	NC	North Carolina	
city	Winston-Salem	NC	North Carolina	
city	Winterville	NC	North Carolina	
city	Winton	NC	North Carolina	
city	Woodfin	NC	North Carolina	
city	Woodland	NC	North Carolina	
city	Wrightsville Beach	NC	North Carolina	
city	Yadkinville	NC	North Carolina	
city	Yanceyville	NC	North Carolina	
city	Youngsville	NC	North Carolina	
city	Zebulon	NC	North Carolina	
city	Abercrombie	ND	North Dakota	
city	Adams	ND	North Dakota	
city	Alamo	ND	North Dakota	
city	Alexander	ND	North Dakota	
city	Alice	ND	North Dakota	
city	Almont	ND	North Dakota	
city	Alsen	ND	North Dakota	
city	Ambrose	ND	North Dakota	
city	Amenia	ND	North Dakota	
city	Amidon	ND	North Dakota	
city	Anamoose	ND	North Dakota	
city	Aneta	ND	North Dakota	
city	Antler	ND	North Dakota	
city	Ardoch	ND	North Dakota	
city	Argusville	ND	North Dakota	
city	Arnegard	ND	North Dakota	
city	Arthur	ND	North Dakota	
city	Ashley	ND	North Dakota	
city	Ayr	ND	North Dakota	
city	Balfour	ND	North Dakota	
city	Balta	ND	North Dakota	
city	Barney	ND	North Dakota	
city	Bathgate	ND	North Dakota	
city	Beach	ND	North Dakota	
city	Belfield	ND	North Dakota	
city	Benedict	ND	North Dakota	
city	Bergen	ND	North Dakota	
city	Berlin	ND	North Dakota	
city	Berthold	ND	North Dakota	
city	Beulah	ND	North Dakota	
city	Binford	ND	North Dakota	
city	Bisbee	ND	North Dakota	
city	Bismarck	ND	North Dakota	
city	Bottineau	ND	North Dakota	
city	Bowbells	ND	North Dakota	
city	Bowdon	ND	North Dakota	
city	Bowman	ND	North Dakota	
city	Braddock	ND	North Dakota	
city	Briarwood	ND	North Dakota	
city	Brinsmade	ND	North Dakota	
city	Brocket	ND	North Dakota	
city	Buchanan	ND	North Dakota	
city	Bucyrus	ND	North Dakota	
city	Buffalo	ND	North Dakota	
city	Burlington	ND	North Dakota	
city	Butte	ND	North Dakota	
city	Buxton	ND	North Dakota	
city	Calio	ND	North Dakota	
city	Calvin	ND	North Dakota	
city	Cando	ND	North Dakota	
city	Canton City (Hensel)	ND	North Dakota	
city	Carpio	ND	North Dakota	
city	Carrington	ND	North Dakota	
city	Carson	ND	North Dakota	
city	Casselton	ND	North Dakota	
city	Cathay	ND	North Dakota	
city	Cavalier	ND	North Dakota	
city	Cayuga	ND	North Dakota	
city	Center	ND	North Dakota	
city	Christine	ND	North Dakota	
city	Cleveland	ND	North Dakota	
city	Clifford	ND	North Dakota	
city	Cogswell	ND	North Dakota	
city	Coleharbor	ND	North Dakota	
city	Colfax	ND	North Dakota	
city	Columbus	ND	North Dakota	
city	Conway	ND	North Dakota	
city	Cooperstown	ND	North Dakota	
city	Courtenay	ND	North Dakota	
city	Crary	ND	North Dakota	
city	Crosby	ND	North Dakota	
city	Crystal	ND	North Dakota	
city	Davenport	ND	North Dakota	
city	Dawson	ND	North Dakota	
city	Dazey	ND	North Dakota	
city	Deering	ND	North Dakota	
city	Des Lacs	ND	North Dakota	
city	Devils Lake	ND	North Dakota	
city	Dickey	ND	North Dakota	
city	Dickinson	ND	North Dakota	
city	Dodge	ND	North Dakota	
city	Donnybrook	ND	North Dakota	
city	Douglas	ND	North Dakota	
city	Drake	ND	North Dakota	
city	Drayton	ND	North Dakota	
city	Dunn Center	ND	North Dakota	
city	Dunseith	ND	North Dakota	
city	Dwight	ND	North Dakota	
city	Edgeley	ND	North Dakota	
city	Edinburg	ND	North Dakota	
city	Edmore	ND	North Dakota	
city	Egeland	ND	North Dakota	
city	Elgin	ND	North Dakota	
city	Ellendale	ND	North Dakota	
city	Elliott	ND	North Dakota	
city	Emerado	ND	North Dakota	
city	Enderlin	ND	North Dakota	
city	Epping	ND	North Dakota	
city	Esmond	ND	North Dakota	
city	Fairdale	ND	North Dakota	
city	Fairmount	ND	North Dakota	
city	Fargo	ND	North Dakota	
city	Fessenden	ND	North Dakota	
city	Fingal	ND	North Dakota	
city	Finley	ND	North Dakota	
city	Flasher	ND	North Dakota	
city	Flaxton	ND	North Dakota	
city	Forbes	ND	North Dakota	
city	Fordville	ND	North Dakota	
city	Forest River	ND	North Dakota	
city	Forman	ND	North Dakota	
city	Fort Ransom	ND	North Dakota	
city	Fortuna	ND	North Dakota	
city	Fort Yates	ND	North Dakota	
city	Fredonia	ND	North Dakota	
city	Frontier	ND	North Dakota	
city	Fullerton	ND	North Dakota	
city	Gackle	ND	North Dakota	
city	Galesburg	ND	North Dakota	
city	Gardena	ND	North Dakota	
city	Gardner	ND	North Dakota	
city	Garrison	ND	North Dakota	
city	Gascoyne	ND	North Dakota	
city	Gilby	ND	North Dakota	
city	Gladstone	ND	North Dakota	
city	Glenburn	ND	North Dakota	
city	Glenfield	ND	North Dakota	
city	Glen Ullin	ND	North Dakota	
city	Golden Valley	ND	North Dakota	
city	Golva	ND	North Dakota	
city	Goodrich	ND	North Dakota	
city	Grace City	ND	North Dakota	
city	Grafton	ND	North Dakota	
city	Grand Forks	ND	North Dakota	
city	Grandin	ND	North Dakota	
city	Grano	ND	North Dakota	
city	Granville	ND	North Dakota	
city	Great Bend	ND	North Dakota	
city	Grenora	ND	North Dakota	
city	Gwinner	ND	North Dakota	
city	Hague	ND	North Dakota	
city	Halliday	ND	North Dakota	
city	Hamberg	ND	North Dakota	
city	Hamilton	ND	North Dakota	
city	Hampden	ND	North Dakota	
city	Hankinson	ND	North Dakota	
city	Hannaford	ND	North Dakota	
city	Hannah	ND	North Dakota	
city	Hansboro	ND	North Dakota	
city	Harvey	ND	North Dakota	
city	Harwood	ND	North Dakota	
city	Hatton	ND	North Dakota	
city	Havana	ND	North Dakota	
city	Haynes	ND	North Dakota	
city	Hazelton	ND	North Dakota	
city	Hazen	ND	North Dakota	
city	Hebron	ND	North Dakota	
city	Hettinger	ND	North Dakota	
city	Hillsboro	ND	North Dakota	
city	Hoople	ND	North Dakota	
city	Hope	ND	North Dakota	
city	Horace	ND	North Dakota	
city	Hunter	ND	North Dakota	
city	Hurdsfield	ND	North Dakota	
city	Inkster	ND	North Dakota	
city	Jamestown	ND	North Dakota	
city	Jud	ND	North Dakota	
city	Karlsruhe	ND	North Dakota	
city	Kathryn	ND	North Dakota	
city	Kenmare	ND	North Dakota	
city	Kensal	ND	North Dakota	
city	Kief	ND	North Dakota	
city	Killdeer	ND	North Dakota	
city	Kindred	ND	North Dakota	
city	Knox	ND	North Dakota	
city	Kramer	ND	North Dakota	
city	Kulm	ND	North Dakota	
city	Lakota	ND	North Dakota	
city	LaMoure	ND	North Dakota	
city	Landa	ND	North Dakota	
city	Langdon	ND	North Dakota	
city	Lankin	ND	North Dakota	
city	Lansford	ND	North Dakota	
city	Larimore	ND	North Dakota	
city	Lawton	ND	North Dakota	
city	Leal	ND	North Dakota	
city	Leeds	ND	North Dakota	
city	Lehr	ND	North Dakota	
city	Leith	ND	North Dakota	
city	Leonard	ND	North Dakota	
city	Lidgerwood	ND	North Dakota	
city	Lignite	ND	North Dakota	
city	Lincoln	ND	North Dakota	
city	Linton	ND	North Dakota	
city	Lisbon	ND	North Dakota	
city	Litchville	ND	North Dakota	
city	Loma	ND	North Dakota	
city	Loraine	ND	North Dakota	
city	Ludden	ND	North Dakota	
city	Luverne	ND	North Dakota	
city	McClusky	ND	North Dakota	
city	McHenry	ND	North Dakota	
city	McVille	ND	North Dakota	
city	Maddock	ND	North Dakota	
city	Makoti	ND	North Dakota	
city	Mandan	ND	North Dakota	
city	Mantador	ND	North Dakota	
city	Manvel	ND	North Dakota	
city	Mapleton	ND	North Dakota	
city	Marion	ND	North Dakota	
city	Marmarth	ND	North Dakota	
city	Martin	ND	North Dakota	
city	Max	ND	North Dakota	
city	Maxbass	ND	North Dakota	
city	Mayville	ND	North Dakota	
city	Medina	ND	North Dakota	
city	Medora	ND	North Dakota	
city	Mercer	ND	North Dakota	
city	Michigan City	ND	North Dakota	
city	Milnor	ND	North Dakota	
city	Milton	ND	North Dakota	
city	Minnewaukan	ND	North Dakota	
city	Minot	ND	North Dakota	
city	Minto	ND	North Dakota	
city	Mohall	ND	North Dakota	
city	Monango	ND	North Dakota	
city	Montpelier	ND	North Dakota	
city	Mooreton	ND	North Dakota	
city	Mott	ND	North Dakota	
city	Mountain	ND	North Dakota	
city	Munich	ND	North Dakota	
city	Mylo	ND	North Dakota	
city	Napoleon	ND	North Dakota	
city	Neche	ND	North Dakota	
city	Nekoma	ND	North Dakota	
city	Newburg	ND	North Dakota	
city	New England	ND	North Dakota	
city	New Leipzig	ND	North Dakota	
city	New Rockford	ND	North Dakota	
city	New Salem	ND	North Dakota	
city	New Town	ND	North Dakota	
city	Niagara	ND	North Dakota	
city	Nome	ND	North Dakota	
city	Noonan	ND	North Dakota	
city	North River	ND	North Dakota	
city	Northwood	ND	North Dakota	
city	Oakes	ND	North Dakota	
city	Oberon	ND	North Dakota	
city	Oriska	ND	North Dakota	
city	Osnabrock	ND	North Dakota	
city	Overly	ND	North Dakota	
city	Oxbow	ND	North Dakota	
city	Page	ND	North Dakota	
city	Palermo	ND	North Dakota	
city	Park River	ND	North Dakota	
city	Parshall	ND	North Dakota	
city	Pekin	ND	North Dakota	
city	Pembina	ND	North Dakota	
city	Perth	ND	North Dakota	
city	Petersburg	ND	North Dakota	
city	Pettibone	ND	North Dakota	
city	Pick City	ND	North Dakota	
city	Pillsbury	ND	North Dakota	
city	Pingree	ND	North Dakota	
city	Pisek	ND	North Dakota	
city	Plaza	ND	North Dakota	
city	Portal	ND	North Dakota	
city	Portland	ND	North Dakota	
city	Powers Lake	ND	North Dakota	
city	Prairie Rose	ND	North Dakota	
city	Ray	ND	North Dakota	
city	Reeder	ND	North Dakota	
city	Regan	ND	North Dakota	
city	Regent	ND	North Dakota	
city	Reile's Acres	ND	North Dakota	
city	Reynolds	ND	North Dakota	
city	Rhame	ND	North Dakota	
city	Richardton	ND	North Dakota	
city	Riverdale	ND	North Dakota	
city	Robinson	ND	North Dakota	
city	Rocklake	ND	North Dakota	
city	Rogers	ND	North Dakota	
city	Rolette	ND	North Dakota	
city	Rolla	ND	North Dakota	
city	Ross	ND	North Dakota	
city	Rugby	ND	North Dakota	
city	Ruso	ND	North Dakota	
city	Rutland	ND	North Dakota	
city	Ryder	ND	North Dakota	
city	St. John	ND	North Dakota	
city	St. Thomas	ND	North Dakota	
city	Sanborn	ND	North Dakota	
city	Sarles	ND	North Dakota	
city	Sawyer	ND	North Dakota	
city	Scranton	ND	North Dakota	
city	Selfridge	ND	North Dakota	
city	Sentinel Butte	ND	North Dakota	
city	Sharon	ND	North Dakota	
city	Sheldon	ND	North Dakota	
city	Sherwood	ND	North Dakota	
city	Sheyenne	ND	North Dakota	
city	Sibley	ND	North Dakota	
city	Solen	ND	North Dakota	
city	Souris	ND	North Dakota	
city	South Heart	ND	North Dakota	
city	Spiritwood Lake	ND	North Dakota	
city	Springbrook	ND	North Dakota	
city	Stanley	ND	North Dakota	
city	Stanton	ND	North Dakota	
city	Starkweather	ND	North Dakota	
city	Steele	ND	North Dakota	
city	Strasburg	ND	North Dakota	
city	Streeter	ND	North Dakota	
city	Surrey	ND	North Dakota	
city	Sykeston	ND	North Dakota	
city	Tappen	ND	North Dakota	
city	Taylor	ND	North Dakota	
city	Thompson	ND	North Dakota	
city	Tioga	ND	North Dakota	
city	Tolley	ND	North Dakota	
city	Tolna	ND	North Dakota	
city	Tower City	ND	North Dakota	
city	Towner	ND	North Dakota	
city	Turtle Lake	ND	North Dakota	
city	Tuttle	ND	North Dakota	
city	Underwood	ND	North Dakota	
city	Upham	ND	North Dakota	
city	Valley City	ND	North Dakota	
city	Velva	ND	North Dakota	
city	Venturia	ND	North Dakota	
city	Verona	ND	North Dakota	
city	Voltaire	ND	North Dakota	
city	Wahpeton	ND	North Dakota	
city	Walcott	ND	North Dakota	
city	Wales	ND	North Dakota	
city	Walhalla	ND	North Dakota	
city	Warwick	ND	North Dakota	
city	Washburn	ND	North Dakota	
city	Watford City	ND	North Dakota	
city	West Fargo	ND	North Dakota	
city	Westhope	ND	North Dakota	
city	White Earth	ND	North Dakota	
city	Wildrose	ND	North Dakota	
city	Williston	ND	North Dakota	
city	Willow City	ND	North Dakota	
city	Wilton	ND	North Dakota	
city	Wimbledon	ND	North Dakota	
city	Wing	ND	North Dakota	
city	Wishek	ND	North Dakota	
city	Wolford	ND	North Dakota	
city	Woodworth	ND	North Dakota	
city	Wyndmere	ND	North Dakota	
city	York	ND	North Dakota	
city	Zap	ND	North Dakota	
city	Zeeland	ND	North Dakota	
city	Aberdeen	OH	Ohio	
city	Ada	OH	Ohio	
city	Adamsville	OH	Ohio	
city	Addyston	OH	Ohio	
city	Adelphi	OH	Ohio	
city	Adena	OH	Ohio	
city	Akron	OH	Ohio	
city	Albany	OH	Ohio	
city	Alexandria	OH	Ohio	
city	Alger	OH	Ohio	
city	Alliance	OH	Ohio	
city	Amanda	OH	Ohio	
city	Amberley	OH	Ohio	
city	Amesville	OH	Ohio	
city	Amherst	OH	Ohio	
city	Amsterdam	OH	Ohio	
city	Andover	OH	Ohio	
city	Anna	OH	Ohio	
city	Ansonia	OH	Ohio	
city	Antioch	OH	Ohio	
city	Antwerp	OH	Ohio	
city	Apple Creek	OH	Ohio	
city	Aquilla	OH	Ohio	
city	Arcadia	OH	Ohio	
city	Arcanum	OH	Ohio	
city	Archbold	OH	Ohio	
city	Arlington	OH	Ohio	
city	Arlington Heights	OH	Ohio	
city	Ashland	OH	Ohio	
city	Ashley	OH	Ohio	
city	Ashtabula	OH	Ohio	
city	Ashville	OH	Ohio	
city	Athalia	OH	Ohio	
city	Athens	OH	Ohio	
city	Attica	OH	Ohio	
city	Aurora	OH	Ohio	
city	Avon	OH	Ohio	
city	Avon Lake	OH	Ohio	
city	Bailey Lakes	OH	Ohio	
city	Bainbridge	OH	Ohio	
city	Bairdstown	OH	Ohio	
city	Baltic	OH	Ohio	
city	Baltimore	OH	Ohio	
city	Barberton	OH	Ohio	
city	Barnesville	OH	Ohio	
city	Barnhill	OH	Ohio	
city	Batavia	OH	Ohio	
city	Batesville	OH	Ohio	
city	Bay View	OH	Ohio	
city	Bay Village	OH	Ohio	
city	Beach City	OH	Ohio	
city	Beachwood	OH	Ohio	
city	Beallsville	OH	Ohio	
city	Beaver	OH	Ohio	
city	Beavercreek	OH	Ohio	
city	Beaverdam	OH	Ohio	
city	Bedford	OH	Ohio	
city	Bedford Heights	OH	Ohio	
city	Bellaire	OH	Ohio	
city	Bellbrook	OH	Ohio	
city	Belle Center	OH	Ohio	
city	Bellefontaine	OH	Ohio	
city	Belle Valley	OH	Ohio	
city	Bellevue	OH	Ohio	
city	Bellville	OH	Ohio	
city	Belmont	OH	Ohio	
city	Belmore	OH	Ohio	
city	Beloit	OH	Ohio	
city	Belpre	OH	Ohio	
city	Bentleyville	OH	Ohio	
city	Benton Ridge	OH	Ohio	
city	Berea	OH	Ohio	
city	Bergholz	OH	Ohio	
city	Berkey	OH	Ohio	
city	Berlin Heights	OH	Ohio	
city	Bethel	OH	Ohio	
city	Bethesda	OH	Ohio	
city	Bettsville	OH	Ohio	
city	Beverly	OH	Ohio	
city	Bexley	OH	Ohio	
city	Blakeslee	OH	Ohio	
city	Blanchester	OH	Ohio	
city	Bloomdale	OH	Ohio	
city	Bloomingburg	OH	Ohio	
city	Bloomingdale	OH	Ohio	
city	Bloomville	OH	Ohio	
city	Blue Ash	OH	Ohio	
city	Bluffton	OH	Ohio	
city	Bolivar	OH	Ohio	
city	Boston Heights	OH	Ohio	
city	Botkins	OH	Ohio	
city	Bowerston	OH	Ohio	
city	Bowersville	OH	Ohio	
city	Bowling Green	OH	Ohio	
city	Bradford	OH	Ohio	
city	Bradner	OH	Ohio	
city	Bratenahl	OH	Ohio	
city	Brecksville	OH	Ohio	
city	Bremen	OH	Ohio	
city	Brewster	OH	Ohio	
city	Brice	OH	Ohio	
city	Bridgeport	OH	Ohio	
city	Broadview Heights	OH	Ohio	
city	Brooklyn	OH	Ohio	
city	Brooklyn Heights	OH	Ohio	
city	Brook Park	OH	Ohio	
city	Brookside	OH	Ohio	
city	Brookville	OH	Ohio	
city	Broughton	OH	Ohio	
city	Brunswick	OH	Ohio	
city	Bryan	OH	Ohio	
city	Buchtel	OH	Ohio	
city	Buckeye Lake	OH	Ohio	
city	Buckland	OH	Ohio	
city	Bucyrus	OH	Ohio	
city	Burbank	OH	Ohio	
city	Burgoon	OH	Ohio	
city	Burkettsville	OH	Ohio	
city	Burton	OH	Ohio	
city	Butler	OH	Ohio	
city	Butlerville	OH	Ohio	
city	Byesville	OH	Ohio	
city	Cadiz	OH	Ohio	
city	Cairo	OH	Ohio	
city	Caldwell	OH	Ohio	
city	Caledonia	OH	Ohio	
city	Cambridge	OH	Ohio	
city	Camden	OH	Ohio	
city	Campbell	OH	Ohio	
city	Canal Fulton	OH	Ohio	
city	Canal Winchester	OH	Ohio	
city	Canfield	OH	Ohio	
city	Canton	OH	Ohio	
city	Cardington	OH	Ohio	
city	Carey	OH	Ohio	
city	Carlisle	OH	Ohio	
city	Carroll	OH	Ohio	
city	Carrollton	OH	Ohio	
city	Casstown	OH	Ohio	
city	Castalia	OH	Ohio	
city	Castine	OH	Ohio	
city	Catawba	OH	Ohio	
city	Cecil	OH	Ohio	
city	Cedarville	OH	Ohio	
city	Celina	OH	Ohio	
city	Centerburg	OH	Ohio	
city	Centerville (Thurman)	OH	Ohio	
city	Centerville	OH	Ohio	
city	Chagrin Falls	OH	Ohio	
city	Chardon	OH	Ohio	
city	Chatfield	OH	Ohio	
city	Chauncey	OH	Ohio	
city	Chesapeake	OH	Ohio	
city	Cheshire	OH	Ohio	
city	Chesterhill	OH	Ohio	
city	Chesterville	OH	Ohio	
city	Cheviot	OH	Ohio	
city	Chickasaw	OH	Ohio	
city	Chillicothe	OH	Ohio	
city	Chilo	OH	Ohio	
city	Chippewa Lake	OH	Ohio	
city	Christiansburg	OH	Ohio	
city	Cincinnati	OH	Ohio	
city	Circleville	OH	Ohio	
city	Clarington	OH	Ohio	
city	Clarksburg	OH	Ohio	
city	Clarksville	OH	Ohio	
city	Clay Center	OH	Ohio	
city	Clayton	OH	Ohio	
city	Cleveland	OH	Ohio	
city	Cleveland Heights	OH	Ohio	
city	Cleves	OH	Ohio	
city	Clifton	OH	Ohio	
city	Clinton	OH	Ohio	
city	Cloverdale	OH	Ohio	
city	Clyde	OH	Ohio	
city	Coal Grove	OH	Ohio	
city	Coalton	OH	Ohio	
city	Coldwater	OH	Ohio	
city	College Corner	OH	Ohio	
city	Columbiana	OH	Ohio	
city	Columbus	OH	Ohio	
city	Columbus Grove	OH	Ohio	
city	Commercial Point	OH	Ohio	
city	Conesville	OH	Ohio	
city	Congress	OH	Ohio	
city	Conneaut	OH	Ohio	
city	Continental	OH	Ohio	
city	Convoy	OH	Ohio	
city	Coolville	OH	Ohio	
city	Corning	OH	Ohio	
city	Cortland	OH	Ohio	
city	Corwin	OH	Ohio	
city	Coshocton	OH	Ohio	
city	Covington	OH	Ohio	
city	Craig Beach	OH	Ohio	
city	Crestline	OH	Ohio	
city	Creston	OH	Ohio	
city	Cridersville	OH	Ohio	
city	Crooksville	OH	Ohio	
city	Crown City	OH	Ohio	
city	Cumberland	OH	Ohio	
city	Custar	OH	Ohio	
city	Cuyahoga Falls	OH	Ohio	
city	Cuyahoga Heights	OH	Ohio	
city	Cygnet	OH	Ohio	
city	Dalton	OH	Ohio	
city	Danville	OH	Ohio	
city	Darbyville	OH	Ohio	
city	Dayton	OH	Ohio	
city	Deer Park	OH	Ohio	
city	Deersville	OH	Ohio	
city	Defiance	OH	Ohio	
city	De Graff	OH	Ohio	
city	Delaware	OH	Ohio	
city	Dellroy	OH	Ohio	
city	Delphos	OH	Ohio	
city	Delta	OH	Ohio	
city	Dennison	OH	Ohio	
city	Deshler	OH	Ohio	
city	Dexter City	OH	Ohio	
city	Dillonvale	OH	Ohio	
city	Donnelsville	OH	Ohio	
city	Dover	OH	Ohio	
city	Doylestown	OH	Ohio	
city	Dresden	OH	Ohio	
city	Dublin	OH	Ohio	
city	Dunkirk	OH	Ohio	
city	Dupont	OH	Ohio	
city	East Canton	OH	Ohio	
city	East Cleveland	OH	Ohio	
city	Eastlake	OH	Ohio	
city	East Liverpool	OH	Ohio	
city	East Palestine	OH	Ohio	
city	East Sparta	OH	Ohio	
city	Eaton	OH	Ohio	
city	Edgerton	OH	Ohio	
city	Edison	OH	Ohio	
city	Edon	OH	Ohio	
city	Eldorado	OH	Ohio	
city	Elgin	OH	Ohio	
city	Elida	OH	Ohio	
city	Elmore	OH	Ohio	
city	Elmwood Place	OH	Ohio	
city	Elyria	OH	Ohio	
city	Empire	OH	Ohio	
city	Englewood	OH	Ohio	
city	Enon	OH	Ohio	
city	Euclid	OH	Ohio	
city	Evendale	OH	Ohio	
city	Fairborn	OH	Ohio	
city	Fairfax	OH	Ohio	
city	Fairfield	OH	Ohio	
city	Fairlawn	OH	Ohio	
city	Fairport Harbor	OH	Ohio	
city	Fairview	OH	Ohio	
city	Fairview Park	OH	Ohio	
city	Farmersville	OH	Ohio	
city	Fayette	OH	Ohio	
city	Fayetteville	OH	Ohio	
city	Felicity	OH	Ohio	
city	Findlay	OH	Ohio	
city	Fletcher	OH	Ohio	
city	Florida	OH	Ohio	
city	Flushing	OH	Ohio	
city	Forest	OH	Ohio	
city	Forest Park	OH	Ohio	
city	Fort Jennings	OH	Ohio	
city	Fort Loramie	OH	Ohio	
city	Fort Recovery	OH	Ohio	
city	Fostoria	OH	Ohio	
city	Frankfort	OH	Ohio	
city	Franklin	OH	Ohio	
city	Frazeysburg	OH	Ohio	
city	Fredericksburg	OH	Ohio	
city	Fredericktown	OH	Ohio	
city	Freeport	OH	Ohio	
city	Fremont	OH	Ohio	
city	Fulton	OH	Ohio	
city	Fultonham	OH	Ohio	
city	Gahanna	OH	Ohio	
city	Galena	OH	Ohio	
city	Galion	OH	Ohio	
city	Gallipolis	OH	Ohio	
city	Gambier	OH	Ohio	
city	Gann (Brinkhaven)	OH	Ohio	
city	Garfield Heights	OH	Ohio	
city	Garrettsville	OH	Ohio	
city	Gates Mills	OH	Ohio	
city	Geneva	OH	Ohio	
city	Geneva-on-the-Lake	OH	Ohio	
city	Genoa	OH	Ohio	
city	Georgetown	OH	Ohio	
city	Germantown	OH	Ohio	
city	Gettysburg	OH	Ohio	
city	Gibsonburg	OH	Ohio	
city	Gilboa	OH	Ohio	
city	Girard	OH	Ohio	
city	Glandorf	OH	Ohio	
city	Glendale	OH	Ohio	
city	Glenford	OH	Ohio	
city	Glenmont	OH	Ohio	
city	Glenwillow	OH	Ohio	
city	Gloria Glens Park	OH	Ohio	
city	Glouster	OH	Ohio	
city	Gnadenhutten	OH	Ohio	
city	Golf Manor	OH	Ohio	
city	Gordon	OH	Ohio	
city	Grafton	OH	Ohio	
city	Grand Rapids	OH	Ohio	
city	Grand River	OH	Ohio	
city	Grandview Heights	OH	Ohio	
city	Granville	OH	Ohio	
city	Gratiot	OH	Ohio	
city	Gratis	OH	Ohio	
city	Graysville	OH	Ohio	
city	Green	OH	Ohio	
city	Green Camp	OH	Ohio	
city	Greenfield	OH	Ohio	
city	Greenhills	OH	Ohio	
city	Green Springs	OH	Ohio	
city	Greenville	OH	Ohio	
city	Greenwich	OH	Ohio	
city	Grove City	OH	Ohio	
city	Groveport	OH	Ohio	
city	Grover Hill	OH	Ohio	
city	Hamden	OH	Ohio	
city	Hamersville	OH	Ohio	
city	Hamilton	OH	Ohio	
city	Hamler	OH	Ohio	
city	Hanging Rock	OH	Ohio	
city	Hanover	OH	Ohio	
city	Hanoverton	OH	Ohio	
city	Harbor View	OH	Ohio	
city	Harpster	OH	Ohio	
city	Harrisburg	OH	Ohio	
city	Harrison	OH	Ohio	
city	Harrisville	OH	Ohio	
city	Harrod	OH	Ohio	
city	Hartford (Croton)	OH	Ohio	
city	Hartville	OH	Ohio	
city	Harveysburg	OH	Ohio	
city	Haskins	OH	Ohio	
city	Haviland	OH	Ohio	
city	Hayesville	OH	Ohio	
city	Heath	OH	Ohio	
city	Hebron	OH	Ohio	
city	Helena	OH	Ohio	
city	Hemlock	OH	Ohio	
city	Hicksville	OH	Ohio	
city	Higginsport	OH	Ohio	
city	Highland	OH	Ohio	
city	Highland Heights	OH	Ohio	
city	Highland Hills	OH	Ohio	
city	Hilliard	OH	Ohio	
city	Hills and Dales	OH	Ohio	
city	Hillsboro	OH	Ohio	
city	Hiram	OH	Ohio	
city	Holgate	OH	Ohio	
city	Holiday City	OH	Ohio	
city	Holland	OH	Ohio	
city	Hollansburg	OH	Ohio	
city	Holloway	OH	Ohio	
city	Holmesville	OH	Ohio	
city	Hopedale	OH	Ohio	
city	Hoytville	OH	Ohio	
city	Hubbard	OH	Ohio	
city	Huber Heights	OH	Ohio	
city	Hudson	OH	Ohio	
city	Hunting Valley	OH	Ohio	
city	Huntsville	OH	Ohio	
city	Huron	OH	Ohio	
city	Independence	OH	Ohio	
city	Irondale	OH	Ohio	
city	Ironton	OH	Ohio	
city	Ithaca	OH	Ohio	
city	Jackson	OH	Ohio	
city	Jacksonburg	OH	Ohio	
city	Jackson Center	OH	Ohio	
city	Jacksonville	OH	Ohio	
city	Jamestown	OH	Ohio	
city	Jefferson	OH	Ohio	
city	Jeffersonville	OH	Ohio	
city	Jenera	OH	Ohio	
city	Jeromesville	OH	Ohio	
city	Jerry City	OH	Ohio	
city	Jerusalem	OH	Ohio	
city	Jewett	OH	Ohio	
city	Johnstown	OH	Ohio	
city	Junction City	OH	Ohio	
city	Kalida	OH	Ohio	
city	Kelleys Island	OH	Ohio	
city	Kent	OH	Ohio	
city	Kenton	OH	Ohio	
city	Kettering	OH	Ohio	
city	Kettlersville	OH	Ohio	
city	Killbuck	OH	Ohio	
city	Kingston	OH	Ohio	
city	Kipton	OH	Ohio	
city	Kirby	OH	Ohio	
city	Kirkersville	OH	Ohio	
city	Kirtland	OH	Ohio	
city	Kirtland Hills	OH	Ohio	
city	Lafayette	OH	Ohio	
city	LaGrange	OH	Ohio	
city	Lakeline	OH	Ohio	
city	Lakemore	OH	Ohio	
city	Lakeview	OH	Ohio	
city	Lakewood	OH	Ohio	
city	Lancaster	OH	Ohio	
city	La Rue	OH	Ohio	
city	Latty	OH	Ohio	
city	Laura	OH	Ohio	
city	Laurelville	OH	Ohio	
city	Lebanon	OH	Ohio	
city	Leesburg	OH	Ohio	
city	Leesville	OH	Ohio	
city	Leetonia	OH	Ohio	
city	Leipsic	OH	Ohio	
city	Lewisburg	OH	Ohio	
city	Lewisville	OH	Ohio	
city	Lexington	OH	Ohio	
city	Liberty Center	OH	Ohio	
city	Lima	OH	Ohio	
city	Lincoln Heights	OH	Ohio	
city	Lindsey	OH	Ohio	
city	Linndale	OH	Ohio	
city	Lisbon	OH	Ohio	
city	Lithopolis	OH	Ohio	
city	Lockbourne	OH	Ohio	
city	Lockington	OH	Ohio	
city	Lockland	OH	Ohio	
city	Lodi	OH	Ohio	
city	Logan	OH	Ohio	
city	London	OH	Ohio	
city	Lorain	OH	Ohio	
city	Lordstown	OH	Ohio	
city	Lore City	OH	Ohio	
city	Loudonville	OH	Ohio	
city	Louisville	OH	Ohio	
city	Loveland	OH	Ohio	
city	Lowell	OH	Ohio	
city	Lowellville	OH	Ohio	
city	Lower Salem	OH	Ohio	
city	Lucas	OH	Ohio	
city	Luckey	OH	Ohio	
city	Ludlow Falls	OH	Ohio	
city	Lynchburg	OH	Ohio	
city	Lyndhurst	OH	Ohio	
city	Lyons	OH	Ohio	
city	McArthur	OH	Ohio	
city	McClure	OH	Ohio	
city	McComb	OH	Ohio	
city	McConnelsville	OH	Ohio	
city	McDonald	OH	Ohio	
city	Macedonia	OH	Ohio	
city	McGuffey	OH	Ohio	
city	Macksburg	OH	Ohio	
city	Madeira	OH	Ohio	
city	Madison	OH	Ohio	
city	Magnetic Springs	OH	Ohio	
city	Magnolia	OH	Ohio	
city	Maineville	OH	Ohio	
city	Malinta	OH	Ohio	
city	Malta	OH	Ohio	
city	Malvern	OH	Ohio	
city	Manchester	OH	Ohio	
city	Mansfield	OH	Ohio	
city	Mantua	OH	Ohio	
city	Maple Heights	OH	Ohio	
city	Marble Cliff	OH	Ohio	
city	Marblehead	OH	Ohio	
city	Marengo	OH	Ohio	
city	Mariemont	OH	Ohio	
city	Marietta	OH	Ohio	
city	Marion	OH	Ohio	
city	Marseilles	OH	Ohio	
city	Marshallville	OH	Ohio	
city	Martinsburg	OH	Ohio	
city	Martins Ferry	OH	Ohio	
city	Martinsville	OH	Ohio	
city	Marysville	OH	Ohio	
city	Mason	OH	Ohio	
city	Massillon	OH	Ohio	
city	Matamoras (New Matamoras)	OH	Ohio	
city	Maumee	OH	Ohio	
city	Mayfield	OH	Ohio	
city	Mayfield Heights	OH	Ohio	
city	Mechanicsburg	OH	Ohio	
city	Medina	OH	Ohio	
city	Melrose	OH	Ohio	
city	Mendon	OH	Ohio	
city	Mentor	OH	Ohio	
city	Mentor-on-the-Lake	OH	Ohio	
city	Metamora	OH	Ohio	
city	Meyers Lake	OH	Ohio	
city	Miamisburg	OH	Ohio	
city	Middleburg Heights	OH	Ohio	
city	Middlefield	OH	Ohio	
city	Middle Point	OH	Ohio	
city	Middleport	OH	Ohio	
city	Middletown	OH	Ohio	
city	Midland	OH	Ohio	
city	Midvale	OH	Ohio	
city	Midway	OH	Ohio	
city	Mifflin	OH	Ohio	
city	Milan	OH	Ohio	
city	Milford	OH	Ohio	
city	Milford Center	OH	Ohio	
city	Millbury	OH	Ohio	
city	Milledgeville	OH	Ohio	
city	Miller City	OH	Ohio	
city	Millersburg	OH	Ohio	
city	Millersport	OH	Ohio	
city	Millville	OH	Ohio	
city	Milton Center	OH	Ohio	
city	Miltonsburg	OH	Ohio	
city	Mineral City	OH	Ohio	
city	Minerva	OH	Ohio	
city	Minerva Park	OH	Ohio	
city	Mingo Junction	OH	Ohio	
city	Minster	OH	Ohio	
city	Mogadore	OH	Ohio	
city	Monroe	OH	Ohio	
city	Monroeville	OH	Ohio	
city	Montezuma	OH	Ohio	
city	Montgomery	OH	Ohio	
city	Montpelier	OH	Ohio	
city	Moraine	OH	Ohio	
city	Moreland Hills	OH	Ohio	
city	Morral	OH	Ohio	
city	Morristown	OH	Ohio	
city	Morrow	OH	Ohio	
city	Moscow	OH	Ohio	
city	Mount Blanchard	OH	Ohio	
city	Mount Cory	OH	Ohio	
city	Mount Eaton	OH	Ohio	
city	Mount Gilead	OH	Ohio	
city	Mount Healthy	OH	Ohio	
city	Mount Orab	OH	Ohio	
city	Mount Pleasant	OH	Ohio	
city	Mount Sterling	OH	Ohio	
city	Mount Vernon	OH	Ohio	
city	Mount Victory	OH	Ohio	
city	Mowrystown	OH	Ohio	
city	Munroe Falls	OH	Ohio	
city	Murray City	OH	Ohio	
city	Mutual	OH	Ohio	
city	Napoleon	OH	Ohio	
city	Nashville	OH	Ohio	
city	Navarre	OH	Ohio	
city	Nellie	OH	Ohio	
city	Nelsonville	OH	Ohio	
city	Nevada	OH	Ohio	
city	Neville	OH	Ohio	
city	New Albany	OH	Ohio	
city	New Alexandria	OH	Ohio	
city	Newark	OH	Ohio	
city	New Athens	OH	Ohio	
city	New Bavaria	OH	Ohio	
city	New Bloomington	OH	Ohio	
city	New Boston	OH	Ohio	
city	New Bremen	OH	Ohio	
city	Newburgh Heights	OH	Ohio	
city	New Carlisle	OH	Ohio	
city	Newcomerstown	OH	Ohio	
city	New Concord	OH	Ohio	
city	New Franklin	OH	Ohio	
city	New Holland	OH	Ohio	
city	New Knoxville	OH	Ohio	
city	New Lebanon	OH	Ohio	
city	New Lexington	OH	Ohio	
city	New London	OH	Ohio	
city	New Madison	OH	Ohio	
city	New Miami	OH	Ohio	
city	New Middletown	OH	Ohio	
city	New Paris	OH	Ohio	
city	New Philadelphia	OH	Ohio	
city	New Richmond	OH	Ohio	
city	New Riegel	OH	Ohio	
city	New Straitsville	OH	Ohio	
city	Newton Falls	OH	Ohio	
city	Newtown	OH	Ohio	
city	New Vienna	OH	Ohio	
city	New Washington	OH	Ohio	
city	New Waterford	OH	Ohio	
city	New Weston	OH	Ohio	
city	Ney	OH	Ohio	
city	Niles	OH	Ohio	
city	North Baltimore	OH	Ohio	
city	North Bend	OH	Ohio	
city	North Canton	OH	Ohio	
city	North College Hill	OH	Ohio	
city	North Fairfield	OH	Ohio	
city	Northfield	OH	Ohio	
city	North Hampton	OH	Ohio	
city	North Kingsville	OH	Ohio	
city	North Lewisburg	OH	Ohio	
city	North Olmsted	OH	Ohio	
city	North Perry	OH	Ohio	
city	North Randall	OH	Ohio	
city	North Ridgeville	OH	Ohio	
city	North Robinson	OH	Ohio	
city	North Royalton	OH	Ohio	
city	North Star	OH	Ohio	
city	Northwood	OH	Ohio	
city	Norton	OH	Ohio	
city	Norwalk	OH	Ohio	
city	Norwich	OH	Ohio	
city	Norwood	OH	Ohio	
city	Oak Harbor	OH	Ohio	
city	Oak Hill	OH	Ohio	
city	Oakwood	OH	Ohio	
city	Oberlin	OH	Ohio	
city	Obetz	OH	Ohio	
city	Octa	OH	Ohio	
city	Ohio City	OH	Ohio	
city	Old Washington	OH	Ohio	
city	Olmsted Falls	OH	Ohio	
city	Ontario	OH	Ohio	
city	Orange	OH	Ohio	
city	Orangeville	OH	Ohio	
city	Oregon	OH	Ohio	
city	Orrville	OH	Ohio	
city	Orwell	OH	Ohio	
city	Osgood	OH	Ohio	
city	Ostrander	OH	Ohio	
city	Ottawa	OH	Ohio	
city	Ottawa Hills	OH	Ohio	
city	Ottoville	OH	Ohio	
city	Otway	OH	Ohio	
city	Owensville	OH	Ohio	
city	Oxford	OH	Ohio	
city	Painesville	OH	Ohio	
city	Palestine	OH	Ohio	
city	Pandora	OH	Ohio	
city	Parma	OH	Ohio	
city	Parma Heights	OH	Ohio	
city	Parral	OH	Ohio	
city	Pataskala	OH	Ohio	
city	Patterson	OH	Ohio	
city	Paulding	OH	Ohio	
city	Payne	OH	Ohio	
city	Peebles	OH	Ohio	
city	Pemberville	OH	Ohio	
city	Peninsula	OH	Ohio	
city	Pepper Pike	OH	Ohio	
city	Perry	OH	Ohio	
city	Perrysburg	OH	Ohio	
city	Perrysville	OH	Ohio	
city	Phillipsburg	OH	Ohio	
city	Philo	OH	Ohio	
city	Pickerington	OH	Ohio	
city	Piketon	OH	Ohio	
city	Pioneer	OH	Ohio	
city	Piqua	OH	Ohio	
city	Pitsburg	OH	Ohio	
city	Plain City	OH	Ohio	
city	Plainfield	OH	Ohio	
city	Pleasant City	OH	Ohio	
city	Pleasant Hill	OH	Ohio	
city	Pleasant Plain	OH	Ohio	
city	Pleasantville	OH	Ohio	
city	Plymouth	OH	Ohio	
city	Poland	OH	Ohio	
city	Polk	OH	Ohio	
city	Pomeroy	OH	Ohio	
city	Portage	OH	Ohio	
city	Port Clinton	OH	Ohio	
city	Port Jefferson	OH	Ohio	
city	Portsmouth	OH	Ohio	
city	Port Washington	OH	Ohio	
city	Port William	OH	Ohio	
city	Potsdam	OH	Ohio	
city	Powell	OH	Ohio	
city	Powhatan Point	OH	Ohio	
city	Proctorville	OH	Ohio	
city	Prospect	OH	Ohio	
city	Put-in-Bay	OH	Ohio	
city	Quaker City	OH	Ohio	
city	Quincy	OH	Ohio	
city	Racine	OH	Ohio	
city	Rarden	OH	Ohio	
city	Ravenna	OH	Ohio	
city	Rawson	OH	Ohio	
city	Rayland	OH	Ohio	
city	Reading	OH	Ohio	
city	Reminderville	OH	Ohio	
city	Republic	OH	Ohio	
city	Reynoldsburg	OH	Ohio	
city	Richfield	OH	Ohio	
city	Richmond	OH	Ohio	
city	Richmond Heights	OH	Ohio	
city	Richwood	OH	Ohio	
city	Ridgeway	OH	Ohio	
city	Rio Grande	OH	Ohio	
city	Ripley	OH	Ohio	
city	Risingsun	OH	Ohio	
city	Rittman	OH	Ohio	
city	Riverlea	OH	Ohio	
city	Riverside	OH	Ohio	
city	Roaming Shores	OH	Ohio	
city	Rochester	OH	Ohio	
city	Rock Creek	OH	Ohio	
city	Rockford	OH	Ohio	
city	Rocky Ridge	OH	Ohio	
city	Rocky River	OH	Ohio	
city	Rogers	OH	Ohio	
city	Rome (Stout)	OH	Ohio	
city	Roseville	OH	Ohio	
city	Rossburg	OH	Ohio	
city	Rossford	OH	Ohio	
city	Roswell	OH	Ohio	
city	Rushsylvania	OH	Ohio	
city	Rushville	OH	Ohio	
city	Russells Point	OH	Ohio	
city	Russellville	OH	Ohio	
city	Russia	OH	Ohio	
city	Rutland	OH	Ohio	
city	Sabina	OH	Ohio	
city	St. Bernard	OH	Ohio	
city	St. Clairsville	OH	Ohio	
city	St. Henry	OH	Ohio	
city	St. Louisville	OH	Ohio	
city	St. Marys	OH	Ohio	
city	St. Paris	OH	Ohio	
city	Salem	OH	Ohio	
city	Salineville	OH	Ohio	
city	Sandusky	OH	Ohio	
city	Sarahsville	OH	Ohio	
city	Sardinia	OH	Ohio	
city	Savannah	OH	Ohio	
city	Scio	OH	Ohio	
city	Scott	OH	Ohio	
city	Seaman	OH	Ohio	
city	Sebring	OH	Ohio	
city	Senecaville	OH	Ohio	
city	Seven Hills	OH	Ohio	
city	Seven Mile	OH	Ohio	
city	Seville	OH	Ohio	
city	Shadyside	OH	Ohio	
city	Shaker Heights	OH	Ohio	
city	Sharonville	OH	Ohio	
city	Shawnee	OH	Ohio	
city	Shawnee Hills	OH	Ohio	
city	Sheffield	OH	Ohio	
city	Sheffield Lake	OH	Ohio	
city	Shelby	OH	Ohio	
city	Sherrodsville	OH	Ohio	
city	Sherwood	OH	Ohio	
city	Shiloh	OH	Ohio	
city	Shreve	OH	Ohio	
city	Sidney	OH	Ohio	
city	Silver Lake	OH	Ohio	
city	Silverton	OH	Ohio	
city	Sinking Spring	OH	Ohio	
city	Smithville	OH	Ohio	
city	Solon	OH	Ohio	
city	Somerset	OH	Ohio	
city	South Amherst	OH	Ohio	
city	South Bloomfield	OH	Ohio	
city	South Charleston	OH	Ohio	
city	South Euclid	OH	Ohio	
city	South Lebanon	OH	Ohio	
city	South Point	OH	Ohio	
city	South Russell	OH	Ohio	
city	South Salem	OH	Ohio	
city	South Solon	OH	Ohio	
city	South Vienna	OH	Ohio	
city	South Webster	OH	Ohio	
city	South Zanesville	OH	Ohio	
city	Sparta	OH	Ohio	
city	Spencer	OH	Ohio	
city	Spencerville	OH	Ohio	
city	Springboro	OH	Ohio	
city	Springdale	OH	Ohio	
city	Springfield	OH	Ohio	
city	Spring Valley	OH	Ohio	
city	Stafford	OH	Ohio	
city	Steubenville	OH	Ohio	
city	Stockport	OH	Ohio	
city	Stone Creek	OH	Ohio	
city	Stoutsville	OH	Ohio	
city	Stow	OH	Ohio	
city	Strasburg	OH	Ohio	
city	Stratton	OH	Ohio	
city	Streetsboro	OH	Ohio	
city	Strongsville	OH	Ohio	
city	Struthers	OH	Ohio	
city	Stryker	OH	Ohio	
city	Sugar Bush Knolls	OH	Ohio	
city	Sugarcreek	OH	Ohio	
city	Sugar Grove	OH	Ohio	
city	Summerfield	OH	Ohio	
city	Summitville	OH	Ohio	
city	Sunbury	OH	Ohio	
city	Swanton	OH	Ohio	
city	Sycamore	OH	Ohio	
city	Sylvania	OH	Ohio	
city	Syracuse	OH	Ohio	
city	Tallmadge	OH	Ohio	
city	Tarlton	OH	Ohio	
city	Terrace Park	OH	Ohio	
city	The Village of Indian Hill	OH	Ohio	
city	Thornville	OH	Ohio	
city	Thurston	OH	Ohio	
city	Tiffin	OH	Ohio	
city	Tiltonsville	OH	Ohio	
city	Timberlake	OH	Ohio	
city	Tipp City	OH	Ohio	
city	Tiro	OH	Ohio	
city	Toledo	OH	Ohio	
city	Tontogany	OH	Ohio	
city	Toronto	OH	Ohio	
city	Tremont City	OH	Ohio	
city	Trenton	OH	Ohio	
city	Trimble	OH	Ohio	
city	Trotwood	OH	Ohio	
city	Troy	OH	Ohio	
city	Tuscarawas	OH	Ohio	
city	Twinsburg	OH	Ohio	
city	Uhrichsville	OH	Ohio	
city	Union	OH	Ohio	
city	Union City	OH	Ohio	
city	Unionville Center	OH	Ohio	
city	University Heights	OH	Ohio	
city	Upper Arlington	OH	Ohio	
city	Upper Sandusky	OH	Ohio	
city	Urbana	OH	Ohio	
city	Urbancrest	OH	Ohio	
city	Utica	OH	Ohio	
city	Valley Hi	OH	Ohio	
city	Valley View	OH	Ohio	
city	Valleyview	OH	Ohio	
city	Van Buren	OH	Ohio	
city	Vandalia	OH	Ohio	
city	Vanlue	OH	Ohio	
city	Van Wert	OH	Ohio	
city	Venedocia	OH	Ohio	
city	Vermilion	OH	Ohio	
city	Verona	OH	Ohio	
city	Versailles	OH	Ohio	
city	Vinton	OH	Ohio	
city	Wadsworth	OH	Ohio	
city	Waite Hill	OH	Ohio	
city	Wakeman	OH	Ohio	
city	Walbridge	OH	Ohio	
city	Waldo	OH	Ohio	
city	Walton Hills	OH	Ohio	
city	Wapakoneta	OH	Ohio	
city	Warren	OH	Ohio	
city	Warrensville Heights	OH	Ohio	
city	Warsaw	OH	Ohio	
city	Washington Court House	OH	Ohio	
city	Washingtonville	OH	Ohio	
city	Waterville	OH	Ohio	
city	Wauseon	OH	Ohio	
city	Waverly	OH	Ohio	
city	Wayne	OH	Ohio	
city	Wayne Lakes	OH	Ohio	
city	Waynesburg	OH	Ohio	
city	Waynesfield	OH	Ohio	
city	Waynesville	OH	Ohio	
city	Wellington	OH	Ohio	
city	Wellston	OH	Ohio	
city	Wellsville	OH	Ohio	
city	West Alexandria	OH	Ohio	
city	West Carrollton	OH	Ohio	
city	West Elkton	OH	Ohio	
city	Westerville	OH	Ohio	
city	West Farmington	OH	Ohio	
city	Westfield Center	OH	Ohio	
city	West Jefferson	OH	Ohio	
city	West Lafayette	OH	Ohio	
city	Westlake	OH	Ohio	
city	West Leipsic	OH	Ohio	
city	West Liberty	OH	Ohio	
city	West Manchester	OH	Ohio	
city	West Mansfield	OH	Ohio	
city	West Millgrove	OH	Ohio	
city	West Milton	OH	Ohio	
city	Weston	OH	Ohio	
city	West Rushville	OH	Ohio	
city	West Salem	OH	Ohio	
city	West Union	OH	Ohio	
city	West Unity	OH	Ohio	
city	Wharton	OH	Ohio	
city	Whitehall	OH	Ohio	
city	Whitehouse	OH	Ohio	
city	Wickliffe	OH	Ohio	
city	Wilkesville	OH	Ohio	
city	Willard	OH	Ohio	
city	Williamsburg	OH	Ohio	
city	Williamsport	OH	Ohio	
city	Willoughby	OH	Ohio	
city	Willoughby Hills	OH	Ohio	
city	Willowick	OH	Ohio	
city	Willshire	OH	Ohio	
city	Wilmington	OH	Ohio	
city	Wilmot	OH	Ohio	
city	Wilson	OH	Ohio	
city	Winchester	OH	Ohio	
city	Windham	OH	Ohio	
city	Wintersville	OH	Ohio	
city	Woodlawn	OH	Ohio	
city	Woodmere	OH	Ohio	
city	Woodsfield	OH	Ohio	
city	Woodstock	OH	Ohio	
city	Woodville	OH	Ohio	
city	Wooster	OH	Ohio	
city	Worthington	OH	Ohio	
city	Wren	OH	Ohio	
city	Wyoming	OH	Ohio	
city	Xenia	OH	Ohio	
city	Yankee Lake	OH	Ohio	
city	Yellow Springs	OH	Ohio	
city	Yorkshire	OH	Ohio	
city	Yorkville	OH	Ohio	
city	Youngstown	OH	Ohio	
city	Zaleski	OH	Ohio	
city	Zanesfield	OH	Ohio	
city	Zanesville	OH	Ohio	
city	Zoar	OH	Ohio	
city	Achille	OK	Oklahoma	
city	Ada	OK	Oklahoma	
city	Adair	OK	Oklahoma	
city	Addington	OK	Oklahoma	
city	Afton	OK	Oklahoma	
city	Agra	OK	Oklahoma	
city	Albion	OK	Oklahoma	
city	Alderson	OK	Oklahoma	
city	Alex	OK	Oklahoma	
city	Aline	OK	Oklahoma	
city	Allen	OK	Oklahoma	
city	Altus	OK	Oklahoma	
city	Alva	OK	Oklahoma	
city	Amber	OK	Oklahoma	
city	Ames	OK	Oklahoma	
city	Amorita	OK	Oklahoma	
city	Anadarko	OK	Oklahoma	
city	Antlers	OK	Oklahoma	
city	Apache	OK	Oklahoma	
city	Arapaho	OK	Oklahoma	
city	Arcadia	OK	Oklahoma	
city	Ardmore	OK	Oklahoma	
city	Arkoma	OK	Oklahoma	
city	Armstrong	OK	Oklahoma	
city	Arnett	OK	Oklahoma	
city	Asher	OK	Oklahoma	
city	Ashland	OK	Oklahoma	
city	Atoka	OK	Oklahoma	
city	Atwood	OK	Oklahoma	
city	Avant	OK	Oklahoma	
city	Barnsdall	OK	Oklahoma	
city	Bartlesville	OK	Oklahoma	
city	Bearden	OK	Oklahoma	
city	Beaver	OK	Oklahoma	
city	Beggs	OK	Oklahoma	
city	Bennington	OK	Oklahoma	
city	Bernice	OK	Oklahoma	
city	Bessie	OK	Oklahoma	
city	Bethany	OK	Oklahoma	
city	Bethel Acres	OK	Oklahoma	
city	Big Cabin	OK	Oklahoma	
city	Billings	OK	Oklahoma	
city	Binger	OK	Oklahoma	
city	Bixby	OK	Oklahoma	
city	Blackburn	OK	Oklahoma	
city	Blackwell	OK	Oklahoma	
city	Blair	OK	Oklahoma	
city	Blanchard	OK	Oklahoma	
city	Bluejacket	OK	Oklahoma	
city	Boise City	OK	Oklahoma	
city	Bokchito	OK	Oklahoma	
city	Bokoshe	OK	Oklahoma	
city	Boley	OK	Oklahoma	
city	Boswell	OK	Oklahoma	
city	Bowlegs	OK	Oklahoma	
city	Boynton	OK	Oklahoma	
city	Bradley	OK	Oklahoma	
city	Braggs	OK	Oklahoma	
city	Braman	OK	Oklahoma	
city	Bray	OK	Oklahoma	
city	Breckenridge	OK	Oklahoma	
city	Bridge Creek	OK	Oklahoma	
city	Bridgeport	OK	Oklahoma	
city	Bristow	OK	Oklahoma	
city	Broken Arrow	OK	Oklahoma	
city	Broken Bow	OK	Oklahoma	
city	Bromide	OK	Oklahoma	
city	Brooksville	OK	Oklahoma	
city	Buffalo	OK	Oklahoma	
city	Burbank	OK	Oklahoma	
city	Burlington	OK	Oklahoma	
city	Burns Flat	OK	Oklahoma	
city	Butler	OK	Oklahoma	
city	Byars	OK	Oklahoma	
city	Byng	OK	Oklahoma	
city	Byron	OK	Oklahoma	
city	Cache	OK	Oklahoma	
city	Caddo	OK	Oklahoma	
city	Calera	OK	Oklahoma	
city	Calumet	OK	Oklahoma	
city	Calvin	OK	Oklahoma	
city	Camargo	OK	Oklahoma	
city	Cameron	OK	Oklahoma	
city	Canadian	OK	Oklahoma	
city	Caney	OK	Oklahoma	
city	Canton	OK	Oklahoma	
city	Canute	OK	Oklahoma	
city	Carlton Landing	OK	Oklahoma	
city	Carmen	OK	Oklahoma	
city	Carnegie	OK	Oklahoma	
city	Carney	OK	Oklahoma	
city	Carrier	OK	Oklahoma	
city	Carter	OK	Oklahoma	
city	Cashion	OK	Oklahoma	
city	Castle	OK	Oklahoma	
city	Catoosa	OK	Oklahoma	
city	Cedar Valley	OK	Oklahoma	
city	Cement	OK	Oklahoma	
city	Centrahoma	OK	Oklahoma	
city	Central High	OK	Oklahoma	
city	Chandler	OK	Oklahoma	
city	Chattanooga	OK	Oklahoma	
city	Checotah	OK	Oklahoma	
city	Chelsea	OK	Oklahoma	
city	Cherokee	OK	Oklahoma	
city	Cheyenne	OK	Oklahoma	
city	Chickasha	OK	Oklahoma	
city	Choctaw	OK	Oklahoma	
city	Chouteau	OK	Oklahoma	
city	Cimarron City	OK	Oklahoma	
city	Claremore	OK	Oklahoma	
city	Clayton	OK	Oklahoma	
city	Clearview	OK	Oklahoma	
city	Cleo Springs	OK	Oklahoma	
city	Cleveland	OK	Oklahoma	
city	Clinton	OK	Oklahoma	
city	Coalgate	OK	Oklahoma	
city	Colbert	OK	Oklahoma	
city	Colcord	OK	Oklahoma	
city	Cole	OK	Oklahoma	
city	Collinsville	OK	Oklahoma	
city	Colony	OK	Oklahoma	
city	Comanche	OK	Oklahoma	
city	Commerce	OK	Oklahoma	
city	Cooperton	OK	Oklahoma	
city	Copan	OK	Oklahoma	
city	Corn	OK	Oklahoma	
city	Cornish	OK	Oklahoma	
city	Council Hill	OK	Oklahoma	
city	Covington	OK	Oklahoma	
city	Coweta	OK	Oklahoma	
city	Coyle	OK	Oklahoma	
city	Crescent	OK	Oklahoma	
city	Cromwell	OK	Oklahoma	
city	Crowder	OK	Oklahoma	
city	Cushing	OK	Oklahoma	
city	Custer City	OK	Oklahoma	
city	Cyril	OK	Oklahoma	
city	Dacoma	OK	Oklahoma	
city	Davenport	OK	Oklahoma	
city	Davidson	OK	Oklahoma	
city	Davis	OK	Oklahoma	
city	Deer Creek	OK	Oklahoma	
city	Delaware	OK	Oklahoma	
city	Del City	OK	Oklahoma	
city	Depew	OK	Oklahoma	
city	Devol	OK	Oklahoma	
city	Dewar	OK	Oklahoma	
city	Dewey	OK	Oklahoma	
city	Dibble	OK	Oklahoma	
city	Dickson	OK	Oklahoma	
city	Dill City	OK	Oklahoma	
city	Disney	OK	Oklahoma	
city	Dougherty	OK	Oklahoma	
city	Douglas	OK	Oklahoma	
city	Dover	OK	Oklahoma	
city	Drummond	OK	Oklahoma	
city	Drumright	OK	Oklahoma	
city	Duncan	OK	Oklahoma	
city	Durant	OK	Oklahoma	
city	Dustin	OK	Oklahoma	
city	Eakly	OK	Oklahoma	
city	Earlsboro	OK	Oklahoma	
city	East Duke	OK	Oklahoma	
city	Edmond	OK	Oklahoma	
city	Eldorado	OK	Oklahoma	
city	Elgin	OK	Oklahoma	
city	Elk City	OK	Oklahoma	
city	Elmer	OK	Oklahoma	
city	Elmore City	OK	Oklahoma	
city	El Reno	OK	Oklahoma	
city	Empire City	OK	Oklahoma	
city	Enid	OK	Oklahoma	
city	Erick	OK	Oklahoma	
city	Etowah	OK	Oklahoma	
city	Eufaula	OK	Oklahoma	
city	Fairfax	OK	Oklahoma	
city	Fairland	OK	Oklahoma	
city	Fairmont	OK	Oklahoma	
city	Fair Oaks	OK	Oklahoma	
city	Fairview	OK	Oklahoma	
city	Fallis	OK	Oklahoma	
city	Fanshawe	OK	Oklahoma	
city	Fargo	OK	Oklahoma	
city	Faxon	OK	Oklahoma	
city	Fitzhugh	OK	Oklahoma	
city	Fletcher	OK	Oklahoma	
city	Foraker	OK	Oklahoma	
city	Forest Park	OK	Oklahoma	
city	Forgan	OK	Oklahoma	
city	Fort Cobb	OK	Oklahoma	
city	Fort Coffee	OK	Oklahoma	
city	Fort Gibson	OK	Oklahoma	
city	Fort Supply	OK	Oklahoma	
city	Fort Towson	OK	Oklahoma	
city	Foss	OK	Oklahoma	
city	Foster	OK	Oklahoma	
city	Foyil	OK	Oklahoma	
city	Francis	OK	Oklahoma	
city	Frederick	OK	Oklahoma	
city	Freedom	OK	Oklahoma	
city	Friendship	OK	Oklahoma	
city	Gage	OK	Oklahoma	
city	Gans	OK	Oklahoma	
city	Garber	OK	Oklahoma	
city	Garvin	OK	Oklahoma	
city	Gate	OK	Oklahoma	
city	Geary	OK	Oklahoma	
city	Gene Autry	OK	Oklahoma	
city	Geronimo	OK	Oklahoma	
city	Gerty	OK	Oklahoma	
city	Glencoe	OK	Oklahoma	
city	Glenpool	OK	Oklahoma	
city	Goldsby	OK	Oklahoma	
city	Goltry	OK	Oklahoma	
city	Goodwell	OK	Oklahoma	
city	Gore	OK	Oklahoma	
city	Gotebo	OK	Oklahoma	
city	Gould	OK	Oklahoma	
city	Gracemont	OK	Oklahoma	
city	Grainola	OK	Oklahoma	
city	Grandfield	OK	Oklahoma	
city	Grand Lake Towne	OK	Oklahoma	
city	Granite	OK	Oklahoma	
city	Grayson	OK	Oklahoma	
city	Greenfield	OK	Oklahoma	
city	Grove	OK	Oklahoma	
city	Guthrie	OK	Oklahoma	
city	Guymon	OK	Oklahoma	
city	Haileyville	OK	Oklahoma	
city	Hallett	OK	Oklahoma	
city	Hammon	OK	Oklahoma	
city	Hanna	OK	Oklahoma	
city	Hardesty	OK	Oklahoma	
city	Harrah	OK	Oklahoma	
city	Hartshorne	OK	Oklahoma	
city	Haskell	OK	Oklahoma	
city	Hastings	OK	Oklahoma	
city	Haworth	OK	Oklahoma	
city	Headrick	OK	Oklahoma	
city	Healdton	OK	Oklahoma	
city	Heavener	OK	Oklahoma	
city	Helena	OK	Oklahoma	
city	Hendrix	OK	Oklahoma	
city	Hennessey	OK	Oklahoma	
city	Henryetta	OK	Oklahoma	
city	Hickory	OK	Oklahoma	
city	Hillsdale	OK	Oklahoma	
city	Hinton	OK	Oklahoma	
city	Hitchcock	OK	Oklahoma	
city	Hitchita	OK	Oklahoma	
city	Hobart	OK	Oklahoma	
city	Hochatown	OK	Oklahoma	
city	Hoffman	OK	Oklahoma	
city	Holdenville	OK	Oklahoma	
city	Hollis	OK	Oklahoma	
city	Hollister	OK	Oklahoma	
city	Hominy	OK	Oklahoma	
city	Hooker	OK	Oklahoma	
city	Hoot Owl	OK	Oklahoma	
city	Horntown	OK	Oklahoma	
city	Howe	OK	Oklahoma	
city	Hugo	OK	Oklahoma	
city	Hulbert	OK	Oklahoma	
city	Hunter	OK	Oklahoma	
city	Hydro	OK	Oklahoma	
city	Idabel	OK	Oklahoma	
city	Indiahoma	OK	Oklahoma	
city	Indianola	OK	Oklahoma	
city	Inola	OK	Oklahoma	
city	IXL	OK	Oklahoma	
city	Jay	OK	Oklahoma	
city	Jefferson	OK	Oklahoma	
city	Jenks	OK	Oklahoma	
city	Jennings	OK	Oklahoma	
city	Jet	OK	Oklahoma	
city	Johnson	OK	Oklahoma	
city	Jones	OK	Oklahoma	
city	Kansas	OK	Oklahoma	
city	Katie	OK	Oklahoma	
city	Kaw City	OK	Oklahoma	
city	Kellyville	OK	Oklahoma	
city	Kemp	OK	Oklahoma	
city	Kendrick	OK	Oklahoma	
city	Kenefic	OK	Oklahoma	
city	Keota	OK	Oklahoma	
city	Ketchum	OK	Oklahoma	
city	Keyes	OK	Oklahoma	
city	Kiefer	OK	Oklahoma	
city	Kildare	OK	Oklahoma	
city	Kingfisher	OK	Oklahoma	
city	Kingston	OK	Oklahoma	
city	Kinta	OK	Oklahoma	
city	Kiowa	OK	Oklahoma	
city	Knowles	OK	Oklahoma	
city	Konawa	OK	Oklahoma	
city	Krebs	OK	Oklahoma	
city	Kremlin	OK	Oklahoma	
city	Lahoma	OK	Oklahoma	
city	Lake Aluma	OK	Oklahoma	
city	Lamar	OK	Oklahoma	
city	Lambert	OK	Oklahoma	
city	Lamont	OK	Oklahoma	
city	Langley	OK	Oklahoma	
city	Langston	OK	Oklahoma	
city	Laverne	OK	Oklahoma	
city	Lawrence Creek	OK	Oklahoma	
city	Lawton	OK	Oklahoma	
city	Leedey	OK	Oklahoma	
city	Le Flore	OK	Oklahoma	
city	Lehigh	OK	Oklahoma	
city	Lenapah	OK	Oklahoma	
city	Leon	OK	Oklahoma	
city	Lexington	OK	Oklahoma	
city	Liberty	OK	Oklahoma	
city	Lima	OK	Oklahoma	
city	Lindsay	OK	Oklahoma	
city	Loco	OK	Oklahoma	
city	Locust Grove	OK	Oklahoma	
city	Lone Chimney	OK	Oklahoma	
city	Lone Grove	OK	Oklahoma	
city	Lone Wolf	OK	Oklahoma	
city	Longdale	OK	Oklahoma	
city	Lookeba	OK	Oklahoma	
city	Lotsee	OK	Oklahoma	
city	Loveland	OK	Oklahoma	
city	Loyal	OK	Oklahoma	
city	Luther	OK	Oklahoma	
city	McAlester	OK	Oklahoma	
city	McCurtain	OK	Oklahoma	
city	McLoud	OK	Oklahoma	
city	Macomb	OK	Oklahoma	
city	Madill	OK	Oklahoma	
city	Manchester	OK	Oklahoma	
city	Mangum	OK	Oklahoma	
city	Manitou	OK	Oklahoma	
city	Mannford	OK	Oklahoma	
city	Mannsville	OK	Oklahoma	
city	Maramec	OK	Oklahoma	
city	Marble City	OK	Oklahoma	
city	Marietta	OK	Oklahoma	
city	Marland	OK	Oklahoma	
city	Marlow	OK	Oklahoma	
city	Marshall	OK	Oklahoma	
city	Martha	OK	Oklahoma	
city	Maud	OK	Oklahoma	
city	May	OK	Oklahoma	
city	Maysville	OK	Oklahoma	
city	Mead	OK	Oklahoma	
city	Medford	OK	Oklahoma	
city	Medicine Park	OK	Oklahoma	
city	Meeker	OK	Oklahoma	
city	Meno	OK	Oklahoma	
city	Meridian	OK	Oklahoma	
city	Miami	OK	Oklahoma	
city	Midwest City	OK	Oklahoma	
city	Milburn	OK	Oklahoma	
city	Mill Creek	OK	Oklahoma	
city	Millerton	OK	Oklahoma	
city	Minco	OK	Oklahoma	
city	Moffett	OK	Oklahoma	
city	Moore	OK	Oklahoma	
city	Mooreland	OK	Oklahoma	
city	Morris	OK	Oklahoma	
city	Morrison	OK	Oklahoma	
city	Mounds	OK	Oklahoma	
city	Mountain Park	OK	Oklahoma	
city	Mountain View	OK	Oklahoma	
city	Muldrow	OK	Oklahoma	
city	Mule Barn	OK	Oklahoma	
city	Mulhall	OK	Oklahoma	
city	Muskogee	OK	Oklahoma	
city	Mustang	OK	Oklahoma	
city	Mutual	OK	Oklahoma	
city	Nash	OK	Oklahoma	
city	New Alluwe	OK	Oklahoma	
city	Newcastle	OK	Oklahoma	
city	New Cordell	OK	Oklahoma	
city	Newkirk	OK	Oklahoma	
city	Nichols Hills	OK	Oklahoma	
city	Nicoma Park	OK	Oklahoma	
city	Ninnekah	OK	Oklahoma	
city	Noble	OK	Oklahoma	
city	Norge	OK	Oklahoma	
city	Norman	OK	Oklahoma	
city	North Enid	OK	Oklahoma	
city	North Miami	OK	Oklahoma	
city	Nowata	OK	Oklahoma	
city	Oakland	OK	Oklahoma	
city	Oaks	OK	Oklahoma	
city	Oakwood	OK	Oklahoma	
city	Ochelata	OK	Oklahoma	
city	Oilton	OK	Oklahoma	
city	Okarche	OK	Oklahoma	
city	Okay	OK	Oklahoma	
city	Okeene	OK	Oklahoma	
city	Okemah	OK	Oklahoma	
city	Oklahoma City	OK	Oklahoma	
city	Okmulgee	OK	Oklahoma	
city	Oktaha	OK	Oklahoma	
city	Olustee	OK	Oklahoma	
city	Oologah	OK	Oklahoma	
city	Optima	OK	Oklahoma	
city	Orlando	OK	Oklahoma	
city	Osage	OK	Oklahoma	
city	Owasso	OK	Oklahoma	
city	Paden	OK	Oklahoma	
city	Panama	OK	Oklahoma	
city	Paoli	OK	Oklahoma	
city	Paradise Hill	OK	Oklahoma	
city	Pauls Valley	OK	Oklahoma	
city	Pawhuska	OK	Oklahoma	
city	Pawnee	OK	Oklahoma	
city	Pensacola	OK	Oklahoma	
city	Peoria	OK	Oklahoma	
city	Perkins	OK	Oklahoma	
city	Perry	OK	Oklahoma	
city	Phillips	OK	Oklahoma	
city	Piedmont	OK	Oklahoma	
city	Pink	OK	Oklahoma	
city	Pittsburg	OK	Oklahoma	
city	Pocasset	OK	Oklahoma	
city	Pocola	OK	Oklahoma	
city	Ponca City	OK	Oklahoma	
city	Pond Creek	OK	Oklahoma	
city	Porter	OK	Oklahoma	
city	Porum	OK	Oklahoma	
city	Poteau	OK	Oklahoma	
city	Prague	OK	Oklahoma	
city	Prue	OK	Oklahoma	
city	Pryor Creek	OK	Oklahoma	
city	Purcell	OK	Oklahoma	
city	Putnam	OK	Oklahoma	
city	Quapaw	OK	Oklahoma	
city	Quinton	OK	Oklahoma	
city	Ralston	OK	Oklahoma	
city	Ramona	OK	Oklahoma	
city	Randlett	OK	Oklahoma	
city	Ratliff City	OK	Oklahoma	
city	Rattan	OK	Oklahoma	
city	Ravia	OK	Oklahoma	
city	Redbird	OK	Oklahoma	
city	Red Oak	OK	Oklahoma	
city	Red Rock	OK	Oklahoma	
city	Renfrow	OK	Oklahoma	
city	Rentiesville	OK	Oklahoma	
city	Reydon	OK	Oklahoma	
city	Ringling	OK	Oklahoma	
city	Ringwood	OK	Oklahoma	
city	Ripley	OK	Oklahoma	
city	Rock Island	OK	Oklahoma	
city	Rocky	OK	Oklahoma	
city	Roff	OK	Oklahoma	
city	Roland	OK	Oklahoma	
city	Roosevelt	OK	Oklahoma	
city	Rosedale	OK	Oklahoma	
city	Rosston	OK	Oklahoma	
city	Rush Springs	OK	Oklahoma	
city	Ryan	OK	Oklahoma	
city	St. Louis	OK	Oklahoma	
city	Salina	OK	Oklahoma	
city	Sallisaw	OK	Oklahoma	
city	Sand Springs	OK	Oklahoma	
city	Sapulpa	OK	Oklahoma	
city	Sasakwa	OK	Oklahoma	
city	Savanna	OK	Oklahoma	
city	Sawyer	OK	Oklahoma	
city	Sayre	OK	Oklahoma	
city	Schulter	OK	Oklahoma	
city	Seiling	OK	Oklahoma	
city	Seminole	OK	Oklahoma	
city	Sentinel	OK	Oklahoma	
city	Shady Point	OK	Oklahoma	
city	Sharon	OK	Oklahoma	
city	Shattuck	OK	Oklahoma	
city	Shawnee	OK	Oklahoma	
city	Shidler	OK	Oklahoma	
city	Silo	OK	Oklahoma	
city	Skedee	OK	Oklahoma	
city	Skiatook	OK	Oklahoma	
city	Slaughterville	OK	Oklahoma	
city	Slick	OK	Oklahoma	
city	Smith Village	OK	Oklahoma	
city	Snyder	OK	Oklahoma	
city	Soper	OK	Oklahoma	
city	South Coffeyville	OK	Oklahoma	
city	Sparks	OK	Oklahoma	
city	Spaulding	OK	Oklahoma	
city	Spavinaw	OK	Oklahoma	
city	Spencer	OK	Oklahoma	
city	Sperry	OK	Oklahoma	
city	Spiro	OK	Oklahoma	
city	Sportsmen Acres	OK	Oklahoma	
city	Springer	OK	Oklahoma	
city	Sterling	OK	Oklahoma	
city	Stidham	OK	Oklahoma	
city	Stigler	OK	Oklahoma	
city	Stillwater	OK	Oklahoma	
city	Stilwell	OK	Oklahoma	
city	Stonewall	OK	Oklahoma	
city	Strang	OK	Oklahoma	
city	Stratford	OK	Oklahoma	
city	Stringtown	OK	Oklahoma	
city	Strong City	OK	Oklahoma	
city	Stroud	OK	Oklahoma	
city	Stuart	OK	Oklahoma	
city	Sugden	OK	Oklahoma	
city	Sulphur	OK	Oklahoma	
city	Summit	OK	Oklahoma	
city	Sweetwater	OK	Oklahoma	
city	Taft	OK	Oklahoma	
city	Tahlequah	OK	Oklahoma	
city	Talala	OK	Oklahoma	
city	Talihina	OK	Oklahoma	
city	Taloga	OK	Oklahoma	
city	Tamaha	OK	Oklahoma	
city	Tatums	OK	Oklahoma	
city	Tecumseh	OK	Oklahoma	
city	Temple	OK	Oklahoma	
city	Terlton	OK	Oklahoma	
city	Terral	OK	Oklahoma	
city	Texhoma	OK	Oklahoma	
city	Texola	OK	Oklahoma	
city	Thackerville	OK	Oklahoma	
city	The Village	OK	Oklahoma	
city	Thomas	OK	Oklahoma	
city	Tipton	OK	Oklahoma	
city	Tishomingo	OK	Oklahoma	
city	Tonkawa	OK	Oklahoma	
city	Tribbey	OK	Oklahoma	
city	Tryon	OK	Oklahoma	
city	Tullahassee	OK	Oklahoma	
city	Tulsa	OK	Oklahoma	
city	Tupelo	OK	Oklahoma	
city	Tushka	OK	Oklahoma	
city	Tuttle	OK	Oklahoma	
city	Tyrone	OK	Oklahoma	
city	Union City	OK	Oklahoma	
city	Valley Brook	OK	Oklahoma	
city	Valley Park	OK	Oklahoma	
city	Valliant	OK	Oklahoma	
city	Velma	OK	Oklahoma	
city	Vera	OK	Oklahoma	
city	Verden	OK	Oklahoma	
city	Verdigris	OK	Oklahoma	
city	Vernon	OK	Oklahoma	
city	Vian	OK	Oklahoma	
city	Vici	OK	Oklahoma	
city	Vinita	OK	Oklahoma	
city	Wagoner	OK	Oklahoma	
city	Wainwright	OK	Oklahoma	
city	Wakita	OK	Oklahoma	
city	Walters	OK	Oklahoma	
city	Wanette	OK	Oklahoma	
city	Wann	OK	Oklahoma	
city	Wapanucka	OK	Oklahoma	
city	Warner	OK	Oklahoma	
city	Warr Acres	OK	Oklahoma	
city	Warwick	OK	Oklahoma	
city	Washington	OK	Oklahoma	
city	Watonga	OK	Oklahoma	
city	Watts	OK	Oklahoma	
city	Waukomis	OK	Oklahoma	
city	Waurika	OK	Oklahoma	
city	Wayne	OK	Oklahoma	
city	Waynoka	OK	Oklahoma	
city	Weatherford	OK	Oklahoma	
city	Webb City	OK	Oklahoma	
city	Webbers Falls	OK	Oklahoma	
city	Welch	OK	Oklahoma	
city	Weleetka	OK	Oklahoma	
city	Wellston	OK	Oklahoma	
city	Westport	OK	Oklahoma	
city	West Siloam Springs	OK	Oklahoma	
city	Westville	OK	Oklahoma	
city	Wetumka	OK	Oklahoma	
city	Wewoka	OK	Oklahoma	
city	Whitefield	OK	Oklahoma	
city	Wilburton	OK	Oklahoma	
city	Willow	OK	Oklahoma	
city	Wilson	OK	Oklahoma	
city	Winchester	OK	Oklahoma	
city	Wister	OK	Oklahoma	
city	Woodlawn Park	OK	Oklahoma	
city	Woodward	OK	Oklahoma	
city	Wright City	OK	Oklahoma	
city	Wyandotte	OK	Oklahoma	
city	Wynnewood	OK	Oklahoma	
city	Wynona	OK	Oklahoma	
city	Yale	OK	Oklahoma	
city	Yeager	OK	Oklahoma	
city	Yukon	OK	Oklahoma	
city	Adair Village	OR	Oregon	
city	Adams	OR	Oregon	
city	Adrian	OR	Oregon	
city	Albany	OR	Oregon	
city	Amity	OR	Oregon	
city	Antelope	OR	Oregon	
city	Arlington	OR	Oregon	
city	Ashland	OR	Oregon	
city	Astoria	OR	Oregon	
city	Athena	OR	Oregon	
city	Aumsville	OR	Oregon	
city	Aurora	OR	Oregon	
city	Baker City	OR	Oregon	
city	Bandon	OR	Oregon	
city	Banks	OR	Oregon	
city	Barlow	OR	Oregon	
city	Bay City	OR	Oregon	
city	Beaverton	OR	Oregon	
city	Bend	OR	Oregon	
city	Boardman	OR	Oregon	
city	Bonanza	OR	Oregon	
city	Brookings	OR	Oregon	
city	Brownsville	OR	Oregon	
city	Burns	OR	Oregon	
city	Butte Falls	OR	Oregon	
city	Canby	OR	Oregon	
city	Cannon Beach	OR	Oregon	
city	Canyon City	OR	Oregon	
city	Canyonville	OR	Oregon	
city	Carlton	OR	Oregon	
city	Cascade Locks	OR	Oregon	
city	Cave Junction	OR	Oregon	
city	Central Point	OR	Oregon	
city	Chiloquin	OR	Oregon	
city	Clatskanie	OR	Oregon	
city	Coburg	OR	Oregon	
city	Columbia City	OR	Oregon	
city	Condon	OR	Oregon	
city	Coos Bay	OR	Oregon	
city	Coquille	OR	Oregon	
city	Cornelius	OR	Oregon	
city	Corvallis	OR	Oregon	
city	Cottage Grove	OR	Oregon	
city	Cove	OR	Oregon	
city	Creswell	OR	Oregon	
city	Culver	OR	Oregon	
city	Dallas	OR	Oregon	
city	Dayton	OR	Oregon	
city	Dayville	OR	Oregon	
city	Depoe Bay	OR	Oregon	
city	Detroit	OR	Oregon	
city	Donald	OR	Oregon	
city	Drain	OR	Oregon	
city	Dufur	OR	Oregon	
city	Dundee	OR	Oregon	
city	Dunes City	OR	Oregon	
city	Durham	OR	Oregon	
city	Eagle Point	OR	Oregon	
city	Echo	OR	Oregon	
city	Elgin	OR	Oregon	
city	Elkton	OR	Oregon	
city	Enterprise	OR	Oregon	
city	Estacada	OR	Oregon	
city	Eugene	OR	Oregon	
city	Fairview	OR	Oregon	
city	Falls City	OR	Oregon	
city	Florence	OR	Oregon	
city	Forest Grove	OR	Oregon	
city	Fossil	OR	Oregon	
city	Garibaldi	OR	Oregon	
city	Gaston	OR	Oregon	
city	Gates	OR	Oregon	
city	Gearhart	OR	Oregon	
city	Gervais	OR	Oregon	
city	Gladstone	OR	Oregon	
city	Glendale	OR	Oregon	
city	Gold Beach	OR	Oregon	
city	Gold Hill	OR	Oregon	
city	Granite	OR	Oregon	
city	Grants Pass	OR	Oregon	
city	Grass Valley	OR	Oregon	
city	Gresham	OR	Oregon	
city	Haines	OR	Oregon	
city	Halfway	OR	Oregon	
city	Halsey	OR	Oregon	
city	Happy Valley	OR	Oregon	
city	Harrisburg	OR	Oregon	
city	Helix	OR	Oregon	
city	Heppner	OR	Oregon	
city	Hermiston	OR	Oregon	
city	Hillsboro	OR	Oregon	
city	Hines	OR	Oregon	
city	Hood River	OR	Oregon	
city	Hubbard	OR	Oregon	
city	Huntington	OR	Oregon	
city	Idanha	OR	Oregon	
city	Imbler	OR	Oregon	
city	Independence	OR	Oregon	
city	Ione	OR	Oregon	
city	Irrigon	OR	Oregon	
city	Island City	OR	Oregon	
city	Jacksonville	OR	Oregon	
city	Jefferson	OR	Oregon	
city	John Day	OR	Oregon	
city	Johnson City	OR	Oregon	
city	Jordan Valley	OR	Oregon	
city	Joseph	OR	Oregon	
city	Junction City	OR	Oregon	
city	Keizer	OR	Oregon	
city	King City	OR	Oregon	
city	Klamath Falls	OR	Oregon	
city	Lafayette	OR	Oregon	
city	La Grande	OR	Oregon	
city	Lake Oswego	OR	Oregon	
city	Lakeside	OR	Oregon	
city	Lakeview	OR	Oregon	
city	La Pine	OR	Oregon	
city	Lebanon	OR	Oregon	
city	Lexington	OR	Oregon	
city	Lincoln City	OR	Oregon	
city	Lonerock	OR	Oregon	
city	Long Creek	OR	Oregon	
city	Lostine	OR	Oregon	
city	Lowell	OR	Oregon	
city	Lyons	OR	Oregon	
city	McMinnville	OR	Oregon	
city	Madras	OR	Oregon	
city	Malin	OR	Oregon	
city	Manzanita	OR	Oregon	
city	Maupin	OR	Oregon	
city	Maywood Park	OR	Oregon	
city	Medford	OR	Oregon	
city	Merrill	OR	Oregon	
city	Metolius	OR	Oregon	
city	Mill City	OR	Oregon	
city	Millersburg	OR	Oregon	
city	Milton-Freewater	OR	Oregon	
city	Milwaukie	OR	Oregon	
city	Mitchell	OR	Oregon	
city	Molalla	OR	Oregon	
city	Monmouth	OR	Oregon	
city	Monroe	OR	Oregon	
city	Monument	OR	Oregon	
city	Moro	OR	Oregon	
city	Mosier	OR	Oregon	
city	Mount Angel	OR	Oregon	
city	Mount Vernon	OR	Oregon	
city	Myrtle Creek	OR	Oregon	
city	Myrtle Point	OR	Oregon	
city	Nehalem	OR	Oregon	
city	Newberg	OR	Oregon	
city	Newport	OR	Oregon	
city	North Bend	OR	Oregon	
city	North Plains	OR	Oregon	
city	North Powder	OR	Oregon	
city	Nyssa	OR	Oregon	
city	Oakland	OR	Oregon	
city	Oakridge	OR	Oregon	
city	Ontario	OR	Oregon	
city	Oregon City	OR	Oregon	
city	Paisley	OR	Oregon	
city	Pendleton	OR	Oregon	
city	Philomath	OR	Oregon	
city	Phoenix	OR	Oregon	
city	Pilot Rock	OR	Oregon	
city	Portland	OR	Oregon	
city	Port Orford	OR	Oregon	
city	Powers	OR	Oregon	
city	Prairie City	OR	Oregon	
city	Prescott	OR	Oregon	
city	Prineville	OR	Oregon	
city	Rainier	OR	Oregon	
city	Redmond	OR	Oregon	
city	Reedsport	OR	Oregon	
city	Richland	OR	Oregon	
city	Riddle	OR	Oregon	
city	Rivergrove	OR	Oregon	
city	Rockaway Beach	OR	Oregon	
city	Rogue River	OR	Oregon	
city	Roseburg	OR	Oregon	
city	Rufus	OR	Oregon	
city	St. Helens	OR	Oregon	
city	St. Paul	OR	Oregon	
city	Salem	OR	Oregon	
city	Sandy	OR	Oregon	
city	Scappoose	OR	Oregon	
city	Scio	OR	Oregon	
city	Scotts Mills	OR	Oregon	
city	Seaside	OR	Oregon	
city	Seneca	OR	Oregon	
city	Shady Cove	OR	Oregon	
city	Shaniko	OR	Oregon	
city	Sheridan	OR	Oregon	
city	Sherwood	OR	Oregon	
city	Siletz	OR	Oregon	
city	Silverton	OR	Oregon	
city	Sisters	OR	Oregon	
city	Sodaville	OR	Oregon	
city	Spray	OR	Oregon	
city	Springfield	OR	Oregon	
city	Stanfield	OR	Oregon	
city	Stayton	OR	Oregon	
city	Sublimity	OR	Oregon	
city	Summerville	OR	Oregon	
city	Sumpter	OR	Oregon	
city	Sutherlin	OR	Oregon	
city	Sweet Home	OR	Oregon	
city	Talent	OR	Oregon	
city	Tangent	OR	Oregon	
city	The Dalles	OR	Oregon	
city	Tigard	OR	Oregon	
city	Tillamook	OR	Oregon	
city	Toledo	OR	Oregon	
city	Troutdale	OR	Oregon	
city	Tualatin	OR	Oregon	
city	Turner	OR	Oregon	
city	Ukiah	OR	Oregon	
city	Umatilla	OR	Oregon	
city	Union	OR	Oregon	
city	Unity	OR	Oregon	
city	Vale	OR	Oregon	
city	Veneta	OR	Oregon	
city	Vernonia	OR	Oregon	
city	Waldport	OR	Oregon	
city	Wallowa	OR	Oregon	
city	Warrenton	OR	Oregon	
city	Wasco	OR	Oregon	
city	Waterloo	OR	Oregon	
city	Westfir	OR	Oregon	
city	West Linn	OR	Oregon	
city	Weston	OR	Oregon	
city	Wheeler	OR	Oregon	
city	Willamina	OR	Oregon	
city	Wilsonville	OR	Oregon	
city	Winston	OR	Oregon	
city	Woodburn	OR	Oregon	
city	Wood Village	OR	Oregon	
city	Yachats	OR	Oregon	
city	Yamhill	OR	Oregon	
city	Yoncalla	OR	Oregon	
city	Abbottstown	PA	Pennsylvania	
city	Adamsburg	PA	Pennsylvania	
city	Adamstown	PA	Pennsylvania	
city	Addison	PA	Pennsylvania	
city	Akron	PA	Pennsylvania	
city	Alba	PA	Pennsylvania	
city	Albion	PA	Pennsylvania	
city	Alburtis	PA	Pennsylvania	
city	Aldan	PA	Pennsylvania	
city	Alexandria	PA	Pennsylvania	
city	Aliquippa	PA	Pennsylvania	
city	Allenport	PA	Pennsylvania	
city	Allentown	PA	Pennsylvania	
city	Altoona	PA	Pennsylvania	
city	Ambler	PA	Pennsylvania	
city	Ambridge	PA	Pennsylvania	
city	Apollo	PA	Pennsylvania	
city	Applewold	PA	Pennsylvania	
city	Archbald	PA	Pennsylvania	
city	Arendtsville	PA	Pennsylvania	
city	Armagh	PA	Pennsylvania	
city	Arnold	PA	Pennsylvania	
city	Arona	PA	Pennsylvania	
city	Ashland	PA	Pennsylvania	
city	Ashley	PA	Pennsylvania	
city	Ashville	PA	Pennsylvania	
city	Aspinwall	PA	Pennsylvania	
city	Atglen	PA	Pennsylvania	
city	Athens	PA	Pennsylvania	
city	Atwood	PA	Pennsylvania	
city	Auburn	PA	Pennsylvania	
city	Austin	PA	Pennsylvania	
city	Avalon	PA	Pennsylvania	
city	Avis	PA	Pennsylvania	
city	Avoca	PA	Pennsylvania	
city	Avondale	PA	Pennsylvania	
city	Avonmore	PA	Pennsylvania	
city	Baden	PA	Pennsylvania	
city	Baldwin	PA	Pennsylvania	
city	Bally	PA	Pennsylvania	
city	Bangor	PA	Pennsylvania	
city	Barkeyville	PA	Pennsylvania	
city	Bath	PA	Pennsylvania	
city	Beallsville	PA	Pennsylvania	
city	Bear Creek Village	PA	Pennsylvania	
city	Bear Lake	PA	Pennsylvania	
city	Beaver	PA	Pennsylvania	
city	Beaver Falls	PA	Pennsylvania	
city	Beaver Meadows	PA	Pennsylvania	
city	Beavertown	PA	Pennsylvania	
city	Bechtelsville	PA	Pennsylvania	
city	Bedford	PA	Pennsylvania	
city	Beech Creek	PA	Pennsylvania	
city	Bell Acres	PA	Pennsylvania	
city	Bellefonte	PA	Pennsylvania	
city	Belle Vernon	PA	Pennsylvania	
city	Bellevue	PA	Pennsylvania	
city	Bellwood	PA	Pennsylvania	
city	Ben Avon	PA	Pennsylvania	
city	Ben Avon Heights	PA	Pennsylvania	
city	Bendersville	PA	Pennsylvania	
city	Benson	PA	Pennsylvania	
city	Bentleyville	PA	Pennsylvania	
city	Benton	PA	Pennsylvania	
city	Berlin	PA	Pennsylvania	
city	Bernville	PA	Pennsylvania	
city	Berrysburg	PA	Pennsylvania	
city	Berwick	PA	Pennsylvania	
city	Bessemer	PA	Pennsylvania	
city	Bethany	PA	Pennsylvania	
city	Bethel Park	PA	Pennsylvania	
city	Bethlehem	PA	Pennsylvania	
city	Big Beaver	PA	Pennsylvania	
city	Biglerville	PA	Pennsylvania	
city	Big Run	PA	Pennsylvania	
city	Birdsboro	PA	Pennsylvania	
city	Birmingham	PA	Pennsylvania	
city	Blain	PA	Pennsylvania	
city	Blairsville	PA	Pennsylvania	
city	Blakely	PA	Pennsylvania	
city	Blawnox	PA	Pennsylvania	
city	Bloomfield	PA	Pennsylvania	
city	Blooming Valley	PA	Pennsylvania	
city	Bloomsburg	PA	Pennsylvania	
city	Blossburg	PA	Pennsylvania	
city	Bolivar	PA	Pennsylvania	
city	Bonneauville	PA	Pennsylvania	
city	Boswell	PA	Pennsylvania	
city	Bowmanstown	PA	Pennsylvania	
city	Boyertown	PA	Pennsylvania	
city	Brackenridge	PA	Pennsylvania	
city	Braddock	PA	Pennsylvania	
city	Braddock Hills	PA	Pennsylvania	
city	Bradford	PA	Pennsylvania	
city	Bradford Woods	PA	Pennsylvania	
city	Brentwood	PA	Pennsylvania	
city	Briar Creek	PA	Pennsylvania	
city	Bridgeport	PA	Pennsylvania	
city	Bridgeville	PA	Pennsylvania	
city	Bridgewater	PA	Pennsylvania	
city	Brisbin	PA	Pennsylvania	
city	Bristol	PA	Pennsylvania	
city	Broad Top City	PA	Pennsylvania	
city	Brockway	PA	Pennsylvania	
city	Brookhaven	PA	Pennsylvania	
city	Brookville	PA	Pennsylvania	
city	Brownstown	PA	Pennsylvania	
city	Brownsville	PA	Pennsylvania	
city	Bruin	PA	Pennsylvania	
city	Bryn Athyn	PA	Pennsylvania	
city	Burgettstown	PA	Pennsylvania	
city	Burlington	PA	Pennsylvania	
city	Burnham	PA	Pennsylvania	
city	Burnside	PA	Pennsylvania	
city	Butler	PA	Pennsylvania	
city	California	PA	Pennsylvania	
city	Callensburg	PA	Pennsylvania	
city	Callery	PA	Pennsylvania	
city	Callimont	PA	Pennsylvania	
city	Cambridge Springs	PA	Pennsylvania	
city	Camp Hill	PA	Pennsylvania	
city	Canonsburg	PA	Pennsylvania	
city	Canton	PA	Pennsylvania	
city	Carbondale	PA	Pennsylvania	
city	Carlisle	PA	Pennsylvania	
city	Carmichaels	PA	Pennsylvania	
city	Carnegie	PA	Pennsylvania	
city	Carrolltown	PA	Pennsylvania	
city	Carroll Valley	PA	Pennsylvania	
city	Cassandra	PA	Pennsylvania	
city	Casselman	PA	Pennsylvania	
city	Cassville	PA	Pennsylvania	
city	Castle Shannon	PA	Pennsylvania	
city	Catasauqua	PA	Pennsylvania	
city	Catawissa	PA	Pennsylvania	
city	Centerport	PA	Pennsylvania	
city	Centerville	PA	Pennsylvania	
city	Central City	PA	Pennsylvania	
city	Centralia	PA	Pennsylvania	
city	Centre Hall	PA	Pennsylvania	
city	Chalfant	PA	Pennsylvania	
city	Chalfont	PA	Pennsylvania	
city	Chambersburg	PA	Pennsylvania	
city	Chapman	PA	Pennsylvania	
city	Charleroi	PA	Pennsylvania	
city	Cherry Tree	PA	Pennsylvania	
city	Cherry Valley	PA	Pennsylvania	
city	Chester	PA	Pennsylvania	
city	Chester Heights	PA	Pennsylvania	
city	Chester Hill	PA	Pennsylvania	
city	Chest Springs	PA	Pennsylvania	
city	Cheswick	PA	Pennsylvania	
city	Chicora	PA	Pennsylvania	
city	Christiana	PA	Pennsylvania	
city	Churchill	PA	Pennsylvania	
city	Clairton	PA	Pennsylvania	
city	Clarendon	PA	Pennsylvania	
city	Clarion	PA	Pennsylvania	
city	Clark	PA	Pennsylvania	
city	Clarks Green	PA	Pennsylvania	
city	Clarks Summit	PA	Pennsylvania	
city	Clarksville	PA	Pennsylvania	
city	Claysville	PA	Pennsylvania	
city	Clearfield	PA	Pennsylvania	
city	Cleona	PA	Pennsylvania	
city	Clifton Heights	PA	Pennsylvania	
city	Clintonville	PA	Pennsylvania	
city	Clymer	PA	Pennsylvania	
city	Coal Center	PA	Pennsylvania	
city	Coaldale	PA	Pennsylvania	
city	Coalmont	PA	Pennsylvania	
city	Coalport	PA	Pennsylvania	
city	Coatesville	PA	Pennsylvania	
city	Cochranton	PA	Pennsylvania	
city	Cokeburg	PA	Pennsylvania	
city	Collegeville	PA	Pennsylvania	
city	Collingdale	PA	Pennsylvania	
city	Columbia	PA	Pennsylvania	
city	Colwyn	PA	Pennsylvania	
city	Confluence	PA	Pennsylvania	
city	Conneaut Lake	PA	Pennsylvania	
city	Conneautville	PA	Pennsylvania	
city	Connellsville	PA	Pennsylvania	
city	Connoquenessing	PA	Pennsylvania	
city	Conshohocken	PA	Pennsylvania	
city	Conway	PA	Pennsylvania	
city	Conyngham	PA	Pennsylvania	
city	Coopersburg	PA	Pennsylvania	
city	Cooperstown	PA	Pennsylvania	
city	Coplay	PA	Pennsylvania	
city	Coraopolis	PA	Pennsylvania	
city	Cornwall	PA	Pennsylvania	
city	Corry	PA	Pennsylvania	
city	Corsica	PA	Pennsylvania	
city	Coudersport	PA	Pennsylvania	
city	Courtdale	PA	Pennsylvania	
city	Crafton	PA	Pennsylvania	
city	Cranesville	PA	Pennsylvania	
city	Creekside	PA	Pennsylvania	
city	Cresson	PA	Pennsylvania	
city	Cressona	PA	Pennsylvania	
city	Cross Roads	PA	Pennsylvania	
city	Curwensville	PA	Pennsylvania	
city	Daisytown	PA	Pennsylvania	
city	Dale	PA	Pennsylvania	
city	Dallas	PA	Pennsylvania	
city	Dallastown	PA	Pennsylvania	
city	Dalton	PA	Pennsylvania	
city	Danville	PA	Pennsylvania	
city	Darby	PA	Pennsylvania	
city	Darlington	PA	Pennsylvania	
city	Dauphin	PA	Pennsylvania	
city	Dawson	PA	Pennsylvania	
city	Dayton	PA	Pennsylvania	
city	Deemston	PA	Pennsylvania	
city	Deer Lake	PA	Pennsylvania	
city	Delaware Water Gap	PA	Pennsylvania	
city	Delmont	PA	Pennsylvania	
city	Delta	PA	Pennsylvania	
city	Denver	PA	Pennsylvania	
city	Derry	PA	Pennsylvania	
city	Dickson City	PA	Pennsylvania	
city	Dillsburg	PA	Pennsylvania	
city	Donegal	PA	Pennsylvania	
city	Donora	PA	Pennsylvania	
city	Dormont	PA	Pennsylvania	
city	Dover	PA	Pennsylvania	
city	Downingtown	PA	Pennsylvania	
city	Doylestown	PA	Pennsylvania	
city	Dravosburg	PA	Pennsylvania	
city	Driftwood	PA	Pennsylvania	
city	Dublin	PA	Pennsylvania	
city	DuBois	PA	Pennsylvania	
city	Duboistown	PA	Pennsylvania	
city	Dudley	PA	Pennsylvania	
city	Dunbar	PA	Pennsylvania	
city	Duncannon	PA	Pennsylvania	
city	Duncansville	PA	Pennsylvania	
city	Dunlevy	PA	Pennsylvania	
city	Dunmore	PA	Pennsylvania	
city	Dupont	PA	Pennsylvania	
city	Duquesne	PA	Pennsylvania	
city	Duryea	PA	Pennsylvania	
city	Dushore	PA	Pennsylvania	
city	Eagles Mere	PA	Pennsylvania	
city	East Bangor	PA	Pennsylvania	
city	East Berlin	PA	Pennsylvania	
city	East Brady	PA	Pennsylvania	
city	East Butler	PA	Pennsylvania	
city	East Conemaugh	PA	Pennsylvania	
city	East Greenville	PA	Pennsylvania	
city	East Lansdowne	PA	Pennsylvania	
city	East McKeesport	PA	Pennsylvania	
city	Easton	PA	Pennsylvania	
city	East Petersburg	PA	Pennsylvania	
city	East Pittsburgh	PA	Pennsylvania	
city	East Prospect	PA	Pennsylvania	
city	East Rochester	PA	Pennsylvania	
city	East Side	PA	Pennsylvania	
city	East Stroudsburg	PA	Pennsylvania	
city	Eastvale	PA	Pennsylvania	
city	East Vandergrift	PA	Pennsylvania	
city	East Washington	PA	Pennsylvania	
city	Eau Claire	PA	Pennsylvania	
city	Ebensburg	PA	Pennsylvania	
city	Economy	PA	Pennsylvania	
city	Eddystone	PA	Pennsylvania	
city	Edgewood	PA	Pennsylvania	
city	Edgeworth	PA	Pennsylvania	
city	Edinboro	PA	Pennsylvania	
city	Edwardsville	PA	Pennsylvania	
city	Ehrenfeld	PA	Pennsylvania	
city	Elco	PA	Pennsylvania	
city	Elderton	PA	Pennsylvania	
city	Eldred	PA	Pennsylvania	
city	Elgin	PA	Pennsylvania	
city	Elizabeth	PA	Pennsylvania	
city	Elizabethtown	PA	Pennsylvania	
city	Elizabethville	PA	Pennsylvania	
city	Elkland	PA	Pennsylvania	
city	Ellport	PA	Pennsylvania	
city	Ellsworth	PA	Pennsylvania	
city	Ellwood City	PA	Pennsylvania	
city	Elverson	PA	Pennsylvania	
city	Emlenton	PA	Pennsylvania	
city	Emmaus	PA	Pennsylvania	
city	Emporium	PA	Pennsylvania	
city	Emsworth	PA	Pennsylvania	
city	Enon Valley	PA	Pennsylvania	
city	Ephrata	PA	Pennsylvania	
city	Erie	PA	Pennsylvania	
city	Ernest	PA	Pennsylvania	
city	Etna	PA	Pennsylvania	
city	Evans City	PA	Pennsylvania	
city	Everett	PA	Pennsylvania	
city	Everson	PA	Pennsylvania	
city	Exeter	PA	Pennsylvania	
city	Export	PA	Pennsylvania	
city	Factoryville	PA	Pennsylvania	
city	Fairchance	PA	Pennsylvania	
city	Fairfield	PA	Pennsylvania	
city	Fairview	PA	Pennsylvania	
city	Falls Creek	PA	Pennsylvania	
city	Fallston	PA	Pennsylvania	
city	Farrell	PA	Pennsylvania	
city	Fawn Grove	PA	Pennsylvania	
city	Fayette City	PA	Pennsylvania	
city	Felton	PA	Pennsylvania	
city	Ferndale	PA	Pennsylvania	
city	Finleyville	PA	Pennsylvania	
city	Fleetwood	PA	Pennsylvania	
city	Flemington	PA	Pennsylvania	
city	Folcroft	PA	Pennsylvania	
city	Ford City	PA	Pennsylvania	
city	Ford Cliff	PA	Pennsylvania	
city	Forest City	PA	Pennsylvania	
city	Forest Hills	PA	Pennsylvania	
city	Forksville	PA	Pennsylvania	
city	Forty Fort	PA	Pennsylvania	
city	Fountain Hill	PA	Pennsylvania	
city	Foxburg	PA	Pennsylvania	
city	Fox Chapel	PA	Pennsylvania	
city	Frackville	PA	Pennsylvania	
city	Frankfort Springs	PA	Pennsylvania	
city	Franklin	PA	Pennsylvania	
city	Franklin Park	PA	Pennsylvania	
city	Franklintown	PA	Pennsylvania	
city	Fredonia	PA	Pennsylvania	
city	Freeburg	PA	Pennsylvania	
city	Freedom	PA	Pennsylvania	
city	Freeland	PA	Pennsylvania	
city	Freemansburg	PA	Pennsylvania	
city	Freeport	PA	Pennsylvania	
city	Friendsville	PA	Pennsylvania	
city	Galeton	PA	Pennsylvania	
city	Gallitzin	PA	Pennsylvania	
city	Garrett	PA	Pennsylvania	
city	Geistown	PA	Pennsylvania	
city	Georgetown	PA	Pennsylvania	
city	Gettysburg	PA	Pennsylvania	
city	Gilberton	PA	Pennsylvania	
city	Girard	PA	Pennsylvania	
city	Girardville	PA	Pennsylvania	
city	Glasgow	PA	Pennsylvania	
city	Glassport	PA	Pennsylvania	
city	Glen Campbell	PA	Pennsylvania	
city	Glendon	PA	Pennsylvania	
city	Glenfield	PA	Pennsylvania	
city	Glen Hope	PA	Pennsylvania	
city	Glenolden	PA	Pennsylvania	
city	Glen Osborne	PA	Pennsylvania	
city	Glen Rock	PA	Pennsylvania	
city	Goldsboro	PA	Pennsylvania	
city	Gordon	PA	Pennsylvania	
city	Grampian	PA	Pennsylvania	
city	Gratz	PA	Pennsylvania	
city	Great Bend	PA	Pennsylvania	
city	Greencastle	PA	Pennsylvania	
city	Green Hills	PA	Pennsylvania	
city	Green Lane	PA	Pennsylvania	
city	Greensboro	PA	Pennsylvania	
city	Greensburg	PA	Pennsylvania	
city	Green Tree	PA	Pennsylvania	
city	Greenville	PA	Pennsylvania	
city	Grove City	PA	Pennsylvania	
city	Halifax	PA	Pennsylvania	
city	Hallam	PA	Pennsylvania	
city	Hallstead	PA	Pennsylvania	
city	Hamburg	PA	Pennsylvania	
city	Hanover	PA	Pennsylvania	
city	Harmony	PA	Pennsylvania	
city	Harrisburg	PA	Pennsylvania	
city	Harrisville	PA	Pennsylvania	
city	Hartleton	PA	Pennsylvania	
city	Harveys Lake	PA	Pennsylvania	
city	Hastings	PA	Pennsylvania	
city	Hatboro	PA	Pennsylvania	
city	Hatfield	PA	Pennsylvania	
city	Hawley	PA	Pennsylvania	
city	Hawthorn	PA	Pennsylvania	
city	Haysville	PA	Pennsylvania	
city	Hazleton	PA	Pennsylvania	
city	Heidelberg	PA	Pennsylvania	
city	Hellertown	PA	Pennsylvania	
city	Hermitage	PA	Pennsylvania	
city	Herndon	PA	Pennsylvania	
city	Highspire	PA	Pennsylvania	
city	Hollidaysburg	PA	Pennsylvania	
city	Homer City	PA	Pennsylvania	
city	Homestead	PA	Pennsylvania	
city	Homewood	PA	Pennsylvania	
city	Honesdale	PA	Pennsylvania	
city	Honey Brook	PA	Pennsylvania	
city	Hookstown	PA	Pennsylvania	
city	Hooversville	PA	Pennsylvania	
city	Hop Bottom	PA	Pennsylvania	
city	Hopewell	PA	Pennsylvania	
city	Houston	PA	Pennsylvania	
city	Houtzdale	PA	Pennsylvania	
city	Howard	PA	Pennsylvania	
city	Hughestown	PA	Pennsylvania	
city	Hughesville	PA	Pennsylvania	
city	Hulmeville	PA	Pennsylvania	
city	Hummelstown	PA	Pennsylvania	
city	Hunker	PA	Pennsylvania	
city	Huntingdon	PA	Pennsylvania	
city	Hyde Park	PA	Pennsylvania	
city	Hydetown	PA	Pennsylvania	
city	Hyndman	PA	Pennsylvania	
city	Indiana	PA	Pennsylvania	
city	Indian Lake	PA	Pennsylvania	
city	Industry	PA	Pennsylvania	
city	Ingram	PA	Pennsylvania	
city	Irvona	PA	Pennsylvania	
city	Irwin	PA	Pennsylvania	
city	Ivyland	PA	Pennsylvania	
city	Jackson Center	PA	Pennsylvania	
city	Jacobus	PA	Pennsylvania	
city	Jamestown	PA	Pennsylvania	
city	Jeannette	PA	Pennsylvania	
city	Jeddo	PA	Pennsylvania	
city	Jefferson	PA	Pennsylvania	
city	Jefferson Hills	PA	Pennsylvania	
city	Jenkintown	PA	Pennsylvania	
city	Jennerstown	PA	Pennsylvania	
city	Jermyn	PA	Pennsylvania	
city	Jersey Shore	PA	Pennsylvania	
city	Jessup	PA	Pennsylvania	
city	Jim Thorpe	PA	Pennsylvania	
city	Johnsonburg	PA	Pennsylvania	
city	Johnstown	PA	Pennsylvania	
city	Jonestown	PA	Pennsylvania	
city	Juniata Terrace	PA	Pennsylvania	
city	Kane	PA	Pennsylvania	
city	Karns City	PA	Pennsylvania	
city	Kenhorst	PA	Pennsylvania	
city	Kennett Square	PA	Pennsylvania	
city	Kingston	PA	Pennsylvania	
city	Kistler	PA	Pennsylvania	
city	Kittanning	PA	Pennsylvania	
city	Knox	PA	Pennsylvania	
city	Knoxville	PA	Pennsylvania	
city	Koppel	PA	Pennsylvania	
city	Kulpmont	PA	Pennsylvania	
city	Kutztown	PA	Pennsylvania	
city	Laceyville	PA	Pennsylvania	
city	Laflin	PA	Pennsylvania	
city	Lake City	PA	Pennsylvania	
city	Lancaster	PA	Pennsylvania	
city	Landingville	PA	Pennsylvania	
city	Landisburg	PA	Pennsylvania	
city	Lanesboro	PA	Pennsylvania	
city	Langhorne	PA	Pennsylvania	
city	Langhorne Manor	PA	Pennsylvania	
city	Lansdale	PA	Pennsylvania	
city	Lansdowne	PA	Pennsylvania	
city	Lansford	PA	Pennsylvania	
city	Laporte	PA	Pennsylvania	
city	Larksville	PA	Pennsylvania	
city	Latrobe	PA	Pennsylvania	
city	Laureldale	PA	Pennsylvania	
city	Laurel Mountain	PA	Pennsylvania	
city	Laurel Run	PA	Pennsylvania	
city	Lawrenceville	PA	Pennsylvania	
city	Lebanon	PA	Pennsylvania	
city	Leechburg	PA	Pennsylvania	
city	Leesport	PA	Pennsylvania	
city	Leetsdale	PA	Pennsylvania	
city	Lehighton	PA	Pennsylvania	
city	Lemoyne	PA	Pennsylvania	
city	Lenhartsville	PA	Pennsylvania	
city	LeRaysville	PA	Pennsylvania	
city	Lewisberry	PA	Pennsylvania	
city	Lewisburg	PA	Pennsylvania	
city	Lewis Run	PA	Pennsylvania	
city	Lewistown	PA	Pennsylvania	
city	Liberty	PA	Pennsylvania	
city	Ligonier	PA	Pennsylvania	
city	Lilly	PA	Pennsylvania	
city	Lincoln	PA	Pennsylvania	
city	Linesville	PA	Pennsylvania	
city	Lititz	PA	Pennsylvania	
city	Little Meadows	PA	Pennsylvania	
city	Littlestown	PA	Pennsylvania	
city	Liverpool	PA	Pennsylvania	
city	Lock Haven	PA	Pennsylvania	
city	Loganton	PA	Pennsylvania	
city	Loganville	PA	Pennsylvania	
city	Long Branch	PA	Pennsylvania	
city	Lorain	PA	Pennsylvania	
city	Loretto	PA	Pennsylvania	
city	Lower Burrell	PA	Pennsylvania	
city	Luzerne	PA	Pennsylvania	
city	Lykens	PA	Pennsylvania	
city	Lyons	PA	Pennsylvania	
city	McAdoo	PA	Pennsylvania	
city	McClure	PA	Pennsylvania	
city	McConnellsburg	PA	Pennsylvania	
city	McDonald	PA	Pennsylvania	
city	McEwensville	PA	Pennsylvania	
city	McKean	PA	Pennsylvania	
city	McKeesport	PA	Pennsylvania	
city	McKees Rocks	PA	Pennsylvania	
city	McSherrystown	PA	Pennsylvania	
city	Macungie	PA	Pennsylvania	
city	McVeytown	PA	Pennsylvania	
city	Madison	PA	Pennsylvania	
city	Mahaffey	PA	Pennsylvania	
city	Mahanoy City	PA	Pennsylvania	
city	Malvern	PA	Pennsylvania	
city	Manchester	PA	Pennsylvania	
city	Manheim	PA	Pennsylvania	
city	Manns Choice	PA	Pennsylvania	
city	Manor	PA	Pennsylvania	
city	Manorville	PA	Pennsylvania	
city	Mansfield	PA	Pennsylvania	
city	Mapleton	PA	Pennsylvania	
city	Marcus Hook	PA	Pennsylvania	
city	Marianna	PA	Pennsylvania	
city	Marietta	PA	Pennsylvania	
city	Marion Center	PA	Pennsylvania	
city	Marion Heights	PA	Pennsylvania	
city	Marklesburg	PA	Pennsylvania	
city	Markleysburg	PA	Pennsylvania	
city	Mars	PA	Pennsylvania	
city	Martinsburg	PA	Pennsylvania	
city	Marysville	PA	Pennsylvania	
city	Masontown	PA	Pennsylvania	
city	Matamoras	PA	Pennsylvania	
city	Mayfield	PA	Pennsylvania	
city	Meadville	PA	Pennsylvania	
city	Mechanicsburg	PA	Pennsylvania	
city	Mechanicsville	PA	Pennsylvania	
city	Media	PA	Pennsylvania	
city	Mercer	PA	Pennsylvania	
city	Mercersburg	PA	Pennsylvania	
city	Meshoppen	PA	Pennsylvania	
city	Meyersdale	PA	Pennsylvania	
city	Middleburg	PA	Pennsylvania	
city	Middleport	PA	Pennsylvania	
city	Middletown	PA	Pennsylvania	
city	Midland	PA	Pennsylvania	
city	Midway	PA	Pennsylvania	
city	Mifflin	PA	Pennsylvania	
city	Mifflinburg	PA	Pennsylvania	
city	Mifflintown	PA	Pennsylvania	
city	Milesburg	PA	Pennsylvania	
city	Milford	PA	Pennsylvania	
city	Millbourne	PA	Pennsylvania	
city	Mill Creek	PA	Pennsylvania	
city	Millersburg	PA	Pennsylvania	
city	Millerstown	PA	Pennsylvania	
city	Millersville	PA	Pennsylvania	
city	Mill Hall	PA	Pennsylvania	
city	Millheim	PA	Pennsylvania	
city	Millvale	PA	Pennsylvania	
city	Mill Village	PA	Pennsylvania	
city	Millville	PA	Pennsylvania	
city	Milton	PA	Pennsylvania	
city	Minersville	PA	Pennsylvania	
city	Modena	PA	Pennsylvania	
city	Mohnton	PA	Pennsylvania	
city	Monaca	PA	Pennsylvania	
city	Monessen	PA	Pennsylvania	
city	Monongahela	PA	Pennsylvania	
city	Monroe	PA	Pennsylvania	
city	Monroeville	PA	Pennsylvania	
city	Mont Alto	PA	Pennsylvania	
city	Montgomery	PA	Pennsylvania	
city	Montoursville	PA	Pennsylvania	
city	Montrose	PA	Pennsylvania	
city	Moosic	PA	Pennsylvania	
city	Morrisville	PA	Pennsylvania	
city	Morton	PA	Pennsylvania	
city	Moscow	PA	Pennsylvania	
city	Mount Carbon	PA	Pennsylvania	
city	Mount Carmel	PA	Pennsylvania	
city	Mount Gretna	PA	Pennsylvania	
city	Mount Holly Springs	PA	Pennsylvania	
city	Mount Jewett	PA	Pennsylvania	
city	Mount Joy	PA	Pennsylvania	
city	Mount Oliver	PA	Pennsylvania	
city	Mount Penn	PA	Pennsylvania	
city	Mount Pleasant	PA	Pennsylvania	
city	Mount Pocono	PA	Pennsylvania	
city	Mount Union	PA	Pennsylvania	
city	Mountville	PA	Pennsylvania	
city	Mount Wolf	PA	Pennsylvania	
city	Muncy	PA	Pennsylvania	
city	Munhall	PA	Pennsylvania	
city	Murrysville	PA	Pennsylvania	
city	Myerstown	PA	Pennsylvania	
city	Nanticoke	PA	Pennsylvania	
city	Nanty-Glo	PA	Pennsylvania	
city	Narberth	PA	Pennsylvania	
city	Nazareth	PA	Pennsylvania	
city	Nescopeck	PA	Pennsylvania	
city	Nesquehoning	PA	Pennsylvania	
city	New Albany	PA	Pennsylvania	
city	New Alexandria	PA	Pennsylvania	
city	New Baltimore	PA	Pennsylvania	
city	New Beaver	PA	Pennsylvania	
city	New Berlin	PA	Pennsylvania	
city	New Bethlehem	PA	Pennsylvania	
city	New Brighton	PA	Pennsylvania	
city	New Britain	PA	Pennsylvania	
city	New Buffalo	PA	Pennsylvania	
city	Newburg	PA	Pennsylvania	
city	New Castle	PA	Pennsylvania	
city	New Centerville	PA	Pennsylvania	
city	New Columbus	PA	Pennsylvania	
city	New Cumberland	PA	Pennsylvania	
city	New Eagle	PA	Pennsylvania	
city	Newell	PA	Pennsylvania	
city	New Florence	PA	Pennsylvania	
city	New Freedom	PA	Pennsylvania	
city	New Galilee	PA	Pennsylvania	
city	New Holland	PA	Pennsylvania	
city	New Hope	PA	Pennsylvania	
city	New Kensington	PA	Pennsylvania	
city	New Lebanon	PA	Pennsylvania	
city	New Milford	PA	Pennsylvania	
city	New Morgan	PA	Pennsylvania	
city	New Oxford	PA	Pennsylvania	
city	New Paris	PA	Pennsylvania	
city	New Philadelphia	PA	Pennsylvania	
city	Newport	PA	Pennsylvania	
city	New Ringgold	PA	Pennsylvania	
city	Newry	PA	Pennsylvania	
city	New Salem	PA	Pennsylvania	
city	New Stanton	PA	Pennsylvania	
city	Newton Hamilton	PA	Pennsylvania	
city	Newtown	PA	Pennsylvania	
city	Newville	PA	Pennsylvania	
city	New Washington	PA	Pennsylvania	
city	New Wilmington	PA	Pennsylvania	
city	Nicholson	PA	Pennsylvania	
city	Norristown	PA	Pennsylvania	
city	Northampton	PA	Pennsylvania	
city	North Apollo	PA	Pennsylvania	
city	North Belle Vernon	PA	Pennsylvania	
city	North Braddock	PA	Pennsylvania	
city	North Catasauqua	PA	Pennsylvania	
city	North Charleroi	PA	Pennsylvania	
city	North East	PA	Pennsylvania	
city	Northern Cambria	PA	Pennsylvania	
city	North Irwin	PA	Pennsylvania	
city	Northumberland	PA	Pennsylvania	
city	North Wales	PA	Pennsylvania	
city	North York	PA	Pennsylvania	
city	Norwood	PA	Pennsylvania	
city	Nuangola	PA	Pennsylvania	
city	Oakdale	PA	Pennsylvania	
city	Oakland	PA	Pennsylvania	
city	Oakmont	PA	Pennsylvania	
city	Ohiopyle	PA	Pennsylvania	
city	Ohioville	PA	Pennsylvania	
city	Oil City	PA	Pennsylvania	
city	Oklahoma	PA	Pennsylvania	
city	Old Forge	PA	Pennsylvania	
city	Olyphant	PA	Pennsylvania	
city	Orangeville	PA	Pennsylvania	
city	Orbisonia	PA	Pennsylvania	
city	Orrstown	PA	Pennsylvania	
city	Orwigsburg	PA	Pennsylvania	
city	Osceola Mills	PA	Pennsylvania	
city	Oswayo	PA	Pennsylvania	
city	Oxford	PA	Pennsylvania	
city	Paint	PA	Pennsylvania	
city	Palmerton	PA	Pennsylvania	
city	Palmyra	PA	Pennsylvania	
city	Palo Alto	PA	Pennsylvania	
city	Parker	PA	Pennsylvania	
city	Parkesburg	PA	Pennsylvania	
city	Parkside	PA	Pennsylvania	
city	Parryville	PA	Pennsylvania	
city	Patterson Heights	PA	Pennsylvania	
city	Patton	PA	Pennsylvania	
city	Paxtang	PA	Pennsylvania	
city	Pen Argyl	PA	Pennsylvania	
city	Penbrook	PA	Pennsylvania	
city	Penn	PA	Pennsylvania	
city	Penndel	PA	Pennsylvania	
city	Penn Lake Park	PA	Pennsylvania	
city	Pennsburg	PA	Pennsylvania	
city	Pennsbury Village	PA	Pennsylvania	
city	Perkasie	PA	Pennsylvania	
city	Perryopolis	PA	Pennsylvania	
city	Petersburg	PA	Pennsylvania	
city	Petrolia	PA	Pennsylvania	
city	Philadelphia	PA	Pennsylvania	
city	Philipsburg	PA	Pennsylvania	
city	Phoenixville	PA	Pennsylvania	
city	Picture Rocks	PA	Pennsylvania	
city	Pillow	PA	Pennsylvania	
city	Pine Grove	PA	Pennsylvania	
city	Pitcairn	PA	Pennsylvania	
city	Pittsburgh	PA	Pennsylvania	
city	Pittston	PA	Pennsylvania	
city	Platea	PA	Pennsylvania	
city	Pleasant Hills	PA	Pennsylvania	
city	Pleasantville	PA	Pennsylvania	
city	Plum	PA	Pennsylvania	
city	Plumville	PA	Pennsylvania	
city	Plymouth	PA	Pennsylvania	
city	Point Marion	PA	Pennsylvania	
city	Polk	PA	Pennsylvania	
city	Portage	PA	Pennsylvania	
city	Port Allegany	PA	Pennsylvania	
city	Port Carbon	PA	Pennsylvania	
city	Port Clinton	PA	Pennsylvania	
city	Portersville	PA	Pennsylvania	
city	Portland	PA	Pennsylvania	
city	Port Matilda	PA	Pennsylvania	
city	Port Royal	PA	Pennsylvania	
city	Port Vue	PA	Pennsylvania	
city	Pottstown	PA	Pennsylvania	
city	Pottsville	PA	Pennsylvania	
city	Pringle	PA	Pennsylvania	
city	Prompton	PA	Pennsylvania	
city	Prospect	PA	Pennsylvania	
city	Prospect Park	PA	Pennsylvania	
city	Punxsutawney	PA	Pennsylvania	
city	Quakertown	PA	Pennsylvania	
city	Quarryville	PA	Pennsylvania	
city	Railroad	PA	Pennsylvania	
city	Rainsburg	PA	Pennsylvania	
city	Ramey	PA	Pennsylvania	
city	Rankin	PA	Pennsylvania	
city	Reading	PA	Pennsylvania	
city	Red Hill	PA	Pennsylvania	
city	Red Lion	PA	Pennsylvania	
city	Renovo	PA	Pennsylvania	
city	Reynoldsville	PA	Pennsylvania	
city	Rices Landing	PA	Pennsylvania	
city	Richland	PA	Pennsylvania	
city	Richlandtown	PA	Pennsylvania	
city	Ridgway	PA	Pennsylvania	
city	Ridley Park	PA	Pennsylvania	
city	Riegelsville	PA	Pennsylvania	
city	Rimersburg	PA	Pennsylvania	
city	Ringtown	PA	Pennsylvania	
city	Riverside	PA	Pennsylvania	
city	Roaring Spring	PA	Pennsylvania	
city	Robesonia	PA	Pennsylvania	
city	Rochester	PA	Pennsylvania	
city	Rockhill	PA	Pennsylvania	
city	Rockledge	PA	Pennsylvania	
city	Rockwood	PA	Pennsylvania	
city	Rome	PA	Pennsylvania	
city	Roscoe	PA	Pennsylvania	
city	Roseto	PA	Pennsylvania	
city	Rose Valley	PA	Pennsylvania	
city	Roseville	PA	Pennsylvania	
city	Rosslyn Farms	PA	Pennsylvania	
city	Rouseville	PA	Pennsylvania	
city	Royalton	PA	Pennsylvania	
city	Royersford	PA	Pennsylvania	
city	Rural Valley	PA	Pennsylvania	
city	Rutledge	PA	Pennsylvania	
city	Saegertown	PA	Pennsylvania	
city	St. Clair	PA	Pennsylvania	
city	St. Clairsville	PA	Pennsylvania	
city	St. Lawrence	PA	Pennsylvania	
city	St. Marys	PA	Pennsylvania	
city	St. Petersburg	PA	Pennsylvania	
city	Salisbury	PA	Pennsylvania	
city	Salladasburg	PA	Pennsylvania	
city	Saltillo	PA	Pennsylvania	
city	Saltsburg	PA	Pennsylvania	
city	Sandy Lake	PA	Pennsylvania	
city	Sankertown	PA	Pennsylvania	
city	Saxonburg	PA	Pennsylvania	
city	Saxton	PA	Pennsylvania	
city	Sayre	PA	Pennsylvania	
city	Scalp Level	PA	Pennsylvania	
city	Schellsburg	PA	Pennsylvania	
city	Schuylkill Haven	PA	Pennsylvania	
city	Schwenksville	PA	Pennsylvania	
city	Scottdale	PA	Pennsylvania	
city	Scranton	PA	Pennsylvania	
city	Selinsgrove	PA	Pennsylvania	
city	Sellersville	PA	Pennsylvania	
city	Seven Fields	PA	Pennsylvania	
city	Seven Springs	PA	Pennsylvania	
city	Seven Valleys	PA	Pennsylvania	
city	Seward	PA	Pennsylvania	
city	Sewickley	PA	Pennsylvania	
city	Sewickley Heights	PA	Pennsylvania	
city	Sewickley Hills	PA	Pennsylvania	
city	Shade Gap	PA	Pennsylvania	
city	Shamokin	PA	Pennsylvania	
city	Shamokin Dam	PA	Pennsylvania	
city	Shanksville	PA	Pennsylvania	
city	Sharon	PA	Pennsylvania	
city	Sharon Hill	PA	Pennsylvania	
city	Sharpsburg	PA	Pennsylvania	
city	Sharpsville	PA	Pennsylvania	
city	Sheakleyville	PA	Pennsylvania	
city	Shelocta	PA	Pennsylvania	
city	Shenandoah	PA	Pennsylvania	
city	Shickshinny	PA	Pennsylvania	
city	Shillington	PA	Pennsylvania	
city	Shinglehouse	PA	Pennsylvania	
city	Shippensburg	PA	Pennsylvania	
city	Shippenville	PA	Pennsylvania	
city	Shippingport	PA	Pennsylvania	
city	Shiremanstown	PA	Pennsylvania	
city	Shirleysburg	PA	Pennsylvania	
city	Shoemakersville	PA	Pennsylvania	
city	Shrewsbury	PA	Pennsylvania	
city	Silverdale	PA	Pennsylvania	
city	Sinking Spring	PA	Pennsylvania	
city	Slatington	PA	Pennsylvania	
city	Sligo	PA	Pennsylvania	
city	Slippery Rock	PA	Pennsylvania	
city	Smethport	PA	Pennsylvania	
city	Smicksburg	PA	Pennsylvania	
city	Smithfield	PA	Pennsylvania	
city	Smithton	PA	Pennsylvania	
city	Snow Shoe	PA	Pennsylvania	
city	S.N.P.J.	PA	Pennsylvania	
city	Snydertown	PA	Pennsylvania	
city	Somerset	PA	Pennsylvania	
city	Souderton	PA	Pennsylvania	
city	South Bethlehem	PA	Pennsylvania	
city	South Coatesville	PA	Pennsylvania	
city	South Connellsville	PA	Pennsylvania	
city	South Fork	PA	Pennsylvania	
city	South Greensburg	PA	Pennsylvania	
city	South Heights	PA	Pennsylvania	
city	Southmont	PA	Pennsylvania	
city	South New Castle	PA	Pennsylvania	
city	South Renovo	PA	Pennsylvania	
city	South Waverly	PA	Pennsylvania	
city	Southwest Greensburg	PA	Pennsylvania	
city	South Williamsport	PA	Pennsylvania	
city	Spartansburg	PA	Pennsylvania	
city	Speers	PA	Pennsylvania	
city	Springboro	PA	Pennsylvania	
city	Spring City	PA	Pennsylvania	
city	Springdale	PA	Pennsylvania	
city	Spring Grove	PA	Pennsylvania	
city	Starrucca	PA	Pennsylvania	
city	State College	PA	Pennsylvania	
city	Steelton	PA	Pennsylvania	
city	Stewartstown	PA	Pennsylvania	
city	Stillwater	PA	Pennsylvania	
city	Stockdale	PA	Pennsylvania	
city	Stockertown	PA	Pennsylvania	
city	Stoneboro	PA	Pennsylvania	
city	Stoystown	PA	Pennsylvania	
city	Strasburg	PA	Pennsylvania	
city	Strattanville	PA	Pennsylvania	
city	Stroudsburg	PA	Pennsylvania	
city	Sugarcreek	PA	Pennsylvania	
city	Sugar Grove	PA	Pennsylvania	
city	Sugar Notch	PA	Pennsylvania	
city	Summerhill	PA	Pennsylvania	
city	Summerville	PA	Pennsylvania	
city	Summit Hill	PA	Pennsylvania	
city	Sunbury	PA	Pennsylvania	
city	Susquehanna Depot	PA	Pennsylvania	
city	Sutersville	PA	Pennsylvania	
city	Swarthmore	PA	Pennsylvania	
city	Swissvale	PA	Pennsylvania	
city	Swoyersville	PA	Pennsylvania	
city	Sykesville	PA	Pennsylvania	
city	Sylvania	PA	Pennsylvania	
city	Tamaqua	PA	Pennsylvania	
city	Tarentum	PA	Pennsylvania	
city	Tatamy	PA	Pennsylvania	
city	Taylor	PA	Pennsylvania	
city	Telford	PA	Pennsylvania	
city	Terre Hill	PA	Pennsylvania	
city	Thompson	PA	Pennsylvania	
city	Thompsontown	PA	Pennsylvania	
city	Thornburg	PA	Pennsylvania	
city	Three Springs	PA	Pennsylvania	
city	Throop	PA	Pennsylvania	
city	Tidioute	PA	Pennsylvania	
city	Timblin	PA	Pennsylvania	
city	Tioga	PA	Pennsylvania	
city	Tionesta	PA	Pennsylvania	
city	Titusville	PA	Pennsylvania	
city	Topton	PA	Pennsylvania	
city	Towanda	PA	Pennsylvania	
city	Tower City	PA	Pennsylvania	
city	Townville	PA	Pennsylvania	
city	Trafford	PA	Pennsylvania	
city	Trainer	PA	Pennsylvania	
city	Trappe	PA	Pennsylvania	
city	Tremont	PA	Pennsylvania	
city	Troutville	PA	Pennsylvania	
city	Troy	PA	Pennsylvania	
city	Trumbauersville	PA	Pennsylvania	
city	Tullytown	PA	Pennsylvania	
city	Tunkhannock	PA	Pennsylvania	
city	Tunnelhill	PA	Pennsylvania	
city	Turbotville	PA	Pennsylvania	
city	Turtle Creek	PA	Pennsylvania	
city	Twilight	PA	Pennsylvania	
city	Tyrone	PA	Pennsylvania	
city	Ulysses	PA	Pennsylvania	
city	Union City	PA	Pennsylvania	
city	Union Dale	PA	Pennsylvania	
city	Uniontown	PA	Pennsylvania	
city	Unionville	PA	Pennsylvania	
city	Upland	PA	Pennsylvania	
city	Ursina	PA	Pennsylvania	
city	Utica	PA	Pennsylvania	
city	Valencia	PA	Pennsylvania	
city	Valley-Hi	PA	Pennsylvania	
city	Vanderbilt	PA	Pennsylvania	
city	Vandergrift	PA	Pennsylvania	
city	Vandling	PA	Pennsylvania	
city	Venango	PA	Pennsylvania	
city	Verona	PA	Pennsylvania	
city	Versailles	PA	Pennsylvania	
city	Vintondale	PA	Pennsylvania	
city	Volant	PA	Pennsylvania	
city	Wall	PA	Pennsylvania	
city	Wallaceton	PA	Pennsylvania	
city	Walnutport	PA	Pennsylvania	
city	Wampum	PA	Pennsylvania	
city	Warren	PA	Pennsylvania	
city	Warrior Run	PA	Pennsylvania	
city	Washington	PA	Pennsylvania	
city	Washingtonville	PA	Pennsylvania	
city	Waterford	PA	Pennsylvania	
city	Watsontown	PA	Pennsylvania	
city	Wattsburg	PA	Pennsylvania	
city	Waymart	PA	Pennsylvania	
city	Waynesboro	PA	Pennsylvania	
city	Waynesburg	PA	Pennsylvania	
city	Weatherly	PA	Pennsylvania	
city	Weissport	PA	Pennsylvania	
city	Wellersburg	PA	Pennsylvania	
city	Wellsboro	PA	Pennsylvania	
city	Wellsville	PA	Pennsylvania	
city	Wernersville	PA	Pennsylvania	
city	Wesleyville	PA	Pennsylvania	
city	West Brownsville	PA	Pennsylvania	
city	West Chester	PA	Pennsylvania	
city	West Conshohocken	PA	Pennsylvania	
city	West Easton	PA	Pennsylvania	
city	West Elizabeth	PA	Pennsylvania	
city	Westfield	PA	Pennsylvania	
city	West Grove	PA	Pennsylvania	
city	West Hazleton	PA	Pennsylvania	
city	West Homestead	PA	Pennsylvania	
city	West Kittanning	PA	Pennsylvania	
city	West Leechburg	PA	Pennsylvania	
city	West Liberty	PA	Pennsylvania	
city	West Mayfield	PA	Pennsylvania	
city	West Middlesex	PA	Pennsylvania	
city	West Middletown	PA	Pennsylvania	
city	West Mifflin	PA	Pennsylvania	
city	Westmont	PA	Pennsylvania	
city	West Newton	PA	Pennsylvania	
city	Westover	PA	Pennsylvania	
city	West Pittston	PA	Pennsylvania	
city	West Reading	PA	Pennsylvania	
city	West Sunbury	PA	Pennsylvania	
city	West View	PA	Pennsylvania	
city	West Wyoming	PA	Pennsylvania	
city	West York	PA	Pennsylvania	
city	Wheatland	PA	Pennsylvania	
city	Whitaker	PA	Pennsylvania	
city	Whitehall	PA	Pennsylvania	
city	White Haven	PA	Pennsylvania	
city	White Oak	PA	Pennsylvania	
city	Wilkes-Barre	PA	Pennsylvania	
city	Wilkinsburg	PA	Pennsylvania	
city	Williamsburg	PA	Pennsylvania	
city	Williamsport	PA	Pennsylvania	
city	Williamstown	PA	Pennsylvania	
city	Wilmerding	PA	Pennsylvania	
city	Wilmore	PA	Pennsylvania	
city	Wilson	PA	Pennsylvania	
city	Windber	PA	Pennsylvania	
city	Wind Gap	PA	Pennsylvania	
city	Windsor	PA	Pennsylvania	
city	Winterstown	PA	Pennsylvania	
city	Womelsdorf	PA	Pennsylvania	
city	Woodbury	PA	Pennsylvania	
city	Woodcock	PA	Pennsylvania	
city	Wormleysburg	PA	Pennsylvania	
city	Worthington	PA	Pennsylvania	
city	Worthville	PA	Pennsylvania	
city	Wrightsville	PA	Pennsylvania	
city	Wyalusing	PA	Pennsylvania	
city	Wyoming	PA	Pennsylvania	
city	Wyomissing	PA	Pennsylvania	
city	Yardley	PA	Pennsylvania	
city	Yatesville	PA	Pennsylvania	
city	Yeadon	PA	Pennsylvania	
city	Yoe	PA	Pennsylvania	
city	York	PA	Pennsylvania	
city	Yorkana	PA	Pennsylvania	
city	York Haven	PA	Pennsylvania	
city	York Springs	PA	Pennsylvania	
city	Youngstown	PA	Pennsylvania	
city	Youngsville	PA	Pennsylvania	
city	Youngwood	PA	Pennsylvania	
city	Zelienople	PA	Pennsylvania	
city	Central Falls	RI	Rhode Island	
city	Cranston	RI	Rhode Island	
city	East Providence	RI	Rhode Island	
city	Newport	RI	Rhode Island	
city	Pawtucket	RI	Rhode Island	
city	Providence	RI	Rhode Island	
city	Warwick	RI	Rhode Island	
city	Woonsocket	RI	Rhode Island	
city	Abbeville	SC	South Carolina	
city	Aiken	SC	South Carolina	
city	Allendale	SC	South Carolina	
city	Anderson	SC	South Carolina	
city	Andrews	SC	South Carolina	
city	Arcadia Lakes	SC	South Carolina	
city	Atlantic Beach	SC	South Carolina	
city	Awendaw	SC	South Carolina	
city	Aynor	SC	South Carolina	
city	Bamberg	SC	South Carolina	
city	Barnwell	SC	South Carolina	
city	Batesburg-Leesville	SC	South Carolina	
city	Beaufort	SC	South Carolina	
city	Belton	SC	South Carolina	
city	Bennettsville	SC	South Carolina	
city	Bethune	SC	South Carolina	
city	Bishopville	SC	South Carolina	
city	Blacksburg	SC	South Carolina	
city	Blackville	SC	South Carolina	
city	Blenheim	SC	South Carolina	
city	Bluffton	SC	South Carolina	
city	Blythewood	SC	South Carolina	
city	Bonneau	SC	South Carolina	
city	Bowman	SC	South Carolina	
city	Branchville	SC	South Carolina	
city	Briarcliffe Acres	SC	South Carolina	
city	Brunson	SC	South Carolina	
city	Burnettown	SC	South Carolina	
city	Calhoun Falls	SC	South Carolina	
city	Camden	SC	South Carolina	
city	Cameron	SC	South Carolina	
city	Campobello	SC	South Carolina	
city	Carlisle	SC	South Carolina	
city	Cayce	SC	South Carolina	
city	Central	SC	South Carolina	
city	Central Pacolet	SC	South Carolina	
city	Chapin	SC	South Carolina	
city	Charleston	SC	South Carolina	
city	Cheraw	SC	South Carolina	
city	Chesnee	SC	South Carolina	
city	Chester	SC	South Carolina	
city	Chesterfield	SC	South Carolina	
city	Clemson	SC	South Carolina	
city	Clinton	SC	South Carolina	
city	Clio	SC	South Carolina	
city	Clover	SC	South Carolina	
city	Columbia	SC	South Carolina	
city	Conway	SC	South Carolina	
city	Cope	SC	South Carolina	
city	Cordova	SC	South Carolina	
city	Cottageville	SC	South Carolina	
city	Coward	SC	South Carolina	
city	Cowpens	SC	South Carolina	
city	Cross Hill	SC	South Carolina	
city	Darlington	SC	South Carolina	
city	Denmark	SC	South Carolina	
city	Dillon	SC	South Carolina	
city	Donalds	SC	South Carolina	
city	Due West	SC	South Carolina	
city	Duncan	SC	South Carolina	
city	Easley	SC	South Carolina	
city	Eastover	SC	South Carolina	
city	Edgefield	SC	South Carolina	
city	Edisto Beach	SC	South Carolina	
city	Ehrhardt	SC	South Carolina	
city	Elgin	SC	South Carolina	
city	Elko	SC	South Carolina	
city	Elloree	SC	South Carolina	
city	Estill	SC	South Carolina	
city	Eutawville	SC	South Carolina	
city	Fairfax	SC	South Carolina	
city	Florence	SC	South Carolina	
city	Folly Beach	SC	South Carolina	
city	Forest Acres	SC	South Carolina	
city	Fort Lawn	SC	South Carolina	
city	Fort Mill	SC	South Carolina	
city	Fountain Inn	SC	South Carolina	
city	Furman	SC	South Carolina	
city	Gaffney	SC	South Carolina	
city	Gaston	SC	South Carolina	
city	Georgetown	SC	South Carolina	
city	Gifford	SC	South Carolina	
city	Gilbert	SC	South Carolina	
city	Goose Creek	SC	South Carolina	
city	Govan	SC	South Carolina	
city	Gray Court	SC	South Carolina	
city	Great Falls	SC	South Carolina	
city	Greeleyville	SC	South Carolina	
city	Greenville	SC	South Carolina	
city	Greenwood	SC	South Carolina	
city	Greer	SC	South Carolina	
city	Hampton	SC	South Carolina	
city	Hanahan	SC	South Carolina	
city	Hardeeville	SC	South Carolina	
city	Harleyville	SC	South Carolina	
city	Hartsville	SC	South Carolina	
city	Heath Springs	SC	South Carolina	
city	Hemingway	SC	South Carolina	
city	Hickory Grove	SC	South Carolina	
city	Hilda	SC	South Carolina	
city	Hilton Head Island	SC	South Carolina	
city	Hodges	SC	South Carolina	
city	Holly Hill	SC	South Carolina	
city	Hollywood	SC	South Carolina	
city	Honea Path	SC	South Carolina	
city	Inman	SC	South Carolina	
city	Irmo	SC	South Carolina	
city	Isle of Palms	SC	South Carolina	
city	Iva	SC	South Carolina	
city	Jackson	SC	South Carolina	
city	James Island	SC	South Carolina	
city	Jamestown	SC	South Carolina	
city	Jefferson	SC	South Carolina	
city	Jenkinsville	SC	South Carolina	
city	Johnsonville	SC	South Carolina	
city	Johnston	SC	South Carolina	
city	Jonesville	SC	South Carolina	
city	Kershaw	SC	South Carolina	
city	Kiawah Island	SC	South Carolina	
city	Kingstree	SC	South Carolina	
city	Kline	SC	South Carolina	
city	Lake City	SC	South Carolina	
city	Lake View	SC	South Carolina	
city	Lamar	SC	South Carolina	
city	Lancaster	SC	South Carolina	
city	Landrum	SC	South Carolina	
city	Lane	SC	South Carolina	
city	Latta	SC	South Carolina	
city	Laurens	SC	South Carolina	
city	Lexington	SC	South Carolina	
city	Liberty	SC	South Carolina	
city	Lincolnville	SC	South Carolina	
city	Little Mountain	SC	South Carolina	
city	Livingston	SC	South Carolina	
city	Lockhart	SC	South Carolina	
city	Lodge	SC	South Carolina	
city	Loris	SC	South Carolina	
city	Lowndesville	SC	South Carolina	
city	Lowrys	SC	South Carolina	
city	Luray	SC	South Carolina	
city	Lyman	SC	South Carolina	
city	Lynchburg	SC	South Carolina	
city	McBee	SC	South Carolina	
city	McClellanville	SC	South Carolina	
city	McColl	SC	South Carolina	
city	McConnells	SC	South Carolina	
city	McCormick	SC	South Carolina	
city	Manning	SC	South Carolina	
city	Marion	SC	South Carolina	
city	Mauldin	SC	South Carolina	
city	Mayesville	SC	South Carolina	
city	Meggett	SC	South Carolina	
city	Moncks Corner	SC	South Carolina	
city	Monetta	SC	South Carolina	
city	Mount Croghan	SC	South Carolina	
city	Mount Pleasant	SC	South Carolina	
city	Mullins	SC	South Carolina	
city	Myrtle Beach	SC	South Carolina	
city	Neeses	SC	South Carolina	
city	Newberry	SC	South Carolina	
city	New Ellenton	SC	South Carolina	
city	Nichols	SC	South Carolina	
city	Ninety Six	SC	South Carolina	
city	Norris	SC	South Carolina	
city	North	SC	South Carolina	
city	North Augusta	SC	South Carolina	
city	North Charleston	SC	South Carolina	
city	North Myrtle Beach	SC	South Carolina	
city	Norway	SC	South Carolina	
city	Olanta	SC	South Carolina	
city	Olar	SC	South Carolina	
city	Orangeburg	SC	South Carolina	
city	Pacolet	SC	South Carolina	
city	Pageland	SC	South Carolina	
city	Pamplico	SC	South Carolina	
city	Parksville	SC	South Carolina	
city	Patrick	SC	South Carolina	
city	Pawleys Island	SC	South Carolina	
city	Paxville	SC	South Carolina	
city	Peak	SC	South Carolina	
city	Pelion	SC	South Carolina	
city	Pelzer	SC	South Carolina	
city	Pendleton	SC	South Carolina	
city	Perry	SC	South Carolina	
city	Pickens	SC	South Carolina	
city	Pine Ridge	SC	South Carolina	
city	Pinewood	SC	South Carolina	
city	Plum Branch	SC	South Carolina	
city	Pomaria	SC	South Carolina	
city	Port Royal	SC	South Carolina	
city	Prosperity	SC	South Carolina	
city	Quinby	SC	South Carolina	
city	Ravenel	SC	South Carolina	
city	Reevesville	SC	South Carolina	
city	Reidville	SC	South Carolina	
city	Richburg	SC	South Carolina	
city	Ridgeland	SC	South Carolina	
city	Ridge Spring	SC	South Carolina	
city	Ridgeville	SC	South Carolina	
city	Ridgeway	SC	South Carolina	
city	Rock Hill	SC	South Carolina	
city	Rockville	SC	South Carolina	
city	Rowesville	SC	South Carolina	
city	Ruby	SC	South Carolina	
city	St. George	SC	South Carolina	
city	St. Matthews	SC	South Carolina	
city	St. Stephen	SC	South Carolina	
city	Salem	SC	South Carolina	
city	Salley	SC	South Carolina	
city	Saluda	SC	South Carolina	
city	Santee	SC	South Carolina	
city	Scotia	SC	South Carolina	
city	Scranton	SC	South Carolina	
city	Seabrook Island	SC	South Carolina	
city	Sellers	SC	South Carolina	
city	Seneca	SC	South Carolina	
city	Sharon	SC	South Carolina	
city	Silverstreet	SC	South Carolina	
city	Simpsonville	SC	South Carolina	
city	Six Mile	SC	South Carolina	
city	Smoaks	SC	South Carolina	
city	Smyrna	SC	South Carolina	
city	Snelling	SC	South Carolina	
city	Society Hill	SC	South Carolina	
city	South Congaree	SC	South Carolina	
city	Spartanburg	SC	South Carolina	
city	Springdale	SC	South Carolina	
city	Springfield	SC	South Carolina	
city	Starr	SC	South Carolina	
city	Stuckey	SC	South Carolina	
city	Sullivan's Island	SC	South Carolina	
city	Summerton	SC	South Carolina	
city	Summerville	SC	South Carolina	
city	Summit	SC	South Carolina	
city	Sumter	SC	South Carolina	
city	Surfside Beach	SC	South Carolina	
city	Swansea	SC	South Carolina	
city	Sycamore	SC	South Carolina	
city	Tatum	SC	South Carolina	
city	Tega Cay	SC	South Carolina	
city	Timmonsville	SC	South Carolina	
city	Travelers Rest	SC	South Carolina	
city	Trenton	SC	South Carolina	
city	Troy	SC	South Carolina	
city	Turbeville	SC	South Carolina	
city	Ulmer	SC	South Carolina	
city	Union	SC	South Carolina	
city	Vance	SC	South Carolina	
city	Van Wyck	SC	South Carolina	
city	Varnville	SC	South Carolina	
city	Wagener	SC	South Carolina	
city	Walhalla	SC	South Carolina	
city	Walterboro	SC	South Carolina	
city	Ward	SC	South Carolina	
city	Ware Shoals	SC	South Carolina	
city	Waterloo	SC	South Carolina	
city	Wellford	SC	South Carolina	
city	West Columbia	SC	South Carolina	
city	Westminster	SC	South Carolina	
city	West Pelzer	SC	South Carolina	
city	West Union	SC	South Carolina	
city	Whitmire	SC	South Carolina	
city	Williams	SC	South Carolina	
city	Williamston	SC	South Carolina	
city	Williston	SC	South Carolina	
city	Windsor	SC	South Carolina	
city	Winnsboro	SC	South Carolina	
city	Woodford	SC	South Carolina	
city	Woodruff	SC	South Carolina	
city	Yemassee	SC	South Carolina	
city	York	SC	South Carolina	
city	Aberdeen	SD	South Dakota	
city	Agar	SD	South Dakota	
city	Akaska	SD	South Dakota	
city	Albee	SD	South Dakota	
city	Alcester	SD	South Dakota	
city	Alexandria	SD	South Dakota	
city	Alpena	SD	South Dakota	
city	Altamont	SD	South Dakota	
city	Andover	SD	South Dakota	
city	Arlington	SD	South Dakota	
city	Armour	SD	South Dakota	
city	Artas	SD	South Dakota	
city	Artesian	SD	South Dakota	
city	Ashton	SD	South Dakota	
city	Astoria	SD	South Dakota	
city	Aurora	SD	South Dakota	
city	Avon	SD	South Dakota	
city	Badger	SD	South Dakota	
city	Baltic	SD	South Dakota	
city	Bancroft	SD	South Dakota	
city	Batesland	SD	South Dakota	
city	Belle Fourche	SD	South Dakota	
city	Belvidere	SD	South Dakota	
city	Beresford	SD	South Dakota	
city	Big Stone City	SD	South Dakota	
city	Bison	SD	South Dakota	
city	Blunt	SD	South Dakota	
city	Bonesteel	SD	South Dakota	
city	Bowdle	SD	South Dakota	
city	Box Elder	SD	South Dakota	
city	Bradley	SD	South Dakota	
city	Brandon	SD	South Dakota	
city	Brandt	SD	South Dakota	
city	Brant Lake	SD	South Dakota	
city	Brentford	SD	South Dakota	
city	Bridgewater	SD	South Dakota	
city	Bristol	SD	South Dakota	
city	Britton	SD	South Dakota	
city	Broadland	SD	South Dakota	
city	Brookings	SD	South Dakota	
city	Bruce	SD	South Dakota	
city	Bryant	SD	South Dakota	
city	Buffalo	SD	South Dakota	
city	Buffalo Gap	SD	South Dakota	
city	Burke	SD	South Dakota	
city	Bushnell	SD	South Dakota	
city	Butler	SD	South Dakota	
city	Camp Crook	SD	South Dakota	
city	Canistota	SD	South Dakota	
city	Canova	SD	South Dakota	
city	Canton	SD	South Dakota	
city	Carthage	SD	South Dakota	
city	Castlewood	SD	South Dakota	
city	Cavour	SD	South Dakota	
city	Centerville	SD	South Dakota	
city	Central City	SD	South Dakota	
city	Chamberlain	SD	South Dakota	
city	Chancellor	SD	South Dakota	
city	Chelsea	SD	South Dakota	
city	Claire City	SD	South Dakota	
city	Claremont	SD	South Dakota	
city	Clark	SD	South Dakota	
city	Clear Lake	SD	South Dakota	
city	Colman	SD	South Dakota	
city	Colome	SD	South Dakota	
city	Colton	SD	South Dakota	
city	Columbia	SD	South Dakota	
city	Conde	SD	South Dakota	
city	Corona	SD	South Dakota	
city	Corsica	SD	South Dakota	
city	Cottonwood	SD	South Dakota	
city	Cresbard	SD	South Dakota	
city	Crooks	SD	South Dakota	
city	Custer	SD	South Dakota	
city	Dallas	SD	South Dakota	
city	Dante	SD	South Dakota	
city	Davis	SD	South Dakota	
city	Deadwood	SD	South Dakota	
city	Dell Rapids	SD	South Dakota	
city	Delmont	SD	South Dakota	
city	De Smet	SD	South Dakota	
city	Dimock	SD	South Dakota	
city	Doland	SD	South Dakota	
city	Dolton	SD	South Dakota	
city	Draper	SD	South Dakota	
city	Dupree	SD	South Dakota	
city	Eagle Butte	SD	South Dakota	
city	Eden	SD	South Dakota	
city	Edgemont	SD	South Dakota	
city	Egan	SD	South Dakota	
city	Elk Point	SD	South Dakota	
city	Elkton	SD	South Dakota	
city	Emery	SD	South Dakota	
city	Erwin	SD	South Dakota	
city	Estelline	SD	South Dakota	
city	Ethan	SD	South Dakota	
city	Eureka	SD	South Dakota	
city	Fairburn	SD	South Dakota	
city	Fairfax	SD	South Dakota	
city	Fairview	SD	South Dakota	
city	Faith	SD	South Dakota	
city	Farmer	SD	South Dakota	
city	Faulkton	SD	South Dakota	
city	Flandreau	SD	South Dakota	
city	Florence	SD	South Dakota	
city	Fort Pierre	SD	South Dakota	
city	Frankfort	SD	South Dakota	
city	Frederick	SD	South Dakota	
city	Freeman	SD	South Dakota	
city	Fruitdale	SD	South Dakota	
city	Fulton	SD	South Dakota	
city	Garden City	SD	South Dakota	
city	Garretson	SD	South Dakota	
city	Gary	SD	South Dakota	
city	Gayville	SD	South Dakota	
city	Geddes	SD	South Dakota	
city	Gettysburg	SD	South Dakota	
city	Glenham	SD	South Dakota	
city	Goodwin	SD	South Dakota	
city	Gregory	SD	South Dakota	
city	Grenville	SD	South Dakota	
city	Groton	SD	South Dakota	
city	Harrisburg	SD	South Dakota	
city	Harrold	SD	South Dakota	
city	Hartford	SD	South Dakota	
city	Hayti	SD	South Dakota	
city	Hazel	SD	South Dakota	
city	Hecla	SD	South Dakota	
city	Henry	SD	South Dakota	
city	Hermosa	SD	South Dakota	
city	Herreid	SD	South Dakota	
city	Herrick	SD	South Dakota	
city	Hetland	SD	South Dakota	
city	Highmore	SD	South Dakota	
city	Hill City	SD	South Dakota	
city	Hillsview	SD	South Dakota	
city	Hitchcock	SD	South Dakota	
city	Hosmer	SD	South Dakota	
city	Hot Springs	SD	South Dakota	
city	Hoven	SD	South Dakota	
city	Howard	SD	South Dakota	
city	Hudson	SD	South Dakota	
city	Humboldt	SD	South Dakota	
city	Hurley	SD	South Dakota	
city	Huron	SD	South Dakota	
city	Interior	SD	South Dakota	
city	Ipswich	SD	South Dakota	
city	Irene	SD	South Dakota	
city	Iroquois	SD	South Dakota	
city	Isabel	SD	South Dakota	
city	Java	SD	South Dakota	
city	Jefferson	SD	South Dakota	
city	Kadoka	SD	South Dakota	
city	Kennebec	SD	South Dakota	
city	Keystone	SD	South Dakota	
city	Kimball	SD	South Dakota	
city	Kranzburg	SD	South Dakota	
city	La Bolt	SD	South Dakota	
city	Lake Andes	SD	South Dakota	
city	Lake City	SD	South Dakota	
city	Lake Norden	SD	South Dakota	
city	Lake Preston	SD	South Dakota	
city	Lane	SD	South Dakota	
city	Langford	SD	South Dakota	
city	Lead	SD	South Dakota	
city	Lebanon	SD	South Dakota	
city	Lemmon	SD	South Dakota	
city	Lennox	SD	South Dakota	
city	Leola	SD	South Dakota	
city	Lesterville	SD	South Dakota	
city	Letcher	SD	South Dakota	
city	Long Lake	SD	South Dakota	
city	Lowry	SD	South Dakota	
city	McIntosh	SD	South Dakota	
city	McLaughlin	SD	South Dakota	
city	Madison	SD	South Dakota	
city	Marion	SD	South Dakota	
city	Martin	SD	South Dakota	
city	Marvin	SD	South Dakota	
city	Mellette	SD	South Dakota	
city	Menno	SD	South Dakota	
city	Midland	SD	South Dakota	
city	Milbank	SD	South Dakota	
city	Miller	SD	South Dakota	
city	Mission	SD	South Dakota	
city	Mission Hill	SD	South Dakota	
city	Mitchell	SD	South Dakota	
city	Mobridge	SD	South Dakota	
city	Monroe	SD	South Dakota	
city	Montrose	SD	South Dakota	
city	Morristown	SD	South Dakota	
city	Mound City	SD	South Dakota	
city	Mount Vernon	SD	South Dakota	
city	Murdo	SD	South Dakota	
city	Naples	SD	South Dakota	
city	New Effington	SD	South Dakota	
city	Newell	SD	South Dakota	
city	New Underwood	SD	South Dakota	
city	New Witten	SD	South Dakota	
city	Nisland	SD	South Dakota	
city	North Sioux City	SD	South Dakota	
city	Northville	SD	South Dakota	
city	Nunda	SD	South Dakota	
city	Oacoma	SD	South Dakota	
city	Oelrichs	SD	South Dakota	
city	Oldham	SD	South Dakota	
city	Olivet	SD	South Dakota	
city	Onaka	SD	South Dakota	
city	Onida	SD	South Dakota	
city	Orient	SD	South Dakota	
city	Ortley	SD	South Dakota	
city	Parker	SD	South Dakota	
city	Parkston	SD	South Dakota	
city	Peever	SD	South Dakota	
city	Philip	SD	South Dakota	
city	Pickstown	SD	South Dakota	
city	Piedmont	SD	South Dakota	
city	Pierpont	SD	South Dakota	
city	Pierre	SD	South Dakota	
city	Plankinton	SD	South Dakota	
city	Platte	SD	South Dakota	
city	Pollock	SD	South Dakota	
city	Presho	SD	South Dakota	
city	Pringle	SD	South Dakota	
city	Pukwana	SD	South Dakota	
city	Quinn	SD	South Dakota	
city	Ramona	SD	South Dakota	
city	Rapid City	SD	South Dakota	
city	Ravinia	SD	South Dakota	
city	Raymond	SD	South Dakota	
city	Redfield	SD	South Dakota	
city	Ree Heights	SD	South Dakota	
city	Reliance	SD	South Dakota	
city	Revillo	SD	South Dakota	
city	Rockham	SD	South Dakota	
city	Roscoe	SD	South Dakota	
city	Rosholt	SD	South Dakota	
city	Roslyn	SD	South Dakota	
city	St. Francis	SD	South Dakota	
city	St. Lawrence	SD	South Dakota	
city	Salem	SD	South Dakota	
city	Scotland	SD	South Dakota	
city	Selby	SD	South Dakota	
city	Seneca	SD	South Dakota	
city	Sherman	SD	South Dakota	
city	Sinai	SD	South Dakota	
city	Sioux Falls	SD	South Dakota	
city	Sisseton	SD	South Dakota	
city	South Shore	SD	South Dakota	
city	Spearfish	SD	South Dakota	
city	Spencer	SD	South Dakota	
city	Springfield	SD	South Dakota	
city	Stickney	SD	South Dakota	
city	Stockholm	SD	South Dakota	
city	Strandburg	SD	South Dakota	
city	Stratford	SD	South Dakota	
city	Sturgis	SD	South Dakota	
city	Summerset	SD	South Dakota	
city	Summit	SD	South Dakota	
city	Tabor	SD	South Dakota	
city	Tea	SD	South Dakota	
city	Timber Lake	SD	South Dakota	
city	Tolstoy	SD	South Dakota	
city	Toronto	SD	South Dakota	
city	Trent	SD	South Dakota	
city	Tripp	SD	South Dakota	
city	Tulare	SD	South Dakota	
city	Turton	SD	South Dakota	
city	Twin Brooks	SD	South Dakota	
city	Tyndall	SD	South Dakota	
city	Utica	SD	South Dakota	
city	Valley Springs	SD	South Dakota	
city	Veblen	SD	South Dakota	
city	Verdon	SD	South Dakota	
city	Vermillion	SD	South Dakota	
city	Viborg	SD	South Dakota	
city	Vienna	SD	South Dakota	
city	Vilas	SD	South Dakota	
city	Virgil	SD	South Dakota	
city	Volga	SD	South Dakota	
city	Volin	SD	South Dakota	
city	Wagner	SD	South Dakota	
city	Wakonda	SD	South Dakota	
city	Wall	SD	South Dakota	
city	Wallace	SD	South Dakota	
city	Ward	SD	South Dakota	
city	Warner	SD	South Dakota	
city	Wasta	SD	South Dakota	
city	Watertown	SD	South Dakota	
city	Waubay	SD	South Dakota	
city	Webster	SD	South Dakota	
city	Wentworth	SD	South Dakota	
city	Wessington	SD	South Dakota	
city	Wessington Springs	SD	South Dakota	
city	Westport	SD	South Dakota	
city	Wetonka	SD	South Dakota	
city	White	SD	South Dakota	
city	White Lake	SD	South Dakota	
city	White River	SD	South Dakota	
city	White Rock	SD	South Dakota	
city	Whitewood	SD	South Dakota	
city	Willow Lake	SD	South Dakota	
city	Wilmot	SD	South Dakota	
city	Winner	SD	South Dakota	
city	Wolsey	SD	South Dakota	
city	Wood	SD	South Dakota	
city	Woonsocket	SD	South Dakota	
city	Worthing	SD	South Dakota	
city	Yale	SD	South Dakota	
city	Yankton	SD	South Dakota	
city	Adams	TN	Tennessee	
city	Adamsville	TN	Tennessee	
city	Alamo	TN	Tennessee	
city	Alcoa	TN	Tennessee	
city	Alexandria	TN	Tennessee	
city	Algood	TN	Tennessee	
city	Allardt	TN	Tennessee	
city	Altamont	TN	Tennessee	
city	Ardmore	TN	Tennessee	
city	Arlington	TN	Tennessee	
city	Ashland City	TN	Tennessee	
city	Athens	TN	Tennessee	
city	Atoka	TN	Tennessee	
city	Atwood	TN	Tennessee	
city	Auburntown	TN	Tennessee	
city	Baileyton	TN	Tennessee	
city	Baneberry	TN	Tennessee	
city	Bartlett	TN	Tennessee	
city	Baxter	TN	Tennessee	
city	Bean Station	TN	Tennessee	
city	Beersheba Springs	TN	Tennessee	
city	Bell Buckle	TN	Tennessee	
city	Belle Meade	TN	Tennessee	
city	Bells	TN	Tennessee	
city	Benton	TN	Tennessee	
city	Berry Hill	TN	Tennessee	
city	Bethel Springs	TN	Tennessee	
city	Big Sandy	TN	Tennessee	
city	Blaine	TN	Tennessee	
city	Bluff City	TN	Tennessee	
city	Bolivar	TN	Tennessee	
city	Braden	TN	Tennessee	
city	Bradford	TN	Tennessee	
city	Brentwood	TN	Tennessee	
city	Brighton	TN	Tennessee	
city	Bristol	TN	Tennessee	
city	Brownsville	TN	Tennessee	
city	Bruceton	TN	Tennessee	
city	Bulls Gap	TN	Tennessee	
city	Burlison	TN	Tennessee	
city	Burns	TN	Tennessee	
city	Byrdstown	TN	Tennessee	
city	Calhoun	TN	Tennessee	
city	Camden	TN	Tennessee	
city	Carthage	TN	Tennessee	
city	Caryville	TN	Tennessee	
city	Cedar Hill	TN	Tennessee	
city	Celina	TN	Tennessee	
city	Centertown	TN	Tennessee	
city	Centerville	TN	Tennessee	
city	Chapel Hill	TN	Tennessee	
city	Charleston	TN	Tennessee	
city	Charlotte	TN	Tennessee	
city	Chattanooga	TN	Tennessee	
city	Church Hill	TN	Tennessee	
city	Clarksburg	TN	Tennessee	
city	Clarksville	TN	Tennessee	
city	Cleveland	TN	Tennessee	
city	Clifton	TN	Tennessee	
city	Clinton	TN	Tennessee	
city	Coalmont	TN	Tennessee	
city	Collegedale	TN	Tennessee	
city	Collierville	TN	Tennessee	
city	Collinwood	TN	Tennessee	
city	Columbia	TN	Tennessee	
city	Cookeville	TN	Tennessee	
city	Coopertown	TN	Tennessee	
city	Copperhill	TN	Tennessee	
city	Cornersville	TN	Tennessee	
city	Cottage Grove	TN	Tennessee	
city	Covington	TN	Tennessee	
city	Cowan	TN	Tennessee	
city	Crab Orchard	TN	Tennessee	
city	Cross Plains	TN	Tennessee	
city	Crossville	TN	Tennessee	
city	Crump	TN	Tennessee	
city	Cumberland City	TN	Tennessee	
city	Cumberland Gap	TN	Tennessee	
city	Dandridge	TN	Tennessee	
city	Dayton	TN	Tennessee	
city	Decatur	TN	Tennessee	
city	Decaturville	TN	Tennessee	
city	Decherd	TN	Tennessee	
city	Dickson	TN	Tennessee	
city	Dover	TN	Tennessee	
city	Dowelltown	TN	Tennessee	
city	Doyle	TN	Tennessee	
city	Dresden	TN	Tennessee	
city	Ducktown	TN	Tennessee	
city	Dunlap	TN	Tennessee	
city	Dyer	TN	Tennessee	
city	Dyersburg	TN	Tennessee	
city	Eagleville	TN	Tennessee	
city	East Ridge	TN	Tennessee	
city	Eastview	TN	Tennessee	
city	Elizabethton	TN	Tennessee	
city	Elkton	TN	Tennessee	
city	Englewood	TN	Tennessee	
city	Enville	TN	Tennessee	
city	Erin	TN	Tennessee	
city	Erwin	TN	Tennessee	
city	Estill Springs	TN	Tennessee	
city	Ethridge	TN	Tennessee	
city	Etowah	TN	Tennessee	
city	Fairview	TN	Tennessee	
city	Farragut	TN	Tennessee	
city	Fayetteville	TN	Tennessee	
city	Finger	TN	Tennessee	
city	Forest Hills	TN	Tennessee	
city	Franklin	TN	Tennessee	
city	Friendship	TN	Tennessee	
city	Friendsville	TN	Tennessee	
city	Gadsden	TN	Tennessee	
city	Gainesboro	TN	Tennessee	
city	Gallatin	TN	Tennessee	
city	Gallaway	TN	Tennessee	
city	Garland	TN	Tennessee	
city	Gates	TN	Tennessee	
city	Gatlinburg	TN	Tennessee	
city	Germantown	TN	Tennessee	
city	Gibson	TN	Tennessee	
city	Gilt Edge	TN	Tennessee	
city	Gleason	TN	Tennessee	
city	Goodlettsville	TN	Tennessee	
city	Gordonsville	TN	Tennessee	
city	Grand Junction	TN	Tennessee	
city	Graysville	TN	Tennessee	
city	Greenback	TN	Tennessee	
city	Greenbrier	TN	Tennessee	
city	Greeneville	TN	Tennessee	
city	Greenfield	TN	Tennessee	
city	Gruetli-Laager	TN	Tennessee	
city	Guys	TN	Tennessee	
city	Halls	TN	Tennessee	
city	Harriman	TN	Tennessee	
city	Harrogate	TN	Tennessee	
city	Hartsville/Trousdale County	TN	Tennessee	
city	Henderson	TN	Tennessee	
city	Hendersonville	TN	Tennessee	
city	Henning	TN	Tennessee	
city	Henry	TN	Tennessee	
city	Hickory Valley	TN	Tennessee	
city	Hohenwald	TN	Tennessee	
city	Hollow Rock	TN	Tennessee	
city	Hornbeak	TN	Tennessee	
city	Hornsby	TN	Tennessee	
city	Humboldt	TN	Tennessee	
city	Huntingdon	TN	Tennessee	
city	Huntland	TN	Tennessee	
city	Huntsville	TN	Tennessee	
city	Jacksboro	TN	Tennessee	
city	Jackson	TN	Tennessee	
city	Jamestown	TN	Tennessee	
city	Jasper	TN	Tennessee	
city	Jefferson City	TN	Tennessee	
city	Jellico	TN	Tennessee	
city	Johnson City	TN	Tennessee	
city	Jonesborough	TN	Tennessee	
city	Kenton	TN	Tennessee	
city	Kimball	TN	Tennessee	
city	Kingsport	TN	Tennessee	
city	Kingston	TN	Tennessee	
city	Kingston Springs	TN	Tennessee	
city	Knoxville	TN	Tennessee	
city	Lafayette	TN	Tennessee	
city	La Follette	TN	Tennessee	
city	La Grange	TN	Tennessee	
city	Lakeland	TN	Tennessee	
city	Lakesite	TN	Tennessee	
city	La Vergne	TN	Tennessee	
city	Lawrenceburg	TN	Tennessee	
city	Lebanon	TN	Tennessee	
city	Lenoir City	TN	Tennessee	
city	Lewisburg	TN	Tennessee	
city	Lexington	TN	Tennessee	
city	Liberty	TN	Tennessee	
city	Linden	TN	Tennessee	
city	Livingston	TN	Tennessee	
city	Lobelville	TN	Tennessee	
city	Lookout Mountain	TN	Tennessee	
city	Loretto	TN	Tennessee	
city	Loudon	TN	Tennessee	
city	Louisville	TN	Tennessee	
city	Luttrell	TN	Tennessee	
city	Lynchburg, Moore County metropolitan government	TN	Tennessee	
city	Lynnville	TN	Tennessee	
city	McEwen	TN	Tennessee	
city	McKenzie	TN	Tennessee	
city	McLemoresville	TN	Tennessee	
city	McMinnville	TN	Tennessee	
city	Madisonville	TN	Tennessee	
city	Manchester	TN	Tennessee	
city	Martin	TN	Tennessee	
city	Maryville	TN	Tennessee	
city	Mason	TN	Tennessee	
city	Maury City	TN	Tennessee	
city	Maynardville	TN	Tennessee	
city	Medina	TN	Tennessee	
city	Medon	TN	Tennessee	
city	Memphis	TN	Tennessee	
city	Michie	TN	Tennessee	
city	Middleton	TN	Tennessee	
city	Milan	TN	Tennessee	
city	Milledgeville	TN	Tennessee	
city	Millersville	TN	Tennessee	
city	Millington	TN	Tennessee	
city	Minor Hill	TN	Tennessee	
city	Mitchellville	TN	Tennessee	
city	Monteagle	TN	Tennessee	
city	Monterey	TN	Tennessee	
city	Morrison	TN	Tennessee	
city	Morristown	TN	Tennessee	
city	Moscow	TN	Tennessee	
city	Mosheim	TN	Tennessee	
city	Mountain City	TN	Tennessee	
city	Mount Carmel	TN	Tennessee	
city	Mount Juliet	TN	Tennessee	
city	Mount Pleasant	TN	Tennessee	
city	Munford	TN	Tennessee	
city	Murfreesboro	TN	Tennessee	
city	Newbern	TN	Tennessee	
city	New Hope	TN	Tennessee	
city	New Johnsonville	TN	Tennessee	
city	New Market	TN	Tennessee	
city	Newport	TN	Tennessee	
city	New Tazewell	TN	Tennessee	
city	Niota	TN	Tennessee	
city	Nolensville	TN	Tennessee	
city	Normandy	TN	Tennessee	
city	Norris	TN	Tennessee	
city	Oakdale	TN	Tennessee	
city	Oak Hill	TN	Tennessee	
city	Oakland	TN	Tennessee	
city	Oak Ridge	TN	Tennessee	
city	Obion	TN	Tennessee	
city	Oliver Springs	TN	Tennessee	
city	Oneida	TN	Tennessee	
city	Orlinda	TN	Tennessee	
city	Orme	TN	Tennessee	
city	Palmer	TN	Tennessee	
city	Paris	TN	Tennessee	
city	Parker's Crossroads	TN	Tennessee	
city	Parrottsville	TN	Tennessee	
city	Parsons	TN	Tennessee	
city	Pegram	TN	Tennessee	
city	Petersburg	TN	Tennessee	
city	Philadelphia	TN	Tennessee	
city	Pigeon Forge	TN	Tennessee	
city	Pikeville	TN	Tennessee	
city	Piperton	TN	Tennessee	
city	Pittman Center	TN	Tennessee	
city	Plainview	TN	Tennessee	
city	Pleasant Hill	TN	Tennessee	
city	Pleasant View	TN	Tennessee	
city	Portland	TN	Tennessee	
city	Powells Crossroads	TN	Tennessee	
city	Pulaski	TN	Tennessee	
city	Puryear	TN	Tennessee	
city	Ramer	TN	Tennessee	
city	Red Bank	TN	Tennessee	
city	Red Boiling Springs	TN	Tennessee	
city	Ridgely	TN	Tennessee	
city	Ridgeside	TN	Tennessee	
city	Ridgetop	TN	Tennessee	
city	Ripley	TN	Tennessee	
city	Rives	TN	Tennessee	
city	Rockford	TN	Tennessee	
city	Rockwood	TN	Tennessee	
city	Rocky Top	TN	Tennessee	
city	Rogersville	TN	Tennessee	
city	Rossville	TN	Tennessee	
city	Rutherford	TN	Tennessee	
city	Rutledge	TN	Tennessee	
city	St. Joseph	TN	Tennessee	
city	Saltillo	TN	Tennessee	
city	Samburg	TN	Tennessee	
city	Sardis	TN	Tennessee	
city	Saulsbury	TN	Tennessee	
city	Savannah	TN	Tennessee	
city	Scotts Hill	TN	Tennessee	
city	Selmer	TN	Tennessee	
city	Sevierville	TN	Tennessee	
city	Sharon	TN	Tennessee	
city	Shelbyville	TN	Tennessee	
city	Signal Mountain	TN	Tennessee	
city	Silerton	TN	Tennessee	
city	Slayden	TN	Tennessee	
city	Smithville	TN	Tennessee	
city	Smyrna	TN	Tennessee	
city	Sneedville	TN	Tennessee	
city	Soddy-Daisy	TN	Tennessee	
city	Somerville	TN	Tennessee	
city	South Carthage	TN	Tennessee	
city	South Fulton	TN	Tennessee	
city	South Pittsburg	TN	Tennessee	
city	Sparta	TN	Tennessee	
city	Spencer	TN	Tennessee	
city	Spring City	TN	Tennessee	
city	Springfield	TN	Tennessee	
city	Spring Hill	TN	Tennessee	
city	Stanton	TN	Tennessee	
city	Stantonville	TN	Tennessee	
city	Sunbright	TN	Tennessee	
city	Surgoinsville	TN	Tennessee	
city	Sweetwater	TN	Tennessee	
city	Tazewell	TN	Tennessee	
city	Tellico Plains	TN	Tennessee	
city	Tennessee Ridge	TN	Tennessee	
city	Thompson's Station	TN	Tennessee	
city	Three Way	TN	Tennessee	
city	Tiptonville	TN	Tennessee	
city	Toone	TN	Tennessee	
city	Townsend	TN	Tennessee	
city	Tracy City	TN	Tennessee	
city	Trenton	TN	Tennessee	
city	Trezevant	TN	Tennessee	
city	Trimble	TN	Tennessee	
city	Troy	TN	Tennessee	
city	Tullahoma	TN	Tennessee	
city	Tusculum	TN	Tennessee	
city	Unicoi	TN	Tennessee	
city	Union City	TN	Tennessee	
city	Vanleer	TN	Tennessee	
city	Viola	TN	Tennessee	
city	Vonore	TN	Tennessee	
city	Walden	TN	Tennessee	
city	Wartburg	TN	Tennessee	
city	Wartrace	TN	Tennessee	
city	Watauga	TN	Tennessee	
city	Watertown	TN	Tennessee	
city	Waverly	TN	Tennessee	
city	Waynesboro	TN	Tennessee	
city	Westmoreland	TN	Tennessee	
city	White Bluff	TN	Tennessee	
city	White House	TN	Tennessee	
city	White Pine	TN	Tennessee	
city	Whiteville	TN	Tennessee	
city	Whitwell	TN	Tennessee	
city	Williston	TN	Tennessee	
city	Winchester	TN	Tennessee	
city	Winfield	TN	Tennessee	
city	Woodbury	TN	Tennessee	
city	Woodland Mills	TN	Tennessee	
city	Yorkville	TN	Tennessee	
city	Abbott	TX	Texas	
city	Abernathy	TX	Texas	
city	Abilene	TX	Texas	
city	Ackerly	TX	Texas	
city	Addison	TX	Texas	
city	Adrian	TX	Texas	
city	Agua Dulce	TX	Texas	
city	Alamo	TX	Texas	
city	Alamo Heights	TX	Texas	
city	Alba	TX	Texas	
city	Albany	TX	Texas	
city	Aledo	TX	Texas	
city	Alice	TX	Texas	
city	Allen	TX	Texas	
city	Alma	TX	Texas	
city	Alpine	TX	Texas	
city	Alto	TX	Texas	
city	Alton	TX	Texas	
city	Alvarado	TX	Texas	
city	Alvin	TX	Texas	
city	Alvord	TX	Texas	
city	Amarillo	TX	Texas	
city	Ames	TX	Texas	
city	Amherst	TX	Texas	
city	Anahuac	TX	Texas	
city	Anderson	TX	Texas	
city	Andrews	TX	Texas	
city	Angleton	TX	Texas	
city	Angus	TX	Texas	
city	Anna	TX	Texas	
city	Annetta	TX	Texas	
city	Annetta North	TX	Texas	
city	Annetta South	TX	Texas	
city	Annona	TX	Texas	
city	Anson	TX	Texas	
city	Anthony	TX	Texas	
city	Anton	TX	Texas	
city	Appleby	TX	Texas	
city	Aquilla	TX	Texas	
city	Aransas Pass	TX	Texas	
city	Archer City	TX	Texas	
city	Arcola	TX	Texas	
city	Argyle	TX	Texas	
city	Arlington	TX	Texas	
city	Arp	TX	Texas	
city	Asherton	TX	Texas	
city	Aspermont	TX	Texas	
city	Athens	TX	Texas	
city	Atlanta	TX	Texas	
city	Aubrey	TX	Texas	
city	Aurora	TX	Texas	
city	Austin	TX	Texas	
city	Austwell	TX	Texas	
city	Avery	TX	Texas	
city	Avinger	TX	Texas	
city	Azle	TX	Texas	
city	Bailey	TX	Texas	
city	Bailey's Prairie	TX	Texas	
city	Baird	TX	Texas	
city	Balch Springs	TX	Texas	
city	Balcones Heights	TX	Texas	
city	Ballinger	TX	Texas	
city	Balmorhea	TX	Texas	
city	Bandera	TX	Texas	
city	Bangs	TX	Texas	
city	Bardwell	TX	Texas	
city	Barry	TX	Texas	
city	Barstow	TX	Texas	
city	Bartlett	TX	Texas	
city	Bartonville	TX	Texas	
city	Bastrop	TX	Texas	
city	Bay City	TX	Texas	
city	Bayou Vista	TX	Texas	
city	Bayside	TX	Texas	
city	Baytown	TX	Texas	
city	Bayview	TX	Texas	
city	Beach City	TX	Texas	
city	Bear Creek	TX	Texas	
city	Beasley	TX	Texas	
city	Beaumont	TX	Texas	
city	Beckville	TX	Texas	
city	Bedford	TX	Texas	
city	Bedias	TX	Texas	
city	Bee Cave	TX	Texas	
city	Beeville	TX	Texas	
city	Bellaire	TX	Texas	
city	Bellevue	TX	Texas	
city	Bellmead	TX	Texas	
city	Bells	TX	Texas	
city	Bellville	TX	Texas	
city	Belton	TX	Texas	
city	Benavides	TX	Texas	
city	Benbrook	TX	Texas	
city	Benjamin	TX	Texas	
city	Berryville	TX	Texas	
city	Bertram	TX	Texas	
city	Beverly Hills	TX	Texas	
city	Bevil Oaks	TX	Texas	
city	Big Lake	TX	Texas	
city	Big Sandy	TX	Texas	
city	Big Spring	TX	Texas	
city	Big Wells	TX	Texas	
city	Bishop	TX	Texas	
city	Bishop Hills	TX	Texas	
city	Blackwell	TX	Texas	
city	Blanco	TX	Texas	
city	Blanket	TX	Texas	
city	Bloomburg	TX	Texas	
city	Blooming Grove	TX	Texas	
city	Blossom	TX	Texas	
city	Blue Mound	TX	Texas	
city	Blue Ridge	TX	Texas	
city	Blum	TX	Texas	
city	Boerne	TX	Texas	
city	Bogata	TX	Texas	
city	Bonham	TX	Texas	
city	Bonney	TX	Texas	
city	Booker	TX	Texas	
city	Borger	TX	Texas	
city	Bovina	TX	Texas	
city	Bowie	TX	Texas	
city	Boyd	TX	Texas	
city	Brackettville	TX	Texas	
city	Brady	TX	Texas	
city	Brazoria	TX	Texas	
city	Brazos Country	TX	Texas	
city	Breckenridge	TX	Texas	
city	Bremond	TX	Texas	
city	Brenham	TX	Texas	
city	Briarcliff	TX	Texas	
city	Briaroaks	TX	Texas	
city	Bridge City	TX	Texas	
city	Bridgeport	TX	Texas	
city	Broaddus	TX	Texas	
city	Bronte	TX	Texas	
city	Brookshire	TX	Texas	
city	Brookside Village	TX	Texas	
city	Browndell	TX	Texas	
city	Brownfield	TX	Texas	
city	Brownsboro	TX	Texas	
city	Brownsville	TX	Texas	
city	Brownwood	TX	Texas	
city	Bruceville-Eddy	TX	Texas	
city	Bryan	TX	Texas	
city	Bryson	TX	Texas	
city	Buckholts	TX	Texas	
city	Buda	TX	Texas	
city	Buffalo	TX	Texas	
city	Buffalo Gap	TX	Texas	
city	Buffalo Springs	TX	Texas	
city	Bullard	TX	Texas	
city	Bulverde	TX	Texas	
city	Bunker Hill Village	TX	Texas	
city	Burkburnett	TX	Texas	
city	Burke	TX	Texas	
city	Burleson	TX	Texas	
city	Burnet	TX	Texas	
city	Burton	TX	Texas	
city	Byers	TX	Texas	
city	Bynum	TX	Texas	
city	Cactus	TX	Texas	
city	Caddo Mills	TX	Texas	
city	Caldwell	TX	Texas	
city	Callisburg	TX	Texas	
city	Calvert	TX	Texas	
city	Cameron	TX	Texas	
city	Campbell	TX	Texas	
city	Camp Wood	TX	Texas	
city	Canadian	TX	Texas	
city	Caney City	TX	Texas	
city	Canton	TX	Texas	
city	Canyon	TX	Texas	
city	Carbon	TX	Texas	
city	Carl's Corner	TX	Texas	
city	Carmine	TX	Texas	
city	Carrizo Springs	TX	Texas	
city	Carrollton	TX	Texas	
city	Carthage	TX	Texas	
city	Cashion Community	TX	Texas	
city	Castle Hills	TX	Texas	
city	Castroville	TX	Texas	
city	Cedar Hill	TX	Texas	
city	Cedar Park	TX	Texas	
city	Celeste	TX	Texas	
city	Celina	TX	Texas	
city	Center	TX	Texas	
city	Centerville	TX	Texas	
city	Chandler	TX	Texas	
city	Channing	TX	Texas	
city	Charlotte	TX	Texas	
city	Chester	TX	Texas	
city	Chico	TX	Texas	
city	Childress	TX	Texas	
city	Chillicothe	TX	Texas	
city	China	TX	Texas	
city	China Grove	TX	Texas	
city	Chireno	TX	Texas	
city	Christine	TX	Texas	
city	Cibolo	TX	Texas	
city	Cisco	TX	Texas	
city	Clarendon	TX	Texas	
city	Clarksville	TX	Texas	
city	Clarksville City	TX	Texas	
city	Claude	TX	Texas	
city	Clear Lake Shores	TX	Texas	
city	Cleburne	TX	Texas	
city	Cleveland	TX	Texas	
city	Clifton	TX	Texas	
city	Clint	TX	Texas	
city	Clute	TX	Texas	
city	Clyde	TX	Texas	
city	Coahoma	TX	Texas	
city	Cockrell Hill	TX	Texas	
city	Coffee City	TX	Texas	
city	Coldspring	TX	Texas	
city	Coleman	TX	Texas	
city	College Station	TX	Texas	
city	Colleyville	TX	Texas	
city	Collinsville	TX	Texas	
city	Colmesneil	TX	Texas	
city	Colorado City	TX	Texas	
city	Columbus	TX	Texas	
city	Comanche	TX	Texas	
city	Combes	TX	Texas	
city	Combine	TX	Texas	
city	Commerce	TX	Texas	
city	Como	TX	Texas	
city	Conroe	TX	Texas	
city	Converse	TX	Texas	
city	Cool	TX	Texas	
city	Coolidge	TX	Texas	
city	Cooper	TX	Texas	
city	Coppell	TX	Texas	
city	Copperas Cove	TX	Texas	
city	Copper Canyon	TX	Texas	
city	Corinth	TX	Texas	
city	Corpus Christi	TX	Texas	
city	Corral City	TX	Texas	
city	Corrigan	TX	Texas	
city	Corsicana	TX	Texas	
city	Cottonwood	TX	Texas	
city	Cottonwood Shores	TX	Texas	
city	Cotulla	TX	Texas	
city	Coupland	TX	Texas	
city	Cove	TX	Texas	
city	Covington	TX	Texas	
city	Coyote Flats	TX	Texas	
city	Crandall	TX	Texas	
city	Crane	TX	Texas	
city	Cranfills Gap	TX	Texas	
city	Crawford	TX	Texas	
city	Creedmoor	TX	Texas	
city	Cresson	TX	Texas	
city	Crockett	TX	Texas	
city	Crosbyton	TX	Texas	
city	Cross Plains	TX	Texas	
city	Cross Roads	TX	Texas	
city	Cross Timber	TX	Texas	
city	Crowell	TX	Texas	
city	Crowley	TX	Texas	
city	Crystal City	TX	Texas	
city	Cuero	TX	Texas	
city	Cumby	TX	Texas	
city	Cuney	TX	Texas	
city	Cushing	TX	Texas	
city	Cut and Shoot	TX	Texas	
city	Daingerfield	TX	Texas	
city	Daisetta	TX	Texas	
city	Dalhart	TX	Texas	
city	Dallas	TX	Texas	
city	Dalworthington Gardens	TX	Texas	
city	Danbury	TX	Texas	
city	Darrouzett	TX	Texas	
city	Dawson	TX	Texas	
city	Dayton	TX	Texas	
city	Dayton Lakes	TX	Texas	
city	Dean	TX	Texas	
city	Decatur	TX	Texas	
city	DeCordova	TX	Texas	
city	Deer Park	TX	Texas	
city	De Kalb	TX	Texas	
city	De Leon	TX	Texas	
city	Dell City	TX	Texas	
city	Del Rio	TX	Texas	
city	Denison	TX	Texas	
city	Dennis	TX	Texas	
city	Denton	TX	Texas	
city	Denver City	TX	Texas	
city	Deport	TX	Texas	
city	DeSoto	TX	Texas	
city	Detroit	TX	Texas	
city	Devers	TX	Texas	
city	Devine	TX	Texas	
city	Diboll	TX	Texas	
city	Dickens	TX	Texas	
city	Dickinson	TX	Texas	
city	Dilley	TX	Texas	
city	Dimmitt	TX	Texas	
city	DISH	TX	Texas	
city	Dodd City	TX	Texas	
city	Dodson	TX	Texas	
city	Domino	TX	Texas	
city	Donna	TX	Texas	
city	Dorchester	TX	Texas	
city	Double Oak	TX	Texas	
city	Double Horn	TX	Texas	
city	Douglassville	TX	Texas	
city	Dripping Springs	TX	Texas	
city	Driscoll	TX	Texas	
city	Dublin	TX	Texas	
city	Dumas	TX	Texas	
city	Duncanville	TX	Texas	
city	Eagle Lake	TX	Texas	
city	Eagle Pass	TX	Texas	
city	Early	TX	Texas	
city	Earth	TX	Texas	
city	East Bernard	TX	Texas	
city	Eastland	TX	Texas	
city	East Mountain	TX	Texas	
city	Easton	TX	Texas	
city	East Tawakoni	TX	Texas	
city	Ector	TX	Texas	
city	Edcouch	TX	Texas	
city	Eden	TX	Texas	
city	Edgecliff Village	TX	Texas	
city	Edgewood	TX	Texas	
city	Edinburg	TX	Texas	
city	Edmonson	TX	Texas	
city	Edna	TX	Texas	
city	Edom	TX	Texas	
city	El Campo	TX	Texas	
city	El Cenizo	TX	Texas	
city	Eldorado	TX	Texas	
city	Electra	TX	Texas	
city	Elgin	TX	Texas	
city	Elkhart	TX	Texas	
city	El Lago	TX	Texas	
city	Ellinger	TX	Texas	
city	Elmendorf	TX	Texas	
city	El Paso	TX	Texas	
city	Elsa	TX	Texas	
city	Emhouse	TX	Texas	
city	Emory	TX	Texas	
city	Enchanted Oaks	TX	Texas	
city	Encinal	TX	Texas	
city	Ennis	TX	Texas	
city	Escobares	TX	Texas	
city	Estelline	TX	Texas	
city	Euless	TX	Texas	
city	Eureka	TX	Texas	
city	Eustace	TX	Texas	
city	Evant	TX	Texas	
city	Everman	TX	Texas	
city	Fairchilds	TX	Texas	
city	Fairfield	TX	Texas	
city	Fair Oaks Ranch	TX	Texas	
city	Fairview	TX	Texas	
city	Falfurrias	TX	Texas	
city	Falls City	TX	Texas	
city	Farmers Branch	TX	Texas	
city	Farmersville	TX	Texas	
city	Farwell	TX	Texas	
city	Fate	TX	Texas	
city	Fayetteville	TX	Texas	
city	Ferris	TX	Texas	
city	Flatonia	TX	Texas	
city	Florence	TX	Texas	
city	Floresville	TX	Texas	
city	Flower Mound	TX	Texas	
city	Floydada	TX	Texas	
city	Follett	TX	Texas	
city	Forest Hill	TX	Texas	
city	Forney	TX	Texas	
city	Forsan	TX	Texas	
city	Fort Stockton	TX	Texas	
city	Fort Worth	TX	Texas	
city	Franklin	TX	Texas	
city	Frankston	TX	Texas	
city	Fredericksburg	TX	Texas	
city	Freeport	TX	Texas	
city	Freer	TX	Texas	
city	Friendswood	TX	Texas	
city	Friona	TX	Texas	
city	Frisco	TX	Texas	
city	Fritch	TX	Texas	
city	Frost	TX	Texas	
city	Fruitvale	TX	Texas	
city	Fulshear	TX	Texas	
city	Fulton	TX	Texas	
city	Gainesville	TX	Texas	
city	Galena Park	TX	Texas	
city	Gallatin	TX	Texas	
city	Galveston	TX	Texas	
city	Ganado	TX	Texas	
city	Garden Ridge	TX	Texas	
city	Garland	TX	Texas	
city	Garrett	TX	Texas	
city	Garrison	TX	Texas	
city	Gary City	TX	Texas	
city	Gatesville	TX	Texas	
city	Georgetown	TX	Texas	
city	George West	TX	Texas	
city	Gholson	TX	Texas	
city	Giddings	TX	Texas	
city	Gilmer	TX	Texas	
city	Gladewater	TX	Texas	
city	Glenn Heights	TX	Texas	
city	Glen Rose	TX	Texas	
city	Godley	TX	Texas	
city	Goldsmith	TX	Texas	
city	Goldthwaite	TX	Texas	
city	Goliad	TX	Texas	
city	Golinda	TX	Texas	
city	Gonzales	TX	Texas	
city	Goodlow	TX	Texas	
city	Goodrich	TX	Texas	
city	Gordon	TX	Texas	
city	Goree	TX	Texas	
city	Gorman	TX	Texas	
city	Graford	TX	Texas	
city	Graham	TX	Texas	
city	Granbury	TX	Texas	
city	Grandfalls	TX	Texas	
city	Grand Prairie	TX	Texas	
city	Grand Saline	TX	Texas	
city	Grandview	TX	Texas	
city	Granger	TX	Texas	
city	Granite Shoals	TX	Texas	
city	Granjeno	TX	Texas	
city	Grapeland	TX	Texas	
city	Grapevine	TX	Texas	
city	Grays Prairie	TX	Texas	
city	Greenville	TX	Texas	
city	Gregory	TX	Texas	
city	Grey Forest	TX	Texas	
city	Groesbeck	TX	Texas	
city	Groom	TX	Texas	
city	Groves	TX	Texas	
city	Groveton	TX	Texas	
city	Gruver	TX	Texas	
city	Gun Barrel City	TX	Texas	
city	Gunter	TX	Texas	
city	Gustine	TX	Texas	
city	Hackberry	TX	Texas	
city	Hale Center	TX	Texas	
city	Hallettsville	TX	Texas	
city	Hallsburg	TX	Texas	
city	Hallsville	TX	Texas	
city	Haltom City	TX	Texas	
city	Hamilton	TX	Texas	
city	Hamlin	TX	Texas	
city	Happy	TX	Texas	
city	Hardin	TX	Texas	
city	Harker Heights	TX	Texas	
city	Harlingen	TX	Texas	
city	Hart	TX	Texas	
city	Haskell	TX	Texas	
city	Haslet	TX	Texas	
city	Hawk Cove	TX	Texas	
city	Hawkins	TX	Texas	
city	Hawley	TX	Texas	
city	Hays	TX	Texas	
city	Hearne	TX	Texas	
city	Heath	TX	Texas	
city	Hebron	TX	Texas	
city	Hedley	TX	Texas	
city	Hedwig Village	TX	Texas	
city	Helotes	TX	Texas	
city	Hemphill	TX	Texas	
city	Hempstead	TX	Texas	
city	Henderson	TX	Texas	
city	Henrietta	TX	Texas	
city	Hereford	TX	Texas	
city	Hewitt	TX	Texas	
city	Hickory Creek	TX	Texas	
city	Hico	TX	Texas	
city	Hidalgo	TX	Texas	
city	Hideaway	TX	Texas	
city	Higgins	TX	Texas	
city	Highland Haven	TX	Texas	
city	Highland Park	TX	Texas	
city	Highland Village	TX	Texas	
city	Hill Country Village	TX	Texas	
city	Hillcrest Village	TX	Texas	
city	Hillsboro	TX	Texas	
city	Hilshire Village	TX	Texas	
city	Hitchcock	TX	Texas	
city	Holiday Lakes	TX	Texas	
city	Holland	TX	Texas	
city	Holliday	TX	Texas	
city	Hollywood Park	TX	Texas	
city	Hondo	TX	Texas	
city	Honey Grove	TX	Texas	
city	Hooks	TX	Texas	
city	Horizon City	TX	Texas	
city	Horseshoe Bay	TX	Texas	
city	Houston	TX	Texas	
city	Howardwick	TX	Texas	
city	Howe	TX	Texas	
city	Hubbard	TX	Texas	
city	Hudson	TX	Texas	
city	Hudson Oaks	TX	Texas	
city	Hughes Springs	TX	Texas	
city	Humble	TX	Texas	
city	Hunters Creek Village	TX	Texas	
city	Huntington	TX	Texas	
city	Huntsville	TX	Texas	
city	Hurst	TX	Texas	
city	Hutchins	TX	Texas	
city	Hutto	TX	Texas	
city	Huxley	TX	Texas	
city	Idalou	TX	Texas	
city	Impact	TX	Texas	
city	Indian Lake	TX	Texas	
city	Industry	TX	Texas	
city	Ingleside	TX	Texas	
city	Ingleside on the Bay	TX	Texas	
city	Ingram	TX	Texas	
city	Iola	TX	Texas	
city	Iowa Colony	TX	Texas	
city	Iowa Park	TX	Texas	
city	Iraan	TX	Texas	
city	Iredell	TX	Texas	
city	Irving	TX	Texas	
city	Italy	TX	Texas	
city	Itasca	TX	Texas	
city	Ivanhoe	TX	Texas	
city	Jacinto City	TX	Texas	
city	Jacksboro	TX	Texas	
city	Jacksonville	TX	Texas	
city	Jamaica Beach	TX	Texas	
city	Jarrell	TX	Texas	
city	Jasper	TX	Texas	
city	Jayton	TX	Texas	
city	Jefferson	TX	Texas	
city	Jersey Village	TX	Texas	
city	Jewett	TX	Texas	
city	Joaquin	TX	Texas	
city	Johnson City	TX	Texas	
city	Jolly	TX	Texas	
city	Jones Creek	TX	Texas	
city	Jonestown	TX	Texas	
city	Josephine	TX	Texas	
city	Joshua	TX	Texas	
city	Jourdanton	TX	Texas	
city	Junction	TX	Texas	
city	Justin	TX	Texas	
city	Karnes City	TX	Texas	
city	Katy	TX	Texas	
city	Kaufman	TX	Texas	
city	Keene	TX	Texas	
city	Keller	TX	Texas	
city	Kemah	TX	Texas	
city	Kemp	TX	Texas	
city	Kempner	TX	Texas	
city	Kendleton	TX	Texas	
city	Kenedy	TX	Texas	
city	Kenefick	TX	Texas	
city	Kennard	TX	Texas	
city	Kennedale	TX	Texas	
city	Kerens	TX	Texas	
city	Kermit	TX	Texas	
city	Kerrville	TX	Texas	
city	Kilgore	TX	Texas	
city	Killeen	TX	Texas	
city	Kingsbury	TX	Texas	
city	Kingsville	TX	Texas	
city	Kirby	TX	Texas	
city	Kirbyville	TX	Texas	
city	Kirvin	TX	Texas	
city	Knollwood	TX	Texas	
city	Knox City	TX	Texas	
city	Kosse	TX	Texas	
city	Kountze	TX	Texas	
city	Kress	TX	Texas	
city	Krugerville	TX	Texas	
city	Krum	TX	Texas	
city	Kurten	TX	Texas	
city	Kyle	TX	Texas	
city	LaCoste	TX	Texas	
city	Lacy-Lakeview	TX	Texas	
city	Ladonia	TX	Texas	
city	La Feria	TX	Texas	
city	Lago Vista	TX	Texas	
city	La Grange	TX	Texas	
city	La Grulla	TX	Texas	
city	Laguna Vista	TX	Texas	
city	La Joya	TX	Texas	
city	Lake Bridgeport	TX	Texas	
city	Lake City	TX	Texas	
city	Lake Dallas	TX	Texas	
city	Lake Jackson	TX	Texas	
city	Lakeport	TX	Texas	
city	Lakeside	TX	Texas	
city	Lakeside City	TX	Texas	
city	Lake Tanglewood	TX	Texas	
city	Lakeview	TX	Texas	
city	Lakeway	TX	Texas	
city	Lakewood Village	TX	Texas	
city	Lake Worth	TX	Texas	
city	La Marque	TX	Texas	
city	Lamesa	TX	Texas	
city	Lampasas	TX	Texas	
city	Lancaster	TX	Texas	
city	La Porte	TX	Texas	
city	Laredo	TX	Texas	
city	Latexo	TX	Texas	
city	La Vernia	TX	Texas	
city	La Villa	TX	Texas	
city	Lavon	TX	Texas	
city	La Ward	TX	Texas	
city	Lawn	TX	Texas	
city	League City	TX	Texas	
city	Leakey	TX	Texas	
city	Leander	TX	Texas	
city	Leary	TX	Texas	
city	Lefors	TX	Texas	
city	Leona	TX	Texas	
city	Leonard	TX	Texas	
city	Leon Valley	TX	Texas	
city	Leroy	TX	Texas	
city	Levelland	TX	Texas	
city	Lewisville	TX	Texas	
city	Lexington	TX	Texas	
city	Liberty	TX	Texas	
city	Liberty Hill	TX	Texas	
city	Lindale	TX	Texas	
city	Linden	TX	Texas	
city	Lindsay	TX	Texas	
city	Lipan	TX	Texas	
city	Little Elm	TX	Texas	
city	Littlefield	TX	Texas	
city	Little River-Academy	TX	Texas	
city	Live Oak	TX	Texas	
city	Liverpool	TX	Texas	
city	Livingston	TX	Texas	
city	Llano	TX	Texas	
city	Lockhart	TX	Texas	
city	Lockney	TX	Texas	
city	Log Cabin	TX	Texas	
city	Lometa	TX	Texas	
city	Lone Oak	TX	Texas	
city	Lone Star	TX	Texas	
city	Longview	TX	Texas	
city	Loraine	TX	Texas	
city	Lorena	TX	Texas	
city	Lorenzo	TX	Texas	
city	Los Fresnos	TX	Texas	
city	Los Indios	TX	Texas	
city	Los Ybanez	TX	Texas	
city	Lott	TX	Texas	
city	Lovelady	TX	Texas	
city	Lowry Crossing	TX	Texas	
city	Lubbock	TX	Texas	
city	Lucas	TX	Texas	
city	Lueders	TX	Texas	
city	Lufkin	TX	Texas	
city	Luling	TX	Texas	
city	Lumberton	TX	Texas	
city	Lyford	TX	Texas	
city	Lytle	TX	Texas	
city	Mabank	TX	Texas	
city	McAllen	TX	Texas	
city	McCamey	TX	Texas	
city	McGregor	TX	Texas	
city	McKinney	TX	Texas	
city	McLean	TX	Texas	
city	McLendon-Chisholm	TX	Texas	
city	Madisonville	TX	Texas	
city	Magnolia	TX	Texas	
city	Malakoff	TX	Texas	
city	Malone	TX	Texas	
city	Manor	TX	Texas	
city	Mansfield	TX	Texas	
city	Manvel	TX	Texas	
city	Marble Falls	TX	Texas	
city	Marfa	TX	Texas	
city	Marietta	TX	Texas	
city	Marion	TX	Texas	
city	Marlin	TX	Texas	
city	Marquez	TX	Texas	
city	Marshall	TX	Texas	
city	Mart	TX	Texas	
city	Martindale	TX	Texas	
city	Mason	TX	Texas	
city	Matador	TX	Texas	
city	Mathis	TX	Texas	
city	Maud	TX	Texas	
city	Maypearl	TX	Texas	
city	Meadow	TX	Texas	
city	Meadowlakes	TX	Texas	
city	Meadows Place	TX	Texas	
city	Megargel	TX	Texas	
city	Melissa	TX	Texas	
city	Melvin	TX	Texas	
city	Memphis	TX	Texas	
city	Menard	TX	Texas	
city	Mercedes	TX	Texas	
city	Meridian	TX	Texas	
city	Merkel	TX	Texas	
city	Mertens	TX	Texas	
city	Mertzon	TX	Texas	
city	Mesquite	TX	Texas	
city	Mexia	TX	Texas	
city	Miami	TX	Texas	
city	Midland	TX	Texas	
city	Midlothian	TX	Texas	
city	Midway	TX	Texas	
city	Milano	TX	Texas	
city	Mildred	TX	Texas	
city	Miles	TX	Texas	
city	Milford	TX	Texas	
city	Miller's Cove	TX	Texas	
city	Millsap	TX	Texas	
city	Mineola	TX	Texas	
city	Mineral Wells	TX	Texas	
city	Mingus	TX	Texas	
city	Mission	TX	Texas	
city	Missouri City	TX	Texas	
city	Mobeetie	TX	Texas	
city	Mobile City	TX	Texas	
city	Monahans	TX	Texas	
city	Mont Belvieu	TX	Texas	
city	Montgomery	TX	Texas	
city	Moody	TX	Texas	
city	Moore Station	TX	Texas	
city	Moran	TX	Texas	
city	Morgan	TX	Texas	
city	Morgan's Point	TX	Texas	
city	Morgan's Point Resort	TX	Texas	
city	Morton	TX	Texas	
city	Moulton	TX	Texas	
city	Mountain City	TX	Texas	
city	Mount Calm	TX	Texas	
city	Mount Enterprise	TX	Texas	
city	Mount Pleasant	TX	Texas	
city	Mount Vernon	TX	Texas	
city	Muenster	TX	Texas	
city	Muleshoe	TX	Texas	
city	Mullin	TX	Texas	
city	Munday	TX	Texas	
city	Murchison	TX	Texas	
city	Murphy	TX	Texas	
city	Mustang Ridge	TX	Texas	
city	Nacogdoches	TX	Texas	
city	Naples	TX	Texas	
city	Nash	TX	Texas	
city	Nassau Bay	TX	Texas	
city	Natalia	TX	Texas	
city	Navarro	TX	Texas	
city	Navasota	TX	Texas	
city	Nazareth	TX	Texas	
city	Nederland	TX	Texas	
city	Needville	TX	Texas	
city	Nevada	TX	Texas	
city	Newark	TX	Texas	
city	New Berlin	TX	Texas	
city	New Boston	TX	Texas	
city	New Braunfels	TX	Texas	
city	Newcastle	TX	Texas	
city	New Chapel Hill	TX	Texas	
city	New Deal	TX	Texas	
city	New Fairview	TX	Texas	
city	New Home	TX	Texas	
city	New Hope	TX	Texas	
city	New London	TX	Texas	
city	New Summerfield	TX	Texas	
city	Newton	TX	Texas	
city	New Waverly	TX	Texas	
city	Neylandville	TX	Texas	
city	Niederwald	TX	Texas	
city	Nixon	TX	Texas	
city	Nocona	TX	Texas	
city	Nolanville	TX	Texas	
city	Nome	TX	Texas	
city	Noonday	TX	Texas	
city	Nordheim	TX	Texas	
city	Normangee	TX	Texas	
city	North Cleveland	TX	Texas	
city	Northlake	TX	Texas	
city	North Richland Hills	TX	Texas	
city	Novice	TX	Texas	
city	Oak Grove	TX	Texas	
city	Oak Leaf	TX	Texas	
city	Oak Point	TX	Texas	
city	Oak Ridge	TX	Texas	
city	Oak Ridge North	TX	Texas	
city	Oak Valley	TX	Texas	
city	Oakwood	TX	Texas	
city	O'Brien	TX	Texas	
city	Odem	TX	Texas	
city	Odessa	TX	Texas	
city	O'Donnell	TX	Texas	
city	Oglesby	TX	Texas	
city	Old River-Winfree	TX	Texas	
city	Olmos Park	TX	Texas	
city	Olney	TX	Texas	
city	Olton	TX	Texas	
city	Omaha	TX	Texas	
city	Onalaska	TX	Texas	
city	Opdyke West	TX	Texas	
city	Orange	TX	Texas	
city	Orange Grove	TX	Texas	
city	Orchard	TX	Texas	
city	Ore City	TX	Texas	
city	Overton	TX	Texas	
city	Ovilla	TX	Texas	
city	Oyster Creek	TX	Texas	
city	Paducah	TX	Texas	
city	Paint Rock	TX	Texas	
city	Palacios	TX	Texas	
city	Palestine	TX	Texas	
city	Palisades	TX	Texas	
city	Palmer	TX	Texas	
city	Palmhurst	TX	Texas	
city	Palm Valley	TX	Texas	
city	Palmview	TX	Texas	
city	Pampa	TX	Texas	
city	Panhandle	TX	Texas	
city	Panorama Village	TX	Texas	
city	Pantego	TX	Texas	
city	Paradise	TX	Texas	
city	Paris	TX	Texas	
city	Parker	TX	Texas	
city	Pasadena	TX	Texas	
city	Pattison	TX	Texas	
city	Patton Village	TX	Texas	
city	Payne Springs	TX	Texas	
city	Pearland	TX	Texas	
city	Pearsall	TX	Texas	
city	Peaster	TX	Texas	
city	Pecan Gap	TX	Texas	
city	Pecan Hill	TX	Texas	
city	Pelican Bay	TX	Texas	
city	Penelope	TX	Texas	
city	Penitas	TX	Texas	
city	Perryton	TX	Texas	
city	Petersburg	TX	Texas	
city	Petrolia	TX	Texas	
city	Petronila	TX	Texas	
city	Pflugerville	TX	Texas	
city	Pharr	TX	Texas	
city	Pilot Point	TX	Texas	
city	Pine Forest	TX	Texas	
city	Pinehurst	TX	Texas	
city	Pine Island	TX	Texas	
city	Pineland	TX	Texas	
city	Piney Point Village	TX	Texas	
city	Pittsburg	TX	Texas	
city	Plains	TX	Texas	
city	Plainview	TX	Texas	
city	Plano	TX	Texas	
city	Plantersville	TX	Texas	
city	Pleak	TX	Texas	
city	Pleasanton	TX	Texas	
city	Pleasant Valley	TX	Texas	
city	Plum Grove	TX	Texas	
city	Poetry	TX	Texas	
city	Point	TX	Texas	
city	Point Blank	TX	Texas	
city	Point Comfort	TX	Texas	
city	Point Venture	TX	Texas	
city	Ponder	TX	Texas	
city	Port Aransas	TX	Texas	
city	Port Arthur	TX	Texas	
city	Port Isabel	TX	Texas	
city	Portland	TX	Texas	
city	Port Lavaca	TX	Texas	
city	Port Neches	TX	Texas	
city	Post	TX	Texas	
city	Post Oak Bend	TX	Texas	
city	Poteet	TX	Texas	
city	Poth	TX	Texas	
city	Pottsboro	TX	Texas	
city	Powell	TX	Texas	
city	Poynor	TX	Texas	
city	Prairie View	TX	Texas	
city	Premont	TX	Texas	
city	Presidio	TX	Texas	
city	Primera	TX	Texas	
city	Princeton	TX	Texas	
city	Progreso	TX	Texas	
city	Progreso Lakes	TX	Texas	
city	Prosper	TX	Texas	
city	Providence Village	TX	Texas	
city	Putnam	TX	Texas	
city	Pyote	TX	Texas	
city	Quanah	TX	Texas	
city	Queen City	TX	Texas	
city	Quinlan	TX	Texas	
city	Quintana	TX	Texas	
city	Quitaque	TX	Texas	
city	Quitman	TX	Texas	
city	Ralls	TX	Texas	
city	Rancho Viejo	TX	Texas	
city	Ranger	TX	Texas	
city	Rankin	TX	Texas	
city	Ransom Canyon	TX	Texas	
city	Ravenna	TX	Texas	
city	Raymondville	TX	Texas	
city	Red Lick	TX	Texas	
city	Red Oak	TX	Texas	
city	Redwater	TX	Texas	
city	Refugio	TX	Texas	
city	Reklaw	TX	Texas	
city	Reno	TX	Texas	
city	Retreat	TX	Texas	
city	Rhome	TX	Texas	
city	Rice	TX	Texas	
city	Richardson	TX	Texas	
city	Richland	TX	Texas	
city	Richland Hills	TX	Texas	
city	Richland Springs	TX	Texas	
city	Richmond	TX	Texas	
city	Richwood	TX	Texas	
city	Riesel	TX	Texas	
city	Rio Bravo	TX	Texas	
city	Rio Grande City	TX	Texas	
city	Rio Hondo	TX	Texas	
city	Rio Vista	TX	Texas	
city	Rising Star	TX	Texas	
city	River Oaks	TX	Texas	
city	Riverside	TX	Texas	
city	Road Runner	TX	Texas	
city	Roanoke	TX	Texas	
city	Roaring Springs	TX	Texas	
city	Robert Lee	TX	Texas	
city	Robinson	TX	Texas	
city	Robstown	TX	Texas	
city	Roby	TX	Texas	
city	Rochester	TX	Texas	
city	Rockdale	TX	Texas	
city	Rockport	TX	Texas	
city	Rocksprings	TX	Texas	
city	Rockwall	TX	Texas	
city	Rocky Mound	TX	Texas	
city	Rogers	TX	Texas	
city	Rollingwood	TX	Texas	
city	Roma	TX	Texas	
city	Roman Forest	TX	Texas	
city	Ropesville	TX	Texas	
city	Roscoe	TX	Texas	
city	Rosebud	TX	Texas	
city	Rose City	TX	Texas	
city	Rose Hill Acres	TX	Texas	
city	Rosenberg	TX	Texas	
city	Ross	TX	Texas	
city	Rosser	TX	Texas	
city	Rotan	TX	Texas	
city	Round Mountain	TX	Texas	
city	Round Rock	TX	Texas	
city	Round Top	TX	Texas	
city	Rowlett	TX	Texas	
city	Roxton	TX	Texas	
city	Royse City	TX	Texas	
city	Rule	TX	Texas	
city	Runaway Bay	TX	Texas	
city	Runge	TX	Texas	
city	Rusk	TX	Texas	
city	Sabinal	TX	Texas	
city	Sachse	TX	Texas	
city	Sadler	TX	Texas	
city	Saginaw	TX	Texas	
city	St. Hedwig	TX	Texas	
city	St. Jo	TX	Texas	
city	St. Paul	TX	Texas	
city	Salado	TX	Texas	
city	San Angelo	TX	Texas	
city	San Antonio	TX	Texas	
city	San Augustine	TX	Texas	
city	San Benito	TX	Texas	
city	Sanctuary	TX	Texas	
city	San Diego	TX	Texas	
city	Sandy Oaks	TX	Texas	
city	Sandy Point	TX	Texas	
city	San Elizario	TX	Texas	
city	San Felipe	TX	Texas	
city	Sanford	TX	Texas	
city	Sanger	TX	Texas	
city	San Juan	TX	Texas	
city	San Leanna	TX	Texas	
city	San Marcos	TX	Texas	
city	San Patricio	TX	Texas	
city	San Perlita	TX	Texas	
city	San Saba	TX	Texas	
city	Sansom Park	TX	Texas	
city	Santa Anna	TX	Texas	
city	Santa Clara	TX	Texas	
city	Santa Fe	TX	Texas	
city	Santa Rosa	TX	Texas	
city	Savoy	TX	Texas	
city	Schertz	TX	Texas	
city	Schulenburg	TX	Texas	
city	Scotland	TX	Texas	
city	Scottsville	TX	Texas	
city	Scurry	TX	Texas	
city	Seabrook	TX	Texas	
city	Seadrift	TX	Texas	
city	Seagoville	TX	Texas	
city	Seagraves	TX	Texas	
city	Sealy	TX	Texas	
city	Seguin	TX	Texas	
city	Selma	TX	Texas	
city	Seminole	TX	Texas	
city	Seven Oaks	TX	Texas	
city	Seven Points	TX	Texas	
city	Seymour	TX	Texas	
city	Shady Shores	TX	Texas	
city	Shallowater	TX	Texas	
city	Shamrock	TX	Texas	
city	Shavano Park	TX	Texas	
city	Shenandoah	TX	Texas	
city	Shepherd	TX	Texas	
city	Sherman	TX	Texas	
city	Shiner	TX	Texas	
city	Shoreacres	TX	Texas	
city	Silsbee	TX	Texas	
city	Silverton	TX	Texas	
city	Simonton	TX	Texas	
city	Sinton	TX	Texas	
city	Skellytown	TX	Texas	
city	Slaton	TX	Texas	
city	Smiley	TX	Texas	
city	Smithville	TX	Texas	
city	Smyer	TX	Texas	
city	Snook	TX	Texas	
city	Snyder	TX	Texas	
city	Socorro	TX	Texas	
city	Somerset	TX	Texas	
city	Somerville	TX	Texas	
city	Sonora	TX	Texas	
city	Sour Lake	TX	Texas	
city	South Frydek	TX	Texas	
city	South Houston	TX	Texas	
city	Southlake	TX	Texas	
city	Southmayd	TX	Texas	
city	South Mountain	TX	Texas	
city	South Padre Island	TX	Texas	
city	Southside Place	TX	Texas	
city	Spearman	TX	Texas	
city	Splendora	TX	Texas	
city	Spofford	TX	Texas	
city	Spring Branch	TX	Texas	
city	Springlake	TX	Texas	
city	Springtown	TX	Texas	
city	Spring Valley Village	TX	Texas	
city	Spur	TX	Texas	
city	Stafford	TX	Texas	
city	Stagecoach	TX	Texas	
city	Stamford	TX	Texas	
city	Stanton	TX	Texas	
city	Staples	TX	Texas	
city	Star Harbor	TX	Texas	
city	Stephenville	TX	Texas	
city	Sterling City	TX	Texas	
city	Stinnett	TX	Texas	
city	Stockdale	TX	Texas	
city	Stockton Bend	TX	Texas	
city	Stratford	TX	Texas	
city	Strawn	TX	Texas	
city	Streetman	TX	Texas	
city	Sudan	TX	Texas	
city	Sugar Land	TX	Texas	
city	Sullivan City	TX	Texas	
city	Sulphur Springs	TX	Texas	
city	Sundown	TX	Texas	
city	Sunnyvale	TX	Texas	
city	Sunray	TX	Texas	
city	Sunrise Beach Village	TX	Texas	
city	Sunset Valley	TX	Texas	
city	Sun Valley	TX	Texas	
city	Surfside Beach	TX	Texas	
city	Sweeny	TX	Texas	
city	Sweetwater	TX	Texas	
city	Taft	TX	Texas	
city	Tahoka	TX	Texas	
city	Talco	TX	Texas	
city	Talty	TX	Texas	
city	Tatum	TX	Texas	
city	Taylor	TX	Texas	
city	Taylor Lake Village	TX	Texas	
city	Taylor Landing	TX	Texas	
city	Teague	TX	Texas	
city	Tehuacana	TX	Texas	
city	Temple	TX	Texas	
city	Tenaha	TX	Texas	
city	Terrell	TX	Texas	
city	Terrell Hills	TX	Texas	
city	Texarkana	TX	Texas	
city	Texas City	TX	Texas	
city	Texhoma	TX	Texas	
city	Texline	TX	Texas	
city	The Colony	TX	Texas	
city	The Hills	TX	Texas	
city	Thompsons	TX	Texas	
city	Thorndale	TX	Texas	
city	Thornton	TX	Texas	
city	Thorntonville	TX	Texas	
city	Thrall	TX	Texas	
city	Three Rivers	TX	Texas	
city	Throckmorton	TX	Texas	
city	Tiki Island	TX	Texas	
city	Timbercreek Canyon	TX	Texas	
city	Timpson	TX	Texas	
city	Tioga	TX	Texas	
city	Tira	TX	Texas	
city	Toco	TX	Texas	
city	Todd Mission	TX	Texas	
city	Tolar	TX	Texas	
city	Tomball	TX	Texas	
city	Tom Bean	TX	Texas	
city	Tool	TX	Texas	
city	Town of Pecos	TX	Texas	
city	Toyah	TX	Texas	
city	Trent	TX	Texas	
city	Trenton	TX	Texas	
city	Trinidad	TX	Texas	
city	Trinity	TX	Texas	
city	Trophy Club	TX	Texas	
city	Troup	TX	Texas	
city	Troy	TX	Texas	
city	Tulia	TX	Texas	
city	Turkey	TX	Texas	
city	Tuscola	TX	Texas	
city	Tye	TX	Texas	
city	Tyler	TX	Texas	
city	Uhland	TX	Texas	
city	Uncertain	TX	Texas	
city	Union Grove	TX	Texas	
city	Union Valley	TX	Texas	
city	Universal City	TX	Texas	
city	University Park	TX	Texas	
city	Uvalde	TX	Texas	
city	Valentine	TX	Texas	
city	Valley Mills	TX	Texas	
city	Valley View	TX	Texas	
city	Van	TX	Texas	
city	Van Alstyne	TX	Texas	
city	Van Horn	TX	Texas	
city	Vega	TX	Texas	
city	Venus	TX	Texas	
city	Vernon	TX	Texas	
city	Victoria	TX	Texas	
city	Vidor	TX	Texas	
city	Vinton	TX	Texas	
city	Volente	TX	Texas	
city	Von Ormy	TX	Texas	
city	Waco	TX	Texas	
city	Waelder	TX	Texas	
city	Wake Village	TX	Texas	
city	Waller	TX	Texas	
city	Wallis	TX	Texas	
city	Walnut Springs	TX	Texas	
city	Warren City	TX	Texas	
city	Waskom	TX	Texas	
city	Watauga	TX	Texas	
city	Waxahachie	TX	Texas	
city	Weatherford	TX	Texas	
city	Webberville	TX	Texas	
city	Webster	TX	Texas	
city	Weimar	TX	Texas	
city	Weinert	TX	Texas	
city	Weir	TX	Texas	
city	Wellington	TX	Texas	
city	Wellman	TX	Texas	
city	Wells	TX	Texas	
city	Weslaco	TX	Texas	
city	West	TX	Texas	
city	Westbrook	TX	Texas	
city	West Columbia	TX	Texas	
city	Westlake	TX	Texas	
city	West Lake Hills	TX	Texas	
city	Weston	TX	Texas	
city	Weston Lakes	TX	Texas	
city	West Orange	TX	Texas	
city	Westover Hills	TX	Texas	
city	West Tawakoni	TX	Texas	
city	West University Place	TX	Texas	
city	Westworth Village	TX	Texas	
city	Wharton	TX	Texas	
city	Wheeler	TX	Texas	
city	White Deer	TX	Texas	
city	Whiteface	TX	Texas	
city	Whitehouse	TX	Texas	
city	White Oak	TX	Texas	
city	Whitesboro	TX	Texas	
city	White Settlement	TX	Texas	
city	Whitewright	TX	Texas	
city	Whitney	TX	Texas	
city	Wichita Falls	TX	Texas	
city	Wickett	TX	Texas	
city	Willis	TX	Texas	
city	Willow Park	TX	Texas	
city	Wills Point	TX	Texas	
city	Wilmer	TX	Texas	
city	Wilson	TX	Texas	
city	Wimberley	TX	Texas	
city	Windcrest	TX	Texas	
city	Windom	TX	Texas	
city	Windthorst	TX	Texas	
city	Winfield	TX	Texas	
city	Wink	TX	Texas	
city	Winnsboro	TX	Texas	
city	Winona	TX	Texas	
city	Winters	TX	Texas	
city	Wixon Valley	TX	Texas	
city	Wolfe City	TX	Texas	
city	Wolfforth	TX	Texas	
city	Woodbranch	TX	Texas	
city	Woodcreek	TX	Texas	
city	Woodloch	TX	Texas	
city	Woodsboro	TX	Texas	
city	Woodson	TX	Texas	
city	Woodville	TX	Texas	
city	Woodway	TX	Texas	
city	Wortham	TX	Texas	
city	Wylie	TX	Texas	
city	Yantis	TX	Texas	
city	Yoakum	TX	Texas	
city	Yorktown	TX	Texas	
city	Zavalla	TX	Texas	
city	Alpine	UT	Utah	
city	Alta	UT	Utah	
city	Altamont	UT	Utah	
city	Alton	UT	Utah	
city	Amalga	UT	Utah	
city	American Fork	UT	Utah	
city	Annabella	UT	Utah	
city	Antimony	UT	Utah	
city	Apple Valley	UT	Utah	
city	Aurora	UT	Utah	
city	Ballard	UT	Utah	
city	Bear River City	UT	Utah	
city	Beaver	UT	Utah	
city	Bicknell	UT	Utah	
city	Big Water	UT	Utah	
city	Blanding	UT	Utah	
city	Bluff	UT	Utah	
city	Bluffdale	UT	Utah	
city	Boulder	UT	Utah	
city	Bountiful	UT	Utah	
city	Brian Head	UT	Utah	
city	Brigham City	UT	Utah	
city	Brighton	UT	Utah	
city	Bryce Canyon City	UT	Utah	
city	Cannonville	UT	Utah	
city	Castle Dale	UT	Utah	
city	Castle Valley	UT	Utah	
city	Cedar City	UT	Utah	
city	Cedar Fort	UT	Utah	
city	Cedar Hills	UT	Utah	
city	Centerfield	UT	Utah	
city	Centerville	UT	Utah	
city	Central Valley	UT	Utah	
city	Charleston	UT	Utah	
city	Circleville	UT	Utah	
city	Clarkston	UT	Utah	
city	Clawson	UT	Utah	
city	Clearfield	UT	Utah	
city	Cleveland	UT	Utah	
city	Clinton	UT	Utah	
city	Coalville	UT	Utah	
city	Copperton metro township	UT	Utah	
city	Corinne	UT	Utah	
city	Cornish	UT	Utah	
city	Cottonwood Heights	UT	Utah	
city	Daniel	UT	Utah	
city	Delta	UT	Utah	
city	Deweyville	UT	Utah	
city	Draper	UT	Utah	
city	Duchesne	UT	Utah	
city	Dutch John	UT	Utah	
city	Eagle Mountain	UT	Utah	
city	East Carbon	UT	Utah	
city	Elk Ridge	UT	Utah	
city	Elmo	UT	Utah	
city	Elsinore	UT	Utah	
city	Elwood	UT	Utah	
city	Emery	UT	Utah	
city	Emigration Canyon metro township	UT	Utah	
city	Enoch	UT	Utah	
city	Enterprise	UT	Utah	
city	Ephraim	UT	Utah	
city	Erda	UT	Utah	
city	Escalante	UT	Utah	
city	Eureka	UT	Utah	
city	Fairfield	UT	Utah	
city	Fairview	UT	Utah	
city	Farmington	UT	Utah	
city	Farr West	UT	Utah	
city	Fayette	UT	Utah	
city	Ferron	UT	Utah	
city	Fielding	UT	Utah	
city	Fillmore	UT	Utah	
city	Fountain Green	UT	Utah	
city	Francis	UT	Utah	
city	Fruit Heights	UT	Utah	
city	Garden City	UT	Utah	
city	Garland	UT	Utah	
city	Genola	UT	Utah	
city	Glendale	UT	Utah	
city	Glenwood	UT	Utah	
city	Goshen	UT	Utah	
city	Grantsville	UT	Utah	
city	Green River	UT	Utah	
city	Gunnison	UT	Utah	
city	Hanksville	UT	Utah	
city	Harrisville	UT	Utah	
city	Hatch	UT	Utah	
city	Heber	UT	Utah	
city	Helper	UT	Utah	
city	Henefer	UT	Utah	
city	Henrieville	UT	Utah	
city	Herriman	UT	Utah	
city	Hideout	UT	Utah	
city	Highland	UT	Utah	
city	Hildale	UT	Utah	
city	Hinckley	UT	Utah	
city	Holden	UT	Utah	
city	Holladay	UT	Utah	
city	Honeyville	UT	Utah	
city	Hooper	UT	Utah	
city	Howell	UT	Utah	
city	Huntington	UT	Utah	
city	Huntsville	UT	Utah	
city	Hurricane	UT	Utah	
city	Hyde Park	UT	Utah	
city	Hyrum	UT	Utah	
city	Independence	UT	Utah	
city	Interlaken	UT	Utah	
city	Ivins	UT	Utah	
city	Joseph	UT	Utah	
city	Junction	UT	Utah	
city	Kamas	UT	Utah	
city	Kanab	UT	Utah	
city	Kanarraville	UT	Utah	
city	Kanosh	UT	Utah	
city	Kaysville	UT	Utah	
city	Kearns metro township	UT	Utah	
city	Kingston	UT	Utah	
city	Koosharem	UT	Utah	
city	Lake Point	UT	Utah	
city	Laketown	UT	Utah	
city	La Verkin	UT	Utah	
city	Layton	UT	Utah	
city	Leamington	UT	Utah	
city	Leeds	UT	Utah	
city	Lehi	UT	Utah	
city	Levan	UT	Utah	
city	Lewiston	UT	Utah	
city	Lindon	UT	Utah	
city	Loa	UT	Utah	
city	Logan	UT	Utah	
city	Lyman	UT	Utah	
city	Lynndyl	UT	Utah	
city	Magna metro township	UT	Utah	
city	Manila	UT	Utah	
city	Manti	UT	Utah	
city	Mantua	UT	Utah	
city	Mapleton	UT	Utah	
city	Marriott-Slaterville	UT	Utah	
city	Marysvale	UT	Utah	
city	Mayfield	UT	Utah	
city	Meadow	UT	Utah	
city	Mendon	UT	Utah	
city	Midvale	UT	Utah	
city	Midway	UT	Utah	
city	Milford	UT	Utah	
city	Millcreek	UT	Utah	
city	Millville	UT	Utah	
city	Minersville	UT	Utah	
city	Moab	UT	Utah	
city	Mona	UT	Utah	
city	Monroe	UT	Utah	
city	Monticello	UT	Utah	
city	Morgan	UT	Utah	
city	Moroni	UT	Utah	
city	Mount Pleasant	UT	Utah	
city	Murray	UT	Utah	
city	Myton	UT	Utah	
city	Naples	UT	Utah	
city	Nephi	UT	Utah	
city	New Harmony	UT	Utah	
city	Newton	UT	Utah	
city	Nibley	UT	Utah	
city	North Logan	UT	Utah	
city	North Ogden	UT	Utah	
city	North Salt Lake	UT	Utah	
city	Oak City	UT	Utah	
city	Oakley	UT	Utah	
city	Ogden	UT	Utah	
city	Orangeville	UT	Utah	
city	Orderville	UT	Utah	
city	Orem	UT	Utah	
city	Panguitch	UT	Utah	
city	Paradise	UT	Utah	
city	Paragonah	UT	Utah	
city	Park City	UT	Utah	
city	Parowan	UT	Utah	
city	Payson	UT	Utah	
city	Perry	UT	Utah	
city	Plain City	UT	Utah	
city	Pleasant Grove	UT	Utah	
city	Pleasant View	UT	Utah	
city	Plymouth	UT	Utah	
city	Portage	UT	Utah	
city	Price	UT	Utah	
city	Providence	UT	Utah	
city	Provo	UT	Utah	
city	Randolph	UT	Utah	
city	Redmond	UT	Utah	
city	Richfield	UT	Utah	
city	Richmond	UT	Utah	
city	Riverdale	UT	Utah	
city	River Heights	UT	Utah	
city	Riverton	UT	Utah	
city	Rockville	UT	Utah	
city	Rocky Ridge	UT	Utah	
city	Roosevelt	UT	Utah	
city	Roy	UT	Utah	
city	Rush Valley	UT	Utah	
city	St. George	UT	Utah	
city	Salem	UT	Utah	
city	Salina	UT	Utah	
city	Salt Lake City	UT	Utah	
city	Sandy	UT	Utah	
city	Santa Clara	UT	Utah	
city	Santaquin	UT	Utah	
city	Saratoga Springs	UT	Utah	
city	Scipio	UT	Utah	
city	Scofield	UT	Utah	
city	Sigurd	UT	Utah	
city	Smithfield	UT	Utah	
city	Snowville	UT	Utah	
city	South Jordan	UT	Utah	
city	South Ogden	UT	Utah	
city	South Salt Lake	UT	Utah	
city	South Weber	UT	Utah	
city	Spanish Fork	UT	Utah	
city	Spring City	UT	Utah	
city	Springdale	UT	Utah	
city	Springville	UT	Utah	
city	Sterling	UT	Utah	
city	Stockton	UT	Utah	
city	Sunset	UT	Utah	
city	Syracuse	UT	Utah	
city	Tabiona	UT	Utah	
city	Taylorsville	UT	Utah	
city	Tooele	UT	Utah	
city	Toquerville	UT	Utah	
city	Torrey	UT	Utah	
city	Tremonton	UT	Utah	
city	Trenton	UT	Utah	
city	Tropic	UT	Utah	
city	Uintah	UT	Utah	
city	Vernal	UT	Utah	
city	Vernon	UT	Utah	
city	Vineyard	UT	Utah	
city	Virgin	UT	Utah	
city	Wales	UT	Utah	
city	Wallsburg	UT	Utah	
city	Washington	UT	Utah	
city	Washington Terrace	UT	Utah	
city	Wellington	UT	Utah	
city	Wellsville	UT	Utah	
city	Wendover	UT	Utah	
city	West Bountiful	UT	Utah	
city	West Haven	UT	Utah	
city	West Jordan	UT	Utah	
city	West Point	UT	Utah	
city	West Valley City	UT	Utah	
city	White City metro township	UT	Utah	
city	Willard	UT	Utah	
city	Woodland Hills	UT	Utah	
city	Woodruff	UT	Utah	
city	Woods Cross	UT	Utah	
city	Albany	VT	Vermont	
city	Alburgh	VT	Vermont	
city	Barre	VT	Vermont	
city	Barton	VT	Vermont	
city	Bellows Falls	VT	Vermont	
city	Burlington	VT	Vermont	
city	Cambridge	VT	Vermont	
city	Derby Center	VT	Vermont	
city	Derby Line	VT	Vermont	
city	Enosburg Falls	VT	Vermont	
city	Essex Junction	VT	Vermont	
city	Hyde Park	VT	Vermont	
city	Jacksonville	VT	Vermont	
city	Jeffersonville	VT	Vermont	
city	Johnson	VT	Vermont	
city	Ludlow	VT	Vermont	
city	Lyndonville	VT	Vermont	
city	Manchester	VT	Vermont	
city	Marshfield	VT	Vermont	
city	Montpelier	VT	Vermont	
city	Morrisville	VT	Vermont	
city	Newbury	VT	Vermont	
city	Newfane	VT	Vermont	
city	Newport	VT	Vermont	
city	North Bennington	VT	Vermont	
city	North Troy	VT	Vermont	
city	Old Bennington	VT	Vermont	
city	Orleans	VT	Vermont	
city	Poultney	VT	Vermont	
city	Rutland	VT	Vermont	
city	St. Albans	VT	Vermont	
city	Saxtons River	VT	Vermont	
city	South Burlington	VT	Vermont	
city	Swanton	VT	Vermont	
city	Vergennes	VT	Vermont	
city	Wells River	VT	Vermont	
city	West Burke	VT	Vermont	
city	Westminster	VT	Vermont	
city	Winooski	VT	Vermont	
city	Woodstock	VT	Vermont	
city	Abingdon	VA	Virginia	
city	Accomac	VA	Virginia	
city	Alberta	VA	Virginia	
city	Alexandria	VA	Virginia	
city	Altavista	VA	Virginia	
city	Amherst	VA	Virginia	
city	Appalachia	VA	Virginia	
city	Appomattox	VA	Virginia	
city	Ashland	VA	Virginia	
city	Bedford	VA	Virginia	
city	Belle Haven	VA	Virginia	
city	Berryville	VA	Virginia	
city	Big Stone Gap	VA	Virginia	
city	Blacksburg	VA	Virginia	
city	Blackstone	VA	Virginia	
city	Bloxom	VA	Virginia	
city	Bluefield	VA	Virginia	
city	Boones Mill	VA	Virginia	
city	Bowling Green	VA	Virginia	
city	Boyce	VA	Virginia	
city	Boydton	VA	Virginia	
city	Boykins	VA	Virginia	
city	Branchville	VA	Virginia	
city	Bridgewater	VA	Virginia	
city	Bristol	VA	Virginia	
city	Broadway	VA	Virginia	
city	Brodnax	VA	Virginia	
city	Brookneal	VA	Virginia	
city	Buchanan	VA	Virginia	
city	Buena Vista	VA	Virginia	
city	Burkeville	VA	Virginia	
city	Cape Charles	VA	Virginia	
city	Capron	VA	Virginia	
city	Cedar Bluff	VA	Virginia	
city	Charlotte Court House	VA	Virginia	
city	Charlottesville	VA	Virginia	
city	Chase City	VA	Virginia	
city	Chatham	VA	Virginia	
city	Cheriton	VA	Virginia	
city	Chesapeake	VA	Virginia	
city	Chilhowie	VA	Virginia	
city	Chincoteague	VA	Virginia	
city	Christiansburg	VA	Virginia	
city	Claremont	VA	Virginia	
city	Clarksville	VA	Virginia	
city	Cleveland	VA	Virginia	
city	Clifton	VA	Virginia	
city	Clifton Forge	VA	Virginia	
city	Clinchco	VA	Virginia	
city	Clinchport	VA	Virginia	
city	Clintwood	VA	Virginia	
city	Coeburn	VA	Virginia	
city	Colonial Beach	VA	Virginia	
city	Colonial Heights	VA	Virginia	
city	Courtland	VA	Virginia	
city	Covington	VA	Virginia	
city	Craigsville	VA	Virginia	
city	Crewe	VA	Virginia	
city	Culpeper	VA	Virginia	
city	Damascus	VA	Virginia	
city	Danville	VA	Virginia	
city	Dayton	VA	Virginia	
city	Dendron	VA	Virginia	
city	Dillwyn	VA	Virginia	
city	Drakes Branch	VA	Virginia	
city	Dublin	VA	Virginia	
city	Duffield	VA	Virginia	
city	Dumfries	VA	Virginia	
city	Dungannon	VA	Virginia	
city	Eastville	VA	Virginia	
city	Edinburg	VA	Virginia	
city	Elkton	VA	Virginia	
city	Emporia	VA	Virginia	
city	Exmore	VA	Virginia	
city	Fairfax	VA	Virginia	
city	Falls Church	VA	Virginia	
city	Farmville	VA	Virginia	
city	Fincastle	VA	Virginia	
city	Floyd	VA	Virginia	
city	Franklin	VA	Virginia	
city	Fredericksburg	VA	Virginia	
city	Fries	VA	Virginia	
city	Front Royal	VA	Virginia	
city	Galax	VA	Virginia	
city	Gate City	VA	Virginia	
city	Glade Spring	VA	Virginia	
city	Glasgow	VA	Virginia	
city	Glen Lyn	VA	Virginia	
city	Gordonsville	VA	Virginia	
city	Goshen	VA	Virginia	
city	Gretna	VA	Virginia	
city	Grottoes	VA	Virginia	
city	Grundy	VA	Virginia	
city	Halifax	VA	Virginia	
city	Hallwood	VA	Virginia	
city	Hamilton	VA	Virginia	
city	Hampton	VA	Virginia	
city	Harrisonburg	VA	Virginia	
city	Haymarket	VA	Virginia	
city	Haysi	VA	Virginia	
city	Herndon	VA	Virginia	
city	Hillsboro	VA	Virginia	
city	Hillsville	VA	Virginia	
city	Honaker	VA	Virginia	
city	Hopewell	VA	Virginia	
city	Hurt	VA	Virginia	
city	Independence	VA	Virginia	
city	Iron Gate	VA	Virginia	
city	Irvington	VA	Virginia	
city	Ivor	VA	Virginia	
city	Jarratt	VA	Virginia	
city	Jonesville	VA	Virginia	
city	Keller	VA	Virginia	
city	Kenbridge	VA	Virginia	
city	Keysville	VA	Virginia	
city	Kilmarnock	VA	Virginia	
city	La Crosse	VA	Virginia	
city	Lawrenceville	VA	Virginia	
city	Lebanon	VA	Virginia	
city	Leesburg	VA	Virginia	
city	Lexington	VA	Virginia	
city	Louisa	VA	Virginia	
city	Lovettsville	VA	Virginia	
city	Luray	VA	Virginia	
city	Lynchburg	VA	Virginia	
city	McKenney	VA	Virginia	
city	Madison	VA	Virginia	
city	Manassas	VA	Virginia	
city	Manassas Park	VA	Virginia	
city	Marion	VA	Virginia	
city	Martinsville	VA	Virginia	
city	Melfa	VA	Virginia	
city	Middleburg	VA	Virginia	
city	Middletown	VA	Virginia	
city	Mineral	VA	Virginia	
city	Monterey	VA	Virginia	
city	Montross	VA	Virginia	
city	Mount Crawford	VA	Virginia	
city	Mount Jackson	VA	Virginia	
city	Narrows	VA	Virginia	
city	Nassawadox	VA	Virginia	
city	New Castle	VA	Virginia	
city	New Market	VA	Virginia	
city	Newport News	VA	Virginia	
city	Newsoms	VA	Virginia	
city	Nickelsville	VA	Virginia	
city	Norfolk	VA	Virginia	
city	Norton	VA	Virginia	
city	Occoquan	VA	Virginia	
city	Onancock	VA	Virginia	
city	Onley	VA	Virginia	
city	Orange	VA	Virginia	
city	Painter	VA	Virginia	
city	Pamplin City	VA	Virginia	
city	Parksley	VA	Virginia	
city	Pearisburg	VA	Virginia	
city	Pembroke	VA	Virginia	
city	Pennington Gap	VA	Virginia	
city	Petersburg	VA	Virginia	
city	Phenix	VA	Virginia	
city	Pocahontas	VA	Virginia	
city	Poquoson	VA	Virginia	
city	Port Royal	VA	Virginia	
city	Portsmouth	VA	Virginia	
city	Pound	VA	Virginia	
city	Pulaski	VA	Virginia	
city	Purcellville	VA	Virginia	
city	Quantico	VA	Virginia	
city	Radford	VA	Virginia	
city	Remington	VA	Virginia	
city	Rich Creek	VA	Virginia	
city	Richlands	VA	Virginia	
city	Richmond	VA	Virginia	
city	Ridgeway	VA	Virginia	
city	Roanoke	VA	Virginia	
city	Rocky Mount	VA	Virginia	
city	Round Hill	VA	Virginia	
city	Rural Retreat	VA	Virginia	
city	St. Paul	VA	Virginia	
city	Salem	VA	Virginia	
city	Saltville	VA	Virginia	
city	Saxis	VA	Virginia	
city	Scottsburg	VA	Virginia	
city	Scottsville	VA	Virginia	
city	Shenandoah	VA	Virginia	
city	Smithfield	VA	Virginia	
city	South Boston	VA	Virginia	
city	South Hill	VA	Virginia	
city	Stanardsville	VA	Virginia	
city	Stanley	VA	Virginia	
city	Staunton	VA	Virginia	
city	Stephens City	VA	Virginia	
city	Stony Creek	VA	Virginia	
city	Strasburg	VA	Virginia	
city	Stuart	VA	Virginia	
city	Suffolk	VA	Virginia	
city	Surry	VA	Virginia	
city	Tangier	VA	Virginia	
city	Tappahannock	VA	Virginia	
city	Tazewell	VA	Virginia	
city	The Plains	VA	Virginia	
city	Timberville	VA	Virginia	
city	Toms Brook	VA	Virginia	
city	Troutdale	VA	Virginia	
city	Troutville	VA	Virginia	
city	Urbanna	VA	Virginia	
city	Victoria	VA	Virginia	
city	Vienna	VA	Virginia	
city	Vinton	VA	Virginia	
city	Virgilina	VA	Virginia	
city	Virginia Beach	VA	Virginia	
city	Wachapreague	VA	Virginia	
city	Wakefield	VA	Virginia	
city	Warrenton	VA	Virginia	
city	Warsaw	VA	Virginia	
city	Washington	VA	Virginia	
city	Waverly	VA	Virginia	
city	Waynesboro	VA	Virginia	
city	Weber City	VA	Virginia	
city	West Point	VA	Virginia	
city	White Stone	VA	Virginia	
city	Williamsburg	VA	Virginia	
city	Winchester	VA	Virginia	
city	Windsor	VA	Virginia	
city	Wise	VA	Virginia	
city	Woodstock	VA	Virginia	
city	Wytheville	VA	Virginia	
city	Aberdeen	WA	Washington	
city	Airway Heights	WA	Washington	
city	Albion	WA	Washington	
city	Algona	WA	Washington	
city	Almira	WA	Washington	
city	Anacortes	WA	Washington	
city	Arlington	WA	Washington	
city	Asotin	WA	Washington	
city	Auburn	WA	Washington	
city	Bainbridge Island	WA	Washington	
city	Battle Ground	WA	Washington	
city	Beaux Arts Village	WA	Washington	
city	Bellevue	WA	Washington	
city	Bellingham	WA	Washington	
city	Benton City	WA	Washington	
city	Bingen	WA	Washington	
city	Black Diamond	WA	Washington	
city	Blaine	WA	Washington	
city	Bonney Lake	WA	Washington	
city	Bothell	WA	Washington	
city	Bremerton	WA	Washington	
city	Brewster	WA	Washington	
city	Bridgeport	WA	Washington	
city	Brier	WA	Washington	
city	Buckley	WA	Washington	
city	Bucoda	WA	Washington	
city	Burien	WA	Washington	
city	Burlington	WA	Washington	
city	Camas	WA	Washington	
city	Carbonado	WA	Washington	
city	Carnation	WA	Washington	
city	Cashmere	WA	Washington	
city	Castle Rock	WA	Washington	
city	Cathlamet	WA	Washington	
city	Centralia	WA	Washington	
city	Chehalis	WA	Washington	
city	Chelan	WA	Washington	
city	Cheney	WA	Washington	
city	Chewelah	WA	Washington	
city	Clarkston	WA	Washington	
city	Cle Elum	WA	Washington	
city	Clyde Hill	WA	Washington	
city	Colfax	WA	Washington	
city	College Place	WA	Washington	
city	Colton	WA	Washington	
city	Colville	WA	Washington	
city	Conconully	WA	Washington	
city	Concrete	WA	Washington	
city	Connell	WA	Washington	
city	Cosmopolis	WA	Washington	
city	Coulee City	WA	Washington	
city	Coulee Dam	WA	Washington	
city	Coupeville	WA	Washington	
city	Covington	WA	Washington	
city	Creston	WA	Washington	
city	Cusick	WA	Washington	
city	Darrington	WA	Washington	
city	Davenport	WA	Washington	
city	Dayton	WA	Washington	
city	Deer Park	WA	Washington	
city	Des Moines	WA	Washington	
city	DuPont	WA	Washington	
city	Duvall	WA	Washington	
city	East Wenatchee	WA	Washington	
city	Eatonville	WA	Washington	
city	Edgewood	WA	Washington	
city	Edmonds	WA	Washington	
city	Electric City	WA	Washington	
city	Ellensburg	WA	Washington	
city	Elma	WA	Washington	
city	Elmer City	WA	Washington	
city	Endicott	WA	Washington	
city	Entiat	WA	Washington	
city	Enumclaw	WA	Washington	
city	Ephrata	WA	Washington	
city	Everett	WA	Washington	
city	Everson	WA	Washington	
city	Fairfield	WA	Washington	
city	Farmington	WA	Washington	
city	Federal Way	WA	Washington	
city	Ferndale	WA	Washington	
city	Fife	WA	Washington	
city	Fircrest	WA	Washington	
city	Forks	WA	Washington	
city	Friday Harbor	WA	Washington	
city	Garfield	WA	Washington	
city	George	WA	Washington	
city	Gig Harbor	WA	Washington	
city	Gold Bar	WA	Washington	
city	Goldendale	WA	Washington	
city	Grand Coulee	WA	Washington	
city	Grandview	WA	Washington	
city	Granger	WA	Washington	
city	Granite Falls	WA	Washington	
city	Hamilton	WA	Washington	
city	Harrah	WA	Washington	
city	Harrington	WA	Washington	
city	Hartline	WA	Washington	
city	Hatton	WA	Washington	
city	Hoquiam	WA	Washington	
city	Hunts Point	WA	Washington	
city	Ilwaco	WA	Washington	
city	Index	WA	Washington	
city	Ione	WA	Washington	
city	Issaquah	WA	Washington	
city	Kahlotus	WA	Washington	
city	Kalama	WA	Washington	
city	Kelso	WA	Washington	
city	Kenmore	WA	Washington	
city	Kennewick	WA	Washington	
city	Kent	WA	Washington	
city	Kettle Falls	WA	Washington	
city	Kirkland	WA	Washington	
city	Kittitas	WA	Washington	
city	Krupp	WA	Washington	
city	La Center	WA	Washington	
city	Lacey	WA	Washington	
city	La Conner	WA	Washington	
city	LaCrosse	WA	Washington	
city	Lake Forest Park	WA	Washington	
city	Lake Stevens	WA	Washington	
city	Lakewood	WA	Washington	
city	Lamont	WA	Washington	
city	Langley	WA	Washington	
city	Latah	WA	Washington	
city	Leavenworth	WA	Washington	
city	Liberty Lake	WA	Washington	
city	Lind	WA	Washington	
city	Long Beach	WA	Washington	
city	Longview	WA	Washington	
city	Lyman	WA	Washington	
city	Lynden	WA	Washington	
city	Lynnwood	WA	Washington	
city	Mabton	WA	Washington	
city	McCleary	WA	Washington	
city	Malden	WA	Washington	
city	Mansfield	WA	Washington	
city	Maple Valley	WA	Washington	
city	Marcus	WA	Washington	
city	Marysville	WA	Washington	
city	Mattawa	WA	Washington	
city	Medical Lake	WA	Washington	
city	Medina	WA	Washington	
city	Mercer Island	WA	Washington	
city	Mesa	WA	Washington	
city	Metaline	WA	Washington	
city	Metaline Falls	WA	Washington	
city	Mill Creek	WA	Washington	
city	Millwood	WA	Washington	
city	Milton	WA	Washington	
city	Monroe	WA	Washington	
city	Montesano	WA	Washington	
city	Morton	WA	Washington	
city	Moses Lake	WA	Washington	
city	Mossyrock	WA	Washington	
city	Mountlake Terrace	WA	Washington	
city	Mount Vernon	WA	Washington	
city	Moxee	WA	Washington	
city	Mukilteo	WA	Washington	
city	Naches	WA	Washington	
city	Napavine	WA	Washington	
city	Nespelem	WA	Washington	
city	Newcastle	WA	Washington	
city	Newport	WA	Washington	
city	Nooksack	WA	Washington	
city	Normandy Park	WA	Washington	
city	North Bend	WA	Washington	
city	North Bonneville	WA	Washington	
city	Northport	WA	Washington	
city	Oakesdale	WA	Washington	
city	Oak Harbor	WA	Washington	
city	Oakville	WA	Washington	
city	Ocean Shores	WA	Washington	
city	Odessa	WA	Washington	
city	Okanogan	WA	Washington	
city	Olympia	WA	Washington	
city	Omak	WA	Washington	
city	Oroville	WA	Washington	
city	Orting	WA	Washington	
city	Othello	WA	Washington	
city	Pacific	WA	Washington	
city	Palouse	WA	Washington	
city	Pasco	WA	Washington	
city	Pateros	WA	Washington	
city	Pe Ell	WA	Washington	
city	Pomeroy	WA	Washington	
city	Port Angeles	WA	Washington	
city	Port Orchard	WA	Washington	
city	Port Townsend	WA	Washington	
city	Poulsbo	WA	Washington	
city	Prescott	WA	Washington	
city	Prosser	WA	Washington	
city	Pullman	WA	Washington	
city	Puyallup	WA	Washington	
city	Quincy	WA	Washington	
city	Rainier	WA	Washington	
city	Raymond	WA	Washington	
city	Reardan	WA	Washington	
city	Redmond	WA	Washington	
city	Renton	WA	Washington	
city	Republic	WA	Washington	
city	Richland	WA	Washington	
city	Ridgefield	WA	Washington	
city	Ritzville	WA	Washington	
city	Riverside	WA	Washington	
city	Rockford	WA	Washington	
city	Rock Island	WA	Washington	
city	Rosalia	WA	Washington	
city	Roslyn	WA	Washington	
city	Roy	WA	Washington	
city	Royal City	WA	Washington	
city	Ruston	WA	Washington	
city	St. John	WA	Washington	
city	Sammamish	WA	Washington	
city	SeaTac	WA	Washington	
city	Seattle	WA	Washington	
city	Sedro-Woolley	WA	Washington	
city	Selah	WA	Washington	
city	Sequim	WA	Washington	
city	Shelton	WA	Washington	
city	Shoreline	WA	Washington	
city	Skykomish	WA	Washington	
city	Snohomish	WA	Washington	
city	Snoqualmie	WA	Washington	
city	Soap Lake	WA	Washington	
city	South Bend	WA	Washington	
city	South Cle Elum	WA	Washington	
city	South Prairie	WA	Washington	
city	Spangle	WA	Washington	
city	Spokane	WA	Washington	
city	Spokane Valley	WA	Washington	
city	Sprague	WA	Washington	
city	Springdale	WA	Washington	
city	Stanwood	WA	Washington	
city	Starbuck	WA	Washington	
city	Steilacoom	WA	Washington	
city	Stevenson	WA	Washington	
city	Sultan	WA	Washington	
city	Sumas	WA	Washington	
city	Sumner	WA	Washington	
city	Sunnyside	WA	Washington	
city	Tacoma	WA	Washington	
city	Tekoa	WA	Washington	
city	Tenino	WA	Washington	
city	Tieton	WA	Washington	
city	Toledo	WA	Washington	
city	Tonasket	WA	Washington	
city	Toppenish	WA	Washington	
city	Tukwila	WA	Washington	
city	Tumwater	WA	Washington	
city	Twisp	WA	Washington	
city	Union Gap	WA	Washington	
city	Uniontown	WA	Washington	
city	University Place	WA	Washington	
city	Vader	WA	Washington	
city	Vancouver	WA	Washington	
city	Waitsburg	WA	Washington	
city	Walla Walla	WA	Washington	
city	Wapato	WA	Washington	
city	Warden	WA	Washington	
city	Washougal	WA	Washington	
city	Washtucna	WA	Washington	
city	Waterville	WA	Washington	
city	Waverly	WA	Washington	
city	Wenatchee	WA	Washington	
city	Westport	WA	Washington	
city	West Richland	WA	Washington	
city	White Salmon	WA	Washington	
city	Wilbur	WA	Washington	
city	Wilkeson	WA	Washington	
city	Wilson Creek	WA	Washington	
city	Winlock	WA	Washington	
city	Winthrop	WA	Washington	
city	Woodinville	WA	Washington	
city	Woodland	WA	Washington	
city	Woodway	WA	Washington	
city	Yacolt	WA	Washington	
city	Yakima	WA	Washington	
city	Yarrow Point	WA	Washington	
city	Yelm	WA	Washington	
city	Zillah	WA	Washington	
city	Addison (Webster Springs)	WV	West Virginia	
city	Albright	WV	West Virginia	
city	Alderson	WV	West Virginia	
city	Anawalt	WV	West Virginia	
city	Anmoore	WV	West Virginia	
city	Ansted	WV	West Virginia	
city	Athens	WV	West Virginia	
city	Auburn	WV	West Virginia	
city	Bancroft	WV	West Virginia	
city	Barboursville	WV	West Virginia	
city	Barrackville	WV	West Virginia	
city	Bath (Berkeley Springs)	WV	West Virginia	
city	Bayard	WV	West Virginia	
city	Beckley	WV	West Virginia	
city	Beech Bottom	WV	West Virginia	
city	Belington	WV	West Virginia	
city	Belle	WV	West Virginia	
city	Belmont	WV	West Virginia	
city	Benwood	WV	West Virginia	
city	Bethany	WV	West Virginia	
city	Bethlehem	WV	West Virginia	
city	Beverly	WV	West Virginia	
city	Blacksville	WV	West Virginia	
city	Bluefield	WV	West Virginia	
city	Bolivar	WV	West Virginia	
city	Bradshaw	WV	West Virginia	
city	Bramwell	WV	West Virginia	
city	Brandonville	WV	West Virginia	
city	Bridgeport	WV	West Virginia	
city	Bruceton Mills	WV	West Virginia	
city	Buckhannon	WV	West Virginia	
city	Buffalo	WV	West Virginia	
city	Burnsville	WV	West Virginia	
city	Cairo	WV	West Virginia	
city	Camden-on-Gauley	WV	West Virginia	
city	Cameron	WV	West Virginia	
city	Capon Bridge	WV	West Virginia	
city	Carpendale	WV	West Virginia	
city	Cedar Grove	WV	West Virginia	
city	Ceredo	WV	West Virginia	
city	Chapmanville	WV	West Virginia	
city	Charleston	WV	West Virginia	
city	Charles Town	WV	West Virginia	
city	Chesapeake	WV	West Virginia	
city	Chester	WV	West Virginia	
city	Clarksburg	WV	West Virginia	
city	Clay	WV	West Virginia	
city	Clearview	WV	West Virginia	
city	Clendenin	WV	West Virginia	
city	Cowen	WV	West Virginia	
city	Danville	WV	West Virginia	
city	Davis	WV	West Virginia	
city	Davy	WV	West Virginia	
city	Delbarton	WV	West Virginia	
city	Dunbar	WV	West Virginia	
city	Durbin	WV	West Virginia	
city	East Bank	WV	West Virginia	
city	Eleanor	WV	West Virginia	
city	Elizabeth	WV	West Virginia	
city	Elk Garden	WV	West Virginia	
city	Elkins	WV	West Virginia	
city	Ellenboro	WV	West Virginia	
city	Fairmont	WV	West Virginia	
city	Fairview	WV	West Virginia	
city	Falling Spring	WV	West Virginia	
city	Farmington	WV	West Virginia	
city	Fayetteville	WV	West Virginia	
city	Flatwoods	WV	West Virginia	
city	Flemington	WV	West Virginia	
city	Follansbee	WV	West Virginia	
city	Fort Gay	WV	West Virginia	
city	Franklin	WV	West Virginia	
city	Friendly	WV	West Virginia	
city	Gary	WV	West Virginia	
city	Gassaway	WV	West Virginia	
city	Gauley Bridge	WV	West Virginia	
city	Gilbert	WV	West Virginia	
city	Glasgow	WV	West Virginia	
city	Glen Dale	WV	West Virginia	
city	Glenville	WV	West Virginia	
city	Grafton	WV	West Virginia	
city	Grantsville	WV	West Virginia	
city	Grant Town	WV	West Virginia	
city	Granville	WV	West Virginia	
city	Hambleton	WV	West Virginia	
city	Hamlin	WV	West Virginia	
city	Handley	WV	West Virginia	
city	Harman	WV	West Virginia	
city	Harpers Ferry	WV	West Virginia	
city	Harrisville	WV	West Virginia	
city	Hartford City	WV	West Virginia	
city	Hedgesville	WV	West Virginia	
city	Henderson	WV	West Virginia	
city	Hendricks	WV	West Virginia	
city	Hillsboro	WV	West Virginia	
city	Hinton	WV	West Virginia	
city	Hundred	WV	West Virginia	
city	Huntington	WV	West Virginia	
city	Hurricane	WV	West Virginia	
city	Huttonsville	WV	West Virginia	
city	Iaeger	WV	West Virginia	
city	Jane Lew	WV	West Virginia	
city	Junior	WV	West Virginia	
city	Kenova	WV	West Virginia	
city	Kermit	WV	West Virginia	
city	Keyser	WV	West Virginia	
city	Keystone	WV	West Virginia	
city	Kimball	WV	West Virginia	
city	Kingwood	WV	West Virginia	
city	Leon	WV	West Virginia	
city	Lester	WV	West Virginia	
city	Lewisburg	WV	West Virginia	
city	Logan	WV	West Virginia	
city	Lost Creek	WV	West Virginia	
city	Lumberport	WV	West Virginia	
city	Mabscott	WV	West Virginia	
city	McMechen	WV	West Virginia	
city	Madison	WV	West Virginia	
city	Man	WV	West Virginia	
city	Mannington	WV	West Virginia	
city	Marlinton	WV	West Virginia	
city	Marmet	WV	West Virginia	
city	Martinsburg	WV	West Virginia	
city	Mason	WV	West Virginia	
city	Masontown	WV	West Virginia	
city	Matewan	WV	West Virginia	
city	Meadow Bridge	WV	West Virginia	
city	Middlebourne	WV	West Virginia	
city	Mill Creek	WV	West Virginia	
city	Milton	WV	West Virginia	
city	Mitchell Heights	WV	West Virginia	
city	Monongah	WV	West Virginia	
city	Montgomery	WV	West Virginia	
city	Montrose	WV	West Virginia	
city	Moorefield	WV	West Virginia	
city	Morgantown	WV	West Virginia	
city	Moundsville	WV	West Virginia	
city	Mount Hope	WV	West Virginia	
city	Mullens	WV	West Virginia	
city	Newburg	WV	West Virginia	
city	New Cumberland	WV	West Virginia	
city	New Haven	WV	West Virginia	
city	New Martinsville	WV	West Virginia	
city	Nitro	WV	West Virginia	
city	Northfork	WV	West Virginia	
city	North Hills	WV	West Virginia	
city	Nutter Fort	WV	West Virginia	
city	Oak Hill	WV	West Virginia	
city	Oakvale	WV	West Virginia	
city	Oceana	WV	West Virginia	
city	Paden City	WV	West Virginia	
city	Parkersburg	WV	West Virginia	
city	Parsons	WV	West Virginia	
city	Paw Paw	WV	West Virginia	
city	Pax	WV	West Virginia	
city	Pennsboro	WV	West Virginia	
city	Petersburg	WV	West Virginia	
city	Peterstown	WV	West Virginia	
city	Philippi	WV	West Virginia	
city	Piedmont	WV	West Virginia	
city	Pine Grove	WV	West Virginia	
city	Pineville	WV	West Virginia	
city	Pleasant Valley	WV	West Virginia	
city	Poca	WV	West Virginia	
city	Point Pleasant	WV	West Virginia	
city	Pratt	WV	West Virginia	
city	Princeton	WV	West Virginia	
city	Pullman	WV	West Virginia	
city	Quinwood	WV	West Virginia	
city	Rainelle	WV	West Virginia	
city	Ranson corporation	WV	West Virginia	
city	Ravenswood	WV	West Virginia	
city	Reedsville	WV	West Virginia	
city	Reedy	WV	West Virginia	
city	Rhodell	WV	West Virginia	
city	Richwood	WV	West Virginia	
city	Ridgeley	WV	West Virginia	
city	Ripley	WV	West Virginia	
city	Rivesville	WV	West Virginia	
city	Romney	WV	West Virginia	
city	Ronceverte	WV	West Virginia	
city	Rowlesburg	WV	West Virginia	
city	Rupert	WV	West Virginia	
city	St. Albans	WV	West Virginia	
city	St. Marys	WV	West Virginia	
city	Salem	WV	West Virginia	
city	Sand Fork	WV	West Virginia	
city	Shepherdstown	WV	West Virginia	
city	Shinnston	WV	West Virginia	
city	Sistersville	WV	West Virginia	
city	Smithers	WV	West Virginia	
city	Smithfield	WV	West Virginia	
city	Sophia	WV	West Virginia	
city	South Charleston	WV	West Virginia	
city	Spencer	WV	West Virginia	
city	Star City	WV	West Virginia	
city	Stonewood	WV	West Virginia	
city	Summersville	WV	West Virginia	
city	Sutton	WV	West Virginia	
city	Sylvester	WV	West Virginia	
city	Terra Alta	WV	West Virginia	
city	Thomas	WV	West Virginia	
city	Thurmond	WV	West Virginia	
city	Triadelphia	WV	West Virginia	
city	Tunnelton	WV	West Virginia	
city	Union	WV	West Virginia	
city	Valley Grove	WV	West Virginia	
city	Vienna	WV	West Virginia	
city	War	WV	West Virginia	
city	Wardensville	WV	West Virginia	
city	Wayne	WV	West Virginia	
city	Weirton	WV	West Virginia	
city	Welch	WV	West Virginia	
city	Wellsburg	WV	West Virginia	
city	West Hamlin	WV	West Virginia	
city	West Liberty	WV	West Virginia	
city	West Logan	WV	West Virginia	
city	West Milford	WV	West Virginia	
city	Weston	WV	West Virginia	
city	Westover	WV	West Virginia	
city	West Union	WV	West Virginia	
city	Wheeling	WV	West Virginia	
city	White Hall	WV	West Virginia	
city	White Sulphur Springs	WV	West Virginia	
city	Whitesville	WV	West Virginia	
city	Williamson	WV	West Virginia	
city	Williamstown	WV	West Virginia	
city	Windsor Heights	WV	West Virginia	
city	Winfield	WV	West Virginia	
city	Womelsdorf (Coalton)	WV	West Virginia	
city	Worthington	WV	West Virginia	
city	Abbotsford	WI	Wisconsin	
city	Adams	WI	Wisconsin	
city	Adell	WI	Wisconsin	
city	Albany	WI	Wisconsin	
city	Algoma	WI	Wisconsin	
city	Allouez	WI	Wisconsin	
city	Alma	WI	Wisconsin	
city	Alma Center	WI	Wisconsin	
city	Almena	WI	Wisconsin	
city	Almond	WI	Wisconsin	
city	Altoona	WI	Wisconsin	
city	Amery	WI	Wisconsin	
city	Amherst	WI	Wisconsin	
city	Amherst Junction	WI	Wisconsin	
city	Aniwa	WI	Wisconsin	
city	Antigo	WI	Wisconsin	
city	Appleton	WI	Wisconsin	
city	Arcadia	WI	Wisconsin	
city	Arena	WI	Wisconsin	
city	Argyle	WI	Wisconsin	
city	Arlington	WI	Wisconsin	
city	Arpin	WI	Wisconsin	
city	Ashland	WI	Wisconsin	
city	Ashwaubenon	WI	Wisconsin	
city	Athens	WI	Wisconsin	
city	Auburndale	WI	Wisconsin	
city	Augusta	WI	Wisconsin	
city	Avoca	WI	Wisconsin	
city	Bagley	WI	Wisconsin	
city	Baldwin	WI	Wisconsin	
city	Balsam Lake	WI	Wisconsin	
city	Bangor	WI	Wisconsin	
city	Baraboo	WI	Wisconsin	
city	Barneveld	WI	Wisconsin	
city	Barron	WI	Wisconsin	
city	Bay City	WI	Wisconsin	
city	Bayfield	WI	Wisconsin	
city	Bayside	WI	Wisconsin	
city	Bear Creek	WI	Wisconsin	
city	Beaver Dam	WI	Wisconsin	
city	Belgium	WI	Wisconsin	
city	Bell Center	WI	Wisconsin	
city	Belleville	WI	Wisconsin	
city	Bellevue	WI	Wisconsin	
city	Belmont	WI	Wisconsin	
city	Beloit	WI	Wisconsin	
city	Benton	WI	Wisconsin	
city	Berlin	WI	Wisconsin	
city	Big Bend	WI	Wisconsin	
city	Big Falls	WI	Wisconsin	
city	Birchwood	WI	Wisconsin	
city	Birnamwood	WI	Wisconsin	
city	Biron	WI	Wisconsin	
city	Black Creek	WI	Wisconsin	
city	Black Earth	WI	Wisconsin	
city	Black River Falls	WI	Wisconsin	
city	Blair	WI	Wisconsin	
city	Blanchardville	WI	Wisconsin	
city	Bloomer	WI	Wisconsin	
city	Bloomfield	WI	Wisconsin	
city	Bloomington	WI	Wisconsin	
city	Blue Mounds	WI	Wisconsin	
city	Blue River	WI	Wisconsin	
city	Boaz	WI	Wisconsin	
city	Bonduel	WI	Wisconsin	
city	Boscobel	WI	Wisconsin	
city	Bowler	WI	Wisconsin	
city	Boyceville	WI	Wisconsin	
city	Boyd	WI	Wisconsin	
city	Brandon	WI	Wisconsin	
city	Brillion	WI	Wisconsin	
city	Bristol	WI	Wisconsin	
city	Brodhead	WI	Wisconsin	
city	Brookfield	WI	Wisconsin	
city	Brooklyn	WI	Wisconsin	
city	Brown Deer	WI	Wisconsin	
city	Brownsville	WI	Wisconsin	
city	Browntown	WI	Wisconsin	
city	Bruce	WI	Wisconsin	
city	Buffalo City	WI	Wisconsin	
city	Burlington	WI	Wisconsin	
city	Butler	WI	Wisconsin	
city	Butternut	WI	Wisconsin	
city	Cadott	WI	Wisconsin	
city	Caledonia	WI	Wisconsin	
city	Cambria	WI	Wisconsin	
city	Cambridge	WI	Wisconsin	
city	Cameron	WI	Wisconsin	
city	Campbellsport	WI	Wisconsin	
city	Camp Douglas	WI	Wisconsin	
city	Cascade	WI	Wisconsin	
city	Casco	WI	Wisconsin	
city	Cashton	WI	Wisconsin	
city	Cassville	WI	Wisconsin	
city	Catawba	WI	Wisconsin	
city	Cazenovia	WI	Wisconsin	
city	Cecil	WI	Wisconsin	
city	Cedarburg	WI	Wisconsin	
city	Cedar Grove	WI	Wisconsin	
city	Centuria	WI	Wisconsin	
city	Chaseburg	WI	Wisconsin	
city	Chenequa	WI	Wisconsin	
city	Chetek	WI	Wisconsin	
city	Chilton	WI	Wisconsin	
city	Chippewa Falls	WI	Wisconsin	
city	Clayton	WI	Wisconsin	
city	Clear Lake	WI	Wisconsin	
city	Cleveland	WI	Wisconsin	
city	Clinton	WI	Wisconsin	
city	Clintonville	WI	Wisconsin	
city	Clyman	WI	Wisconsin	
city	Cobb	WI	Wisconsin	
city	Cochrane	WI	Wisconsin	
city	Colby	WI	Wisconsin	
city	Coleman	WI	Wisconsin	
city	Colfax	WI	Wisconsin	
city	Coloma	WI	Wisconsin	
city	Columbus	WI	Wisconsin	
city	Combined Locks	WI	Wisconsin	
city	Conrath	WI	Wisconsin	
city	Coon Valley	WI	Wisconsin	
city	Cornell	WI	Wisconsin	
city	Cottage Grove	WI	Wisconsin	
city	Couderay	WI	Wisconsin	
city	Crandon	WI	Wisconsin	
city	Crivitz	WI	Wisconsin	
city	Cross Plains	WI	Wisconsin	
city	Cuba City	WI	Wisconsin	
city	Cudahy	WI	Wisconsin	
city	Cumberland	WI	Wisconsin	
city	Curtiss	WI	Wisconsin	
city	Dallas	WI	Wisconsin	
city	Dane	WI	Wisconsin	
city	Darien	WI	Wisconsin	
city	Darlington	WI	Wisconsin	
city	Deerfield	WI	Wisconsin	
city	Deer Park	WI	Wisconsin	
city	DeForest	WI	Wisconsin	
city	Delafield	WI	Wisconsin	
city	Delavan	WI	Wisconsin	
city	Denmark	WI	Wisconsin	
city	De Pere	WI	Wisconsin	
city	De Soto	WI	Wisconsin	
city	Dickeyville	WI	Wisconsin	
city	Dodgeville	WI	Wisconsin	
city	Dorchester	WI	Wisconsin	
city	Dousman	WI	Wisconsin	
city	Downing	WI	Wisconsin	
city	Doylestown	WI	Wisconsin	
city	Dresser	WI	Wisconsin	
city	Durand	WI	Wisconsin	
city	Eagle	WI	Wisconsin	
city	Eagle River	WI	Wisconsin	
city	Eastman	WI	Wisconsin	
city	East Troy	WI	Wisconsin	
city	Eau Claire	WI	Wisconsin	
city	Eden	WI	Wisconsin	
city	Edgar	WI	Wisconsin	
city	Edgerton	WI	Wisconsin	
city	Egg Harbor	WI	Wisconsin	
city	Eland	WI	Wisconsin	
city	Elderon	WI	Wisconsin	
city	Eleva	WI	Wisconsin	
city	Elkhart Lake	WI	Wisconsin	
city	Elkhorn	WI	Wisconsin	
city	Elk Mound	WI	Wisconsin	
city	Ellsworth	WI	Wisconsin	
city	Elm Grove	WI	Wisconsin	
city	Elmwood	WI	Wisconsin	
city	Elmwood Park	WI	Wisconsin	
city	Elroy	WI	Wisconsin	
city	Embarrass	WI	Wisconsin	
city	Endeavor	WI	Wisconsin	
city	Ephraim	WI	Wisconsin	
city	Ettrick	WI	Wisconsin	
city	Evansville	WI	Wisconsin	
city	Exeland	WI	Wisconsin	
city	Fairchild	WI	Wisconsin	
city	Fairwater	WI	Wisconsin	
city	Fall Creek	WI	Wisconsin	
city	Fall River	WI	Wisconsin	
city	Fennimore	WI	Wisconsin	
city	Fenwood	WI	Wisconsin	
city	Ferryville	WI	Wisconsin	
city	Fitchburg	WI	Wisconsin	
city	Fond du Lac	WI	Wisconsin	
city	Fontana-on-Geneva Lake	WI	Wisconsin	
city	Footville	WI	Wisconsin	
city	Forestville	WI	Wisconsin	
city	Fort Atkinson	WI	Wisconsin	
city	Fountain City	WI	Wisconsin	
city	Fox Crossing	WI	Wisconsin	
city	Fox Lake	WI	Wisconsin	
city	Fox Point	WI	Wisconsin	
city	Francis Creek	WI	Wisconsin	
city	Franklin	WI	Wisconsin	
city	Frederic	WI	Wisconsin	
city	Fredonia	WI	Wisconsin	
city	Fremont	WI	Wisconsin	
city	Friendship	WI	Wisconsin	
city	Friesland	WI	Wisconsin	
city	Galesville	WI	Wisconsin	
city	Gays Mills	WI	Wisconsin	
city	Genoa	WI	Wisconsin	
city	Genoa City	WI	Wisconsin	
city	Germantown	WI	Wisconsin	
city	Gillett	WI	Wisconsin	
city	Gilman	WI	Wisconsin	
city	Glenbeulah	WI	Wisconsin	
city	Glendale	WI	Wisconsin	
city	Glen Flora	WI	Wisconsin	
city	Glenwood City	WI	Wisconsin	
city	Grafton	WI	Wisconsin	
city	Granton	WI	Wisconsin	
city	Grantsburg	WI	Wisconsin	
city	Gratiot	WI	Wisconsin	
city	Green Bay	WI	Wisconsin	
city	Greendale	WI	Wisconsin	
city	Greenfield	WI	Wisconsin	
city	Green Lake	WI	Wisconsin	
city	Greenville	WI	Wisconsin	
city	Greenwood	WI	Wisconsin	
city	Gresham	WI	Wisconsin	
city	Hales Corners	WI	Wisconsin	
city	Hammond	WI	Wisconsin	
city	Hancock	WI	Wisconsin	
city	Harrison	WI	Wisconsin	
city	Hartford	WI	Wisconsin	
city	Hartland	WI	Wisconsin	
city	Hatley	WI	Wisconsin	
city	Haugen	WI	Wisconsin	
city	Hawkins	WI	Wisconsin	
city	Hayward	WI	Wisconsin	
city	Hazel Green	WI	Wisconsin	
city	Hewitt	WI	Wisconsin	
city	Highland	WI	Wisconsin	
city	Hilbert	WI	Wisconsin	
city	Hillsboro	WI	Wisconsin	
city	Hixton	WI	Wisconsin	
city	Hobart	WI	Wisconsin	
city	Hollandale	WI	Wisconsin	
city	Holmen	WI	Wisconsin	
city	Horicon	WI	Wisconsin	
city	Hortonville	WI	Wisconsin	
city	Howard	WI	Wisconsin	
city	Howards Grove	WI	Wisconsin	
city	Hudson	WI	Wisconsin	
city	Hurley	WI	Wisconsin	
city	Hustisford	WI	Wisconsin	
city	Hustler	WI	Wisconsin	
city	Independence	WI	Wisconsin	
city	Ingram	WI	Wisconsin	
city	Iola	WI	Wisconsin	
city	Iron Ridge	WI	Wisconsin	
city	Ironton	WI	Wisconsin	
city	Jackson	WI	Wisconsin	
city	Janesville	WI	Wisconsin	
city	Jefferson	WI	Wisconsin	
city	Johnson Creek	WI	Wisconsin	
city	Junction City	WI	Wisconsin	
city	Juneau	WI	Wisconsin	
city	Kaukauna	WI	Wisconsin	
city	Kekoskee	WI	Wisconsin	
city	Kellnersville	WI	Wisconsin	
city	Kendall	WI	Wisconsin	
city	Kennan	WI	Wisconsin	
city	Kenosha	WI	Wisconsin	
city	Kewaskum	WI	Wisconsin	
city	Kewaunee	WI	Wisconsin	
city	Kiel	WI	Wisconsin	
city	Kimberly	WI	Wisconsin	
city	Kingston	WI	Wisconsin	
city	Knapp	WI	Wisconsin	
city	Kohler	WI	Wisconsin	
city	Kronenwetter	WI	Wisconsin	
city	Lac La Belle	WI	Wisconsin	
city	La Crosse	WI	Wisconsin	
city	Ladysmith	WI	Wisconsin	
city	La Farge	WI	Wisconsin	
city	Lake Delton	WI	Wisconsin	
city	Lake Geneva	WI	Wisconsin	
city	Lake Hallie	WI	Wisconsin	
city	Lake Mills	WI	Wisconsin	
city	Lake Nebagamon	WI	Wisconsin	
city	Lancaster	WI	Wisconsin	
city	Lannon	WI	Wisconsin	
city	La Valle	WI	Wisconsin	
city	Lena	WI	Wisconsin	
city	Lime Ridge	WI	Wisconsin	
city	Linden	WI	Wisconsin	
city	Little Chute	WI	Wisconsin	
city	Livingston	WI	Wisconsin	
city	Lodi	WI	Wisconsin	
city	Loganville	WI	Wisconsin	
city	Lohrville	WI	Wisconsin	
city	Lomira	WI	Wisconsin	
city	Lone Rock	WI	Wisconsin	
city	Lowell	WI	Wisconsin	
city	Loyal	WI	Wisconsin	
city	Lublin	WI	Wisconsin	
city	Luck	WI	Wisconsin	
city	Luxemburg	WI	Wisconsin	
city	Lyndon Station	WI	Wisconsin	
city	Lynxville	WI	Wisconsin	
city	McFarland	WI	Wisconsin	
city	Madison	WI	Wisconsin	
city	Maiden Rock	WI	Wisconsin	
city	Maine	WI	Wisconsin	
city	Manawa	WI	Wisconsin	
city	Manitowoc	WI	Wisconsin	
city	Maple Bluff	WI	Wisconsin	
city	Marathon City	WI	Wisconsin	
city	Maribel	WI	Wisconsin	
city	Marinette	WI	Wisconsin	
city	Marion	WI	Wisconsin	
city	Markesan	WI	Wisconsin	
city	Marquette	WI	Wisconsin	
city	Marshall	WI	Wisconsin	
city	Marshfield	WI	Wisconsin	
city	Mason	WI	Wisconsin	
city	Mattoon	WI	Wisconsin	
city	Mauston	WI	Wisconsin	
city	Mayville	WI	Wisconsin	
city	Mazomanie	WI	Wisconsin	
city	Medford	WI	Wisconsin	
city	Mellen	WI	Wisconsin	
city	Melrose	WI	Wisconsin	
city	Melvina	WI	Wisconsin	
city	Menasha	WI	Wisconsin	
city	Menomonee Falls	WI	Wisconsin	
city	Menomonie	WI	Wisconsin	
city	Mequon	WI	Wisconsin	
city	Merrill	WI	Wisconsin	
city	Merrillan	WI	Wisconsin	
city	Merrimac	WI	Wisconsin	
city	Merton	WI	Wisconsin	
city	Middleton	WI	Wisconsin	
city	Milladore	WI	Wisconsin	
city	Milltown	WI	Wisconsin	
city	Milton	WI	Wisconsin	
city	Milwaukee	WI	Wisconsin	
city	Mineral Point	WI	Wisconsin	
city	Minong	WI	Wisconsin	
city	Mishicot	WI	Wisconsin	
city	Mondovi	WI	Wisconsin	
city	Monona	WI	Wisconsin	
city	Monroe	WI	Wisconsin	
city	Montello	WI	Wisconsin	
city	Montfort	WI	Wisconsin	
city	Monticello	WI	Wisconsin	
city	Montreal	WI	Wisconsin	
city	Mosinee	WI	Wisconsin	
city	Mount Calvary	WI	Wisconsin	
city	Mount Hope	WI	Wisconsin	
city	Mount Horeb	WI	Wisconsin	
city	Mount Pleasant	WI	Wisconsin	
city	Mount Sterling	WI	Wisconsin	
city	Mukwonago	WI	Wisconsin	
city	Muscoda	WI	Wisconsin	
city	Muskego	WI	Wisconsin	
city	Nashotah	WI	Wisconsin	
city	Necedah	WI	Wisconsin	
city	Neenah	WI	Wisconsin	
city	Neillsville	WI	Wisconsin	
city	Nekoosa	WI	Wisconsin	
city	Nelson	WI	Wisconsin	
city	Nelsonville	WI	Wisconsin	
city	Neosho	WI	Wisconsin	
city	Neshkoro	WI	Wisconsin	
city	New Auburn	WI	Wisconsin	
city	New Berlin	WI	Wisconsin	
city	Newburg	WI	Wisconsin	
city	New Glarus	WI	Wisconsin	
city	New Holstein	WI	Wisconsin	
city	New Lisbon	WI	Wisconsin	
city	New London	WI	Wisconsin	
city	New Richmond	WI	Wisconsin	
city	Niagara	WI	Wisconsin	
city	Nichols	WI	Wisconsin	
city	North Bay	WI	Wisconsin	
city	North Fond du Lac	WI	Wisconsin	
city	North Freedom	WI	Wisconsin	
city	North Hudson	WI	Wisconsin	
city	North Prairie	WI	Wisconsin	
city	Norwalk	WI	Wisconsin	
city	Oak Creek	WI	Wisconsin	
city	Oakdale	WI	Wisconsin	
city	Oakfield	WI	Wisconsin	
city	Oconomowoc	WI	Wisconsin	
city	Oconomowoc Lake	WI	Wisconsin	
city	Oconto	WI	Wisconsin	
city	Oconto Falls	WI	Wisconsin	
city	Ogdensburg	WI	Wisconsin	
city	Oliver	WI	Wisconsin	
city	Omro	WI	Wisconsin	
city	Onalaska	WI	Wisconsin	
city	Ontario	WI	Wisconsin	
city	Oostburg	WI	Wisconsin	
city	Oregon	WI	Wisconsin	
city	Orfordville	WI	Wisconsin	
city	Osceola	WI	Wisconsin	
city	Oshkosh	WI	Wisconsin	
city	Osseo	WI	Wisconsin	
city	Owen	WI	Wisconsin	
city	Oxford	WI	Wisconsin	
city	Paddock Lake	WI	Wisconsin	
city	Palmyra	WI	Wisconsin	
city	Pardeeville	WI	Wisconsin	
city	Park Falls	WI	Wisconsin	
city	Park Ridge	WI	Wisconsin	
city	Patch Grove	WI	Wisconsin	
city	Pepin	WI	Wisconsin	
city	Peshtigo	WI	Wisconsin	
city	Pewaukee	WI	Wisconsin	
city	Phillips	WI	Wisconsin	
city	Pigeon Falls	WI	Wisconsin	
city	Pittsville	WI	Wisconsin	
city	Plain	WI	Wisconsin	
city	Plainfield	WI	Wisconsin	
city	Platteville	WI	Wisconsin	
city	Pleasant Prairie	WI	Wisconsin	
city	Plover	WI	Wisconsin	
city	Plum City	WI	Wisconsin	
city	Plymouth	WI	Wisconsin	
city	Poplar	WI	Wisconsin	
city	Portage	WI	Wisconsin	
city	Port Edwards	WI	Wisconsin	
city	Port Washington	WI	Wisconsin	
city	Potosi	WI	Wisconsin	
city	Potter	WI	Wisconsin	
city	Pound	WI	Wisconsin	
city	Poynette	WI	Wisconsin	
city	Prairie du Chien	WI	Wisconsin	
city	Prairie du Sac	WI	Wisconsin	
city	Prairie Farm	WI	Wisconsin	
city	Prentice	WI	Wisconsin	
city	Prescott	WI	Wisconsin	
city	Princeton	WI	Wisconsin	
city	Pulaski	WI	Wisconsin	
city	Racine	WI	Wisconsin	
city	Radisson	WI	Wisconsin	
city	Randolph	WI	Wisconsin	
city	Random Lake	WI	Wisconsin	
city	Raymond	WI	Wisconsin	
city	Readstown	WI	Wisconsin	
city	Redgranite	WI	Wisconsin	
city	Reedsburg	WI	Wisconsin	
city	Reedsville	WI	Wisconsin	
city	Reeseville	WI	Wisconsin	
city	Rewey	WI	Wisconsin	
city	Rhinelander	WI	Wisconsin	
city	Rib Lake	WI	Wisconsin	
city	Rice Lake	WI	Wisconsin	
city	Richfield	WI	Wisconsin	
city	Richland Center	WI	Wisconsin	
city	Ridgeland	WI	Wisconsin	
city	Ridgeway	WI	Wisconsin	
city	Rio	WI	Wisconsin	
city	Ripon	WI	Wisconsin	
city	River Falls	WI	Wisconsin	
city	River Hills	WI	Wisconsin	
city	Roberts	WI	Wisconsin	
city	Rochester	WI	Wisconsin	
city	Rockdale	WI	Wisconsin	
city	Rockland	WI	Wisconsin	
city	Rock Springs	WI	Wisconsin	
city	Rosendale	WI	Wisconsin	
city	Rosholt	WI	Wisconsin	
city	Rothschild	WI	Wisconsin	
city	Rudolph	WI	Wisconsin	
city	St. Cloud	WI	Wisconsin	
city	St. Croix Falls	WI	Wisconsin	
city	St. Francis	WI	Wisconsin	
city	St. Nazianz	WI	Wisconsin	
city	Salem Lakes	WI	Wisconsin	
city	Sauk City	WI	Wisconsin	
city	Saukville	WI	Wisconsin	
city	Scandinavia	WI	Wisconsin	
city	Schofield	WI	Wisconsin	
city	Seymour	WI	Wisconsin	
city	Sharon	WI	Wisconsin	
city	Shawano	WI	Wisconsin	
city	Sheboygan	WI	Wisconsin	
city	Sheboygan Falls	WI	Wisconsin	
city	Sheldon	WI	Wisconsin	
city	Shell Lake	WI	Wisconsin	
city	Sherwood	WI	Wisconsin	
city	Shiocton	WI	Wisconsin	
city	Shorewood	WI	Wisconsin	
city	Shorewood Hills	WI	Wisconsin	
city	Shullsburg	WI	Wisconsin	
city	Siren	WI	Wisconsin	
city	Sister Bay	WI	Wisconsin	
city	Slinger	WI	Wisconsin	
city	Soldiers Grove	WI	Wisconsin	
city	Solon Springs	WI	Wisconsin	
city	Somers	WI	Wisconsin	
city	Somerset	WI	Wisconsin	
city	South Milwaukee	WI	Wisconsin	
city	South Wayne	WI	Wisconsin	
city	Sparta	WI	Wisconsin	
city	Spencer	WI	Wisconsin	
city	Spooner	WI	Wisconsin	
city	Spring Green	WI	Wisconsin	
city	Spring Valley	WI	Wisconsin	
city	Stanley	WI	Wisconsin	
city	Star Prairie	WI	Wisconsin	
city	Stetsonville	WI	Wisconsin	
city	Steuben	WI	Wisconsin	
city	Stevens Point	WI	Wisconsin	
city	Stockbridge	WI	Wisconsin	
city	Stockholm	WI	Wisconsin	
city	Stoddard	WI	Wisconsin	
city	Stoughton	WI	Wisconsin	
city	Stratford	WI	Wisconsin	
city	Strum	WI	Wisconsin	
city	Sturgeon Bay	WI	Wisconsin	
city	Sturtevant	WI	Wisconsin	
city	Suamico	WI	Wisconsin	
city	Sullivan	WI	Wisconsin	
city	Summit	WI	Wisconsin	
city	Sun Prairie	WI	Wisconsin	
city	Superior	WI	Wisconsin	
city	Suring	WI	Wisconsin	
city	Sussex	WI	Wisconsin	
city	Taylor	WI	Wisconsin	
city	Tennyson	WI	Wisconsin	
city	Theresa	WI	Wisconsin	
city	Thiensville	WI	Wisconsin	
city	Thorp	WI	Wisconsin	
city	Tigerton	WI	Wisconsin	
city	Tomah	WI	Wisconsin	
city	Tomahawk	WI	Wisconsin	
city	Tony	WI	Wisconsin	
city	Trempealeau	WI	Wisconsin	
city	Turtle Lake	WI	Wisconsin	
city	Twin Lakes	WI	Wisconsin	
city	Two Rivers	WI	Wisconsin	
city	Union Center	WI	Wisconsin	
city	Union Grove	WI	Wisconsin	
city	Unity	WI	Wisconsin	
city	Valders	WI	Wisconsin	
city	Vernon	WI	Wisconsin	
city	Verona	WI	Wisconsin	
city	Vesper	WI	Wisconsin	
city	Viola	WI	Wisconsin	
city	Viroqua	WI	Wisconsin	
city	Waldo	WI	Wisconsin	
city	Wales	WI	Wisconsin	
city	Walworth	WI	Wisconsin	
city	Warrens	WI	Wisconsin	
city	Washburn	WI	Wisconsin	
city	Waterford	WI	Wisconsin	
city	Waterloo	WI	Wisconsin	
city	Watertown	WI	Wisconsin	
city	Waukesha	WI	Wisconsin	
city	Waunakee	WI	Wisconsin	
city	Waupaca	WI	Wisconsin	
city	Waupun	WI	Wisconsin	
city	Wausau	WI	Wisconsin	
city	Wausaukee	WI	Wisconsin	
city	Wautoma	WI	Wisconsin	
city	Wauwatosa	WI	Wisconsin	
city	Wauzeka	WI	Wisconsin	
city	Webster	WI	Wisconsin	
city	West Allis	WI	Wisconsin	
city	West Baraboo	WI	Wisconsin	
city	West Bend	WI	Wisconsin	
city	Westby	WI	Wisconsin	
city	Westfield	WI	Wisconsin	
city	West Milwaukee	WI	Wisconsin	
city	Weston	WI	Wisconsin	
city	West Salem	WI	Wisconsin	
city	Weyauwega	WI	Wisconsin	
city	Weyerhaeuser	WI	Wisconsin	
city	Wheeler	WI	Wisconsin	
city	Whitefish Bay	WI	Wisconsin	
city	Whitehall	WI	Wisconsin	
city	White Lake	WI	Wisconsin	
city	Whitelaw	WI	Wisconsin	
city	Whitewater	WI	Wisconsin	
city	Whiting	WI	Wisconsin	
city	Wild Rose	WI	Wisconsin	
city	Williams Bay	WI	Wisconsin	
city	Wilson	WI	Wisconsin	
city	Wilton	WI	Wisconsin	
city	Wind Point	WI	Wisconsin	
city	Windsor	WI	Wisconsin	
city	Winneconne	WI	Wisconsin	
city	Winter	WI	Wisconsin	
city	Wisconsin Dells	WI	Wisconsin	
city	Wisconsin Rapids	WI	Wisconsin	
city	Withee	WI	Wisconsin	
city	Wittenberg	WI	Wisconsin	
city	Wonewoc	WI	Wisconsin	
city	Woodman	WI	Wisconsin	
city	Woodville	WI	Wisconsin	
city	Wrightstown	WI	Wisconsin	
city	Wyeville	WI	Wisconsin	
city	Wyocena	WI	Wisconsin	
city	Yorkville	WI	Wisconsin	
city	Yuba	WI	Wisconsin	
city	Afton	WY	Wyoming	
city	Albin	WY	Wyoming	
city	Alpine	WY	Wyoming	
city	Baggs	WY	Wyoming	
city	Bairoil	WY	Wyoming	
city	Bar Nunn	WY	Wyoming	
city	Basin	WY	Wyoming	
city	Bear River	WY	Wyoming	
city	Big Piney	WY	Wyoming	
city	Buffalo	WY	Wyoming	
city	Burlington	WY	Wyoming	
city	Burns	WY	Wyoming	
city	Byron	WY	Wyoming	
city	Casper	WY	Wyoming	
city	Cheyenne	WY	Wyoming	
city	Chugwater	WY	Wyoming	
city	Clearmont	WY	Wyoming	
city	Cody	WY	Wyoming	
city	Cokeville	WY	Wyoming	
city	Cowley	WY	Wyoming	
city	Dayton	WY	Wyoming	
city	Deaver	WY	Wyoming	
city	Diamondville	WY	Wyoming	
city	Dixon	WY	Wyoming	
city	Douglas	WY	Wyoming	
city	Dubois	WY	Wyoming	
city	East Thermopolis	WY	Wyoming	
city	Edgerton	WY	Wyoming	
city	Elk Mountain	WY	Wyoming	
city	Encampment	WY	Wyoming	
city	Evanston	WY	Wyoming	
city	Evansville	WY	Wyoming	
city	Fort Laramie	WY	Wyoming	
city	Frannie	WY	Wyoming	
city	Gillette	WY	Wyoming	
city	Glendo	WY	Wyoming	
city	Glenrock	WY	Wyoming	
city	Granger	WY	Wyoming	
city	Green River	WY	Wyoming	
city	Greybull	WY	Wyoming	
city	Guernsey	WY	Wyoming	
city	Hanna	WY	Wyoming	
city	Hartville	WY	Wyoming	
city	Hudson	WY	Wyoming	
city	Hulett	WY	Wyoming	
city	Jackson	WY	Wyoming	
city	Kaycee	WY	Wyoming	
city	Kemmerer	WY	Wyoming	
city	Kirby	WY	Wyoming	
city	La Barge	WY	Wyoming	
city	LaGrange	WY	Wyoming	
city	Lander	WY	Wyoming	
city	Laramie	WY	Wyoming	
city	Lingle	WY	Wyoming	
city	Lost Springs	WY	Wyoming	
city	Lovell	WY	Wyoming	
city	Lusk	WY	Wyoming	
city	Lyman	WY	Wyoming	
city	Manderson	WY	Wyoming	
city	Manville	WY	Wyoming	
city	Marbleton	WY	Wyoming	
city	Medicine Bow	WY	Wyoming	
city	Meeteetse	WY	Wyoming	
city	Midwest	WY	Wyoming	
city	Mills	WY	Wyoming	
city	Moorcroft	WY	Wyoming	
city	Mountain View	WY	Wyoming	
city	Newcastle	WY	Wyoming	
city	Opal	WY	Wyoming	
city	Pavillion	WY	Wyoming	
city	Pine Bluffs	WY	Wyoming	
city	Pinedale	WY	Wyoming	
city	Pine Haven	WY	Wyoming	
city	Powell	WY	Wyoming	
city	Ranchester	WY	Wyoming	
city	Rawlins	WY	Wyoming	
city	Riverside	WY	Wyoming	
city	Riverton	WY	Wyoming	
city	Rock River	WY	Wyoming	
city	Rock Springs	WY	Wyoming	
city	Rolling Hills	WY	Wyoming	
city	Saratoga	WY	Wyoming	
city	Sheridan	WY	Wyoming	
city	Shoshoni	WY	Wyoming	
city	Sinclair	WY	Wyoming	
city	Star Valley Ranch	WY	Wyoming	
city	Sundance	WY	Wyoming	
city	Superior	WY	Wyoming	
city	Ten Sleep	WY	Wyoming	
city	Thayne	WY	Wyoming	
city	Thermopolis	WY	Wyoming	
city	Torrington	WY	Wyoming	
city	Upton	WY	Wyoming	
city	Van Tassell	WY	Wyoming	
city	Wamsutter	WY	Wyoming	
city	Wheatland	WY	Wyoming	
city	Worland	WY	Wyoming	
city	Wright	WY	Wyoming	
city	Yoder	WY	Wyoming	
